"InstanceName","Solver","SequentialRuntime","PredictedRuntime","Prediction_StandardError","ParallelRuntime","VBSRuntime","cores","ResultingTime"
"b21_C-mbd14-0205.wcnf","UWrMaxSat.1.0",1.33,952.169410997087,344.424415521568,1.33,0.95,1,"1.33"
"b21_C-mbd14-0205.wcnf","Open.WBO.ms.pre",15.43,892.822849136589,453.754598510765,15.43,0.95,1,"Inf"
"b21_C-mbd14-0205.wcnf","maxino2018",0.95,1023.8723593642,397.806682209851,0.95,0.95,1,"Inf"
"b21_C-mbd14-0205.wcnf","MaxHS",109.72,1072.171016079,360.239617136242,109.72,0.95,1,"Inf"
"b21_C-mbd14-0205.wcnf","Open.WBO.ms",20.48,962.134509460829,470.864075569151,20.48,0.95,1,"Inf"
"b21_C-mbd14-0205.wcnf","Open.WBO.g",2.27,1040.63171776189,455.726237573255,2.27,0.95,1,"Inf"
"b21_C-mbd14-0205.wcnf","QMaxSAT2018",159.16,915.364359400509,622.55054743238,159.16,0.95,1,"Inf"
