"InstanceName","Solver","SequentialRuntime","PredictedRuntime","Prediction_StandardError","ParallelRuntime","VBSRuntime","delta","delta_prime","alpha","method_number","orderBy"
"b14_C-mbd14-0225.wcnf","UWrMaxSat.1.0",24.54,883.75035109698,349.817297489041,24.86,24.5,0,0,0,5,"pred"
"b14_C-mbd14-0225.wcnf","Open.WBO.ms",46.29,893.257951573691,355.6400556081,47.26,24.5,0,0,0,5,"pred"
"b14_C-mbd14-0225.wcnf","Open.WBO.ms.pre",144.85,935.523436957168,371.09608526853,144.96,24.5,0,0,0,5,"pred"
"b14_C-mbd14-0225.wcnf","maxino2018",172.83,1091.85653590406,310.409574565209,184.14,24.5,0,0,0,5,"pred"
"b14_C-mbd14-0225.wcnf","Open.WBO.g",24.5,1097.49873917224,326.294380891317,24.7,24.5,0,0,0,5,"pred"
"b14_C-mbd14-0225.wcnf","QMaxSAT2018",2994.23,1181.44889995614,481.050041717791,3175.35,24.5,0,0,0,5,"pred"
