"InstanceName","Solver","SequentialRuntime","PredictedRuntime","Prediction_StandardError","ParallelRuntime","VBSRuntime","delta","delta_prime","alpha","method_number","orderBy"
"cnf8p7.wcnf","UWrMaxSat.1.0",1.64,473.508169710973,874.245307266848,1.97,1.64,0,0,0,5,"pred"
"cnf8p7.wcnf","MaxHS",93.48,481.107407085881,686.677005570262,85.11,1.64,0,0,0,5,"pred"
"cnf8p7.wcnf","Open.WBO.ms.pre",49.89,482.007377127272,902.449808358242,55.62,1.64,0,0,0,5,"pred"
"cnf8p7.wcnf","maxino2018",12.01,599.882327244951,1074.59788830547,13.52,1.64,0,0,0,5,"pred"
"cnf8p7.wcnf","Open.WBO.ms",56.47,905.902070362771,1217.75331587035,64.18,1.64,0,0,0,5,"pred"
"cnf8p7.wcnf","Open.WBO.g",9.32,920.263762192612,1252.93780383179,11.51,1.64,0,0,0,5,"pred"
"cnf8p7.wcnf","QMaxSAT2018",7.7,1044.60685564725,1331.56992829703,8.9,1.64,0,0,0,5,"pred"
