"InstanceName","Solver","SequentialRuntime","PredictedRuntime","Prediction_StandardError","ParallelRuntime","VBSRuntime","delta","delta_prime","alpha","method_number","orderBy"
"sat/E00N23.cnf","BeansAndEggs",2070.599,835.583347030651,1424.97241399409,2318.8,2070.599,0,0,0,5,"pred"
"sat/E00N23.cnf","CHBR_glucose",2516.124,869.03036743295,1443.80161175439,2984.03,2070.599,0,0,0,5,"pred"
"sat/E00N23.cnf","CHBR_glucose_tuned",2487.329,910.296135249042,1474.26659847782,2983.37,2070.599,0,0,0,5,"pred"
"sat/E00N23.cnf","abcdSAT_drup",2556.179,978.066764463601,1414.05427141636,2851.6,2070.599,0,0,0,5,"pred"
"sat/E00N23.cnf","MapleCMS",4036.615,1014.99106455939,1551.91880925801,4519.14,2070.599,0,0,0,5,"pred"
"sat/E00N23.cnf","tc_glucose",2461.843,1076.48759626437,1354.66731816338,2986.96,2070.599,0,0,0,5,"pred"
"sat/E00N23.cnf","Lingelingbbcmain",3202.491,1082.88461465517,1381.79505163187,3806.52,2070.599,0,0,0,5,"pred"
