"InstanceName","Solver","SequentialRuntime","PredictedRuntime","Prediction_StandardError","ParallelRuntime","VBSRuntime","delta","delta_prime","alpha","method_number","orderBy"
"sat/E02F22.cnf","BeansAndEggs",189.215,1330.44138543417,1359.87806275241,208.1,116.606,0,0,0,0,"pred"
"sat/E02F22.cnf","CHBR_glucose_tuned",291.912,1613.83452380952,1543.02530726436,345.59,116.606,0,0,0,0,"pred"
"sat/E02F22.cnf","abcdSAT_drup",465.816,1863.74401204482,1556.65203718589,514.68,116.606,0,0,0,0,"pred"
"sat/E02F22.cnf","gulch",471.786,1904.51478767507,1797.66075696029,525.75,116.606,0,0,0,0,"pred"
"sat/E02F22.cnf","CHBR_glucose",253.778,1927.16049747899,1749.9754996665,297.72,116.606,0,0,0,0,"pred"
"sat/E02F22.cnf","Lingelingbbcmain",664.381,2233.99342927171,1813.88858233554,722.94,116.606,0,0,0,0,"pred"
"sat/E02F22.cnf","tc_glucose",389.76,2280.00284985994,1481.87479583549,422.57,116.606,0,0,0,0,"pred"
