"InstanceName","Solver","SequentialRuntime","PredictedRuntime","Prediction_StandardError","ParallelRuntime","VBSRuntime","delta","delta_prime","alpha","method_number","orderBy"
"sat/modgen-n200-m90860q08c40-18972.cnf","gulch",1261.795,81.626904040404,440.633855221972,1364.07,312.345,0,0,0,0,"pred"
"sat/modgen-n200-m90860q08c40-18972.cnf","MapleCOMSPS_CHB_DRUP",766.09,108.926580555555,491.487188783319,778.81,312.345,0,0,0,0,"pred"
"sat/modgen-n200-m90860q08c40-18972.cnf","CHBR_glucose",898.755,152.221854166667,620.874368409728,894.071295324487,312.345,0,0,0,0,"pred"
"sat/modgen-n200-m90860q08c40-18972.cnf","MapleCOMSPS_DRUP",396.356,247.330904419192,957.113148071618,402.05,312.345,0,0,0,0,"pred"
"sat/modgen-n200-m90860q08c40-18972.cnf","CHBR_glucose_tuned",588.474,250.698298737374,960.46848381544,590.88,312.345,0,0,0,0,"pred"
"sat/modgen-n200-m90860q08c40-18972.cnf","MapleCOMSPS_LRB_DRUP",781.079,254.924297348485,864.097320654674,813.52,312.345,0,0,0,0,"pred"
"sat/modgen-n200-m90860q08c40-18972.cnf","MapleCMS",1605.736,298.717202525253,840.42576971127,1713.11,312.345,0,0,0,0,"pred"
