"InstanceName","Solver","SequentialRuntime","PredictedRuntime","Prediction_StandardError","ParallelRuntime","VBSRuntime","delta","delta_prime","alpha","method_number","orderBy"
"sat/snw_13_8_pre.cnf","MapleCOMSPS_DRUP",780.443,218.378978865979,896.423261654577,894.82,761.082,0,0,0,0,"pred"
"sat/snw_13_8_pre.cnf","cmsat5_main2",1062.314,288.863176116838,952.413770721378,1118.98,761.082,0,0,0,0,"pred"
"sat/snw_13_8_pre.cnf","Glucose_nbSat",998.625,307.036185223368,1073.84082822886,1119.28,761.082,0,0,0,0,"pred"
"sat/snw_13_8_pre.cnf","gulch",1041.878,319.085608762886,1121.74872414306,1133.09,761.082,0,0,0,0,"pred"
"sat/snw_13_8_pre.cnf","glucose_hack_kiel_newScript",929.467,368.590787457045,1159.36931953783,932.18,761.082,0,0,0,0,"pred"
"sat/snw_13_8_pre.cnf","CHBR_glucose",987.983,375.911130756014,1148.47492311979,1050.83,761.082,0,0,0,0,"pred"
"sat/snw_13_8_pre.cnf","MapleGlucose",761.082,377.264307560137,1152.13885861119,787.11,761.082,0,0,0,0,"pred"
