"InstanceName","Solver","SequentialRuntime","PredictedRuntime","Prediction_StandardError","ParallelRuntime","VBSRuntime","delta","delta_prime","alpha","method_number","orderBy"
"sat/miza-sr06-md5-48-01.cnf","GHackCOMSPS_DRUP",353.395,1249.03840353535,1556.15290862981,389.724213442722,46.306,0,0,0,5,"pred"
"sat/miza-sr06-md5-48-01.cnf","glucose",2057.102,1348.22340378788,1704.93592800171,2316.87187621193,46.306,0,0,0,5,"pred"
"sat/miza-sr06-md5-48-01.cnf","MapleCOMSPS_DRUP",229.511,1357.82601856061,1892.59348446063,249.942194208467,46.306,0,0,0,5,"pred"
"sat/miza-sr06-md5-48-01.cnf","Glucose_nbSat",522.024,1383.07264709596,1699.3112656921,616.080115004495,46.306,0,0,0,5,"pred"
"sat/miza-sr06-md5-48-01.cnf","Splatz06vmain",964.722,1434.86020353535,1801.73943462407,1135.59608273586,46.306,0,0,0,5,"pred"
"sat/miza-sr06-md5-48-01.cnf","glucose_hack_kiel_newScript",113.511,1453.80238825758,1716.97909101523,127.774941731232,46.306,0,0,0,5,"pred"
"sat/miza-sr06-md5-48-01.cnf","cmsat5_main2",47.447,1501.52104090909,1818.29276710741,49.2384909451092,46.306,0,0,0,5,"pred"
"sat/miza-sr06-md5-48-01.cnf","CHBR_glucose_tuned",1013.781,1515.96222361111,1693.64614267683,1155.97199610741,46.306,0,0,0,5,"pred"
"sat/miza-sr06-md5-48-01.cnf","cmsat5_autotune2",46.306,1599.09063623738,1884.32799923721,51.4500845015742,46.306,0,0,0,5,"pred"
