"InstanceName","Solver","SequentialRuntime","PredictedRuntime","Prediction_StandardError","ParallelRuntime","VBSRuntime","delta","delta_prime","alpha","method_number","orderBy"
"sat/7-4-7.cnf","abcdsat_r18",5000,3913.09203240741,1918.26077906935,5000,5000,0,0,0,0,"pred"
"sat/7-4-7.cnf","smallsat",5000,4012.16289444444,1658.8441956759,5000,5000,0,0,0,0,"pred"
"sat/7-4-7.cnf","MapleCOMSPS_LRB_VSIDS_2_fix",5000,4448.28367777778,1373.38826656654,5000,5000,0,0,0,0,"pred"
"sat/7-4-7.cnf","cms55.main.all4fixed",5000,4524.61575925926,1393.60883901171,5000,5000,0,0,0,0,"pred"
"sat/7-4-7.cnf","Maple_LCM_Scavel_fix2",5000,4564.81224074074,1222.38185122043,5000,5000,0,0,0,0,"pred"
"sat/7-4-7.cnf","MapleCOMSPS_CHB_VSIDS_drup",5000,4576.73375,1238.12056004801,5000,5000,0,0,0,0,"pred"
"sat/7-4-7.cnf","glucose4.2.1",5000,4694.21812222222,980.889955318865,5000,5000,0,0,0,0,"pred"
"sat/7-4-7.cnf","expMC_LRB_VSIDS_Switch_2500",5000,4718.45045833333,830.147674426746,5000,5000,0,0,0,0,"pred"
