"InstanceName","Solver","SequentialRuntime","PredictedRuntime","Prediction_StandardError","ParallelRuntime","VBSRuntime","delta","delta_prime","alpha","method_number","orderBy"
"sat/bx-d-4-7-6.cnf","Riss7.1.fix",70.376,2367.77453703704,2256.43067253229,86.93,70.376,0,0,0,0,"pred"
"sat/bx-d-4-7-6.cnf","Sparrow2Riss.2018.fixfix",237.186,2563.67546296296,2047.56686632758,279.85,70.376,0,0,0,0,"pred"
"sat/bx-d-4-7-6.cnf","glu_mix",5000,2710.50160740741,1886.48849927552,5000,70.376,0,0,0,0,"pred"
"sat/bx-d-4-7-6.cnf","MapleLCMDistChronoBT",5000,2908.09953611111,1773.66263960128,5000,70.376,0,0,0,0,"pred"
"sat/bx-d-4-7-6.cnf","Maple_LCM_Scavel_fix2",5000,3296.95433981481,1705.88447150231,5000,70.376,0,0,0,0,"pred"
"sat/bx-d-4-7-6.cnf","CaDiCaL",5000,3477.03733888889,1685.31306078967,5000,70.376,0,0,0,0,"pred"
"sat/bx-d-4-7-6.cnf","Maple_LCM.BCrestart",5000,3807.85179166667,1760.8337341418,5000,70.376,0,0,0,0,"pred"
"sat/bx-d-4-7-6.cnf","Maple_LCM.BCrestart_M1",5000,3812.83937407407,1614.12415283508,5000,70.376,0,0,0,0,"pred"
