"InstanceName","Solver","SequentialRuntime","PredictedRuntime","Prediction_StandardError","ParallelRuntime","VBSRuntime","delta","delta_prime","alpha","method_number","orderBy"
"sat/CNP-5-900.cnf","Sparrow2Riss.2018.fixfix",1.741,2.06105539568351,0.200734220840236,2.15,1.741,0,0,0,0,"pred"
"sat/CNP-5-900.cnf","YalSAT",24.079,8.64072062350119,9.28424610504103,28.01,1.741,0,0,0,0,"pred"
"sat/CNP-5-900.cnf","Minisat.v2.2.0.106.ge2dd095",79.752,165.504750479616,76.2430583363581,98.4,1.741,0,0,0,0,"pred"
"sat/CNP-5-900.cnf","MapleCOMSPS_LRB_VSIDS_2_fix",90.737,245.473635611511,206.666923692648,109.79,1.741,0,0,0,0,"pred"
"sat/CNP-5-900.cnf","Maple_LCM_Scavel_200_fix2",323.77,292.912071582734,274.07515336737,384.48,1.741,0,0,0,0,"pred"
"sat/CNP-5-900.cnf","COMiniSatPS_Pulsar_drup",91.074,387.721455395683,387.187607409696,108.92,1.741,0,0,0,0,"pred"
"sat/CNP-5-900.cnf","Maple_LCM_Scavel_fix2",1827.641,397.849299160672,396.111644490075,5000,1.741,0,0,0,0,"pred"
"sat/CNP-5-900.cnf","glucose.3.0_PADC_3",2923.285,485.859900119904,442.241749171225,5000,1.741,0,0,0,0,"pred"
