"InstanceName","Solver","SequentialRuntime","PredictedRuntime","Prediction_StandardError","ParallelRuntime","VBSRuntime","delta","delta_prime","alpha","method_number","orderBy"
"sat/gto_p60c243.cnf","Maple_CM",98.551,172.473519242424,355.672156259424,117.66,86.194,0,0,0,0,"pred"
"sat/gto_p60c243.cnf","Maple_LCM.BCrestart",120.336,202.29558469697,693.202518102629,137.14,86.194,0,0,0,0,"pred"
"sat/gto_p60c243.cnf","glu_mix",116.927,207.319135,565.338239518754,139.7,86.194,0,0,0,0,"pred"
"sat/gto_p60c243.cnf","Maple_LCM.BCrestart_M1",104.247,219.274953939394,660.507628706147,118.37,86.194,0,0,0,0,"pred"
"sat/gto_p60c243.cnf","Maple_LCM_Scavel_fix2",127.86,233.078202727273,753.592660239872,144.5,86.194,0,0,0,0,"pred"
"sat/gto_p60c243.cnf","MapleLCMDistChronoBT",135.12,260.454312121212,806.031910635333,158.67,86.194,0,0,0,0,"pred"
"sat/gto_p60c243.cnf","Maple_CM_ordUIP.",97.544,279.006640606061,794.941612319665,116.69,86.194,0,0,0,0,"pred"
"sat/gto_p60c243.cnf","expMC_LRB_VSIDS_Switch",161.786,285.058726363636,718.158783159847,192.89,86.194,0,0,0,0,"pred"
