"InstanceName","Solver","SequentialRuntime","PredictedRuntime","Prediction_StandardError","ParallelRuntime","VBSRuntime","delta","delta_prime","alpha","method_number","orderBy"
"sat/gto_p60c233.cnf","expMC_LRB_VSIDS_Switch_2500",53.458,100.423247903564,243.906665002195,58.79,53.458,0,0,0,0,"pred"
"sat/gto_p60c233.cnf","Maple_LCM.BCrestart_M1",73.059,140.56147672956,458.746084159987,82.94,53.458,0,0,0,0,"pred"
"sat/gto_p60c233.cnf","Maple_LCM_Scavel_200_fix2",74.402,146.725101781971,476.276262736369,85.12,53.458,0,0,0,0,"pred"
"sat/gto_p60c233.cnf","Maple_LCM.BCrestart",76.265,148.033092348008,453.889895775514,87.29,53.458,0,0,0,0,"pred"
"sat/gto_p60c233.cnf","Maple_CM",79.005,148.867766037736,432.351199821156,94.93,53.458,0,0,0,0,"pred"
"sat/gto_p60c233.cnf","Maple_LCM_Scavel_fix2",73.841,152.577631865828,440.279343826018,82.51,53.458,0,0,0,0,"pred"
"sat/gto_p60c233.cnf","MapleLCMDistChronoBT",71.503,158.257446645702,500.727243083796,79.12,53.458,0,0,0,0,"pred"
"sat/gto_p60c233.cnf","Maple_CM_ordUIP.",81.583,162.775192243186,453.102788191761,91.07,53.458,0,0,0,0,"pred"
