"InstanceName","Solver","SequentialRuntime","PredictedRuntime","Prediction_StandardError","ParallelRuntime","VBSRuntime","delta","delta_prime","alpha","method_number","orderBy"
"sat/Karatsuba7654321x1234567.cnf","CaDiCaL",69.332,283.059037341772,607.764689522187,79.19,69.332,0,0,0,0,"pred"
"sat/Karatsuba7654321x1234567.cnf","Riss7.1.fix",908.983,383.637050632911,885.785328780786,5000,69.332,0,0,0,0,"pred"
"sat/Karatsuba7654321x1234567.cnf","expMC_LRB_VSIDS_Switch_2500",163.059,557.797719198312,1185.28966141276,203.04,69.332,0,0,0,0,"pred"
"sat/Karatsuba7654321x1234567.cnf","smallsat",415.819,570.418427637131,850.622345901403,478.46,69.332,0,0,0,0,"pred"
"sat/Karatsuba7654321x1234567.cnf","Maple_CM",120.552,573.797174261603,1052.2707326993,147.18,69.332,0,0,0,0,"pred"
"sat/Karatsuba7654321x1234567.cnf","Maple_LCM.BCrestart_M1",323.544,598.122088607595,1333.83589844512,424.53,69.332,0,0,0,0,"pred"
"sat/Karatsuba7654321x1234567.cnf","glucose4.2.1",558.558,602.900652953586,696.074575233922,5000,69.332,0,0,0,0,"pred"
"sat/Karatsuba7654321x1234567.cnf","MapleCOMSPS_LRB_VSIDS_2_fix",371.696,609.749208649789,1310.90868784163,457.71,69.332,0,0,0,0,"pred"
