"InstanceName","Solver","SequentialRuntime","PredictedRuntime","Prediction_StandardError","ParallelRuntime","VBSRuntime","delta","delta_prime","alpha","method_number","orderBy"
"sat/Nb27T6.cnf","smallsat",76.349,181.770735185185,105.602567431829,111.78,76.349,0,0,0,0,"pred"
"sat/Nb27T6.cnf","expMC_LRB_VSIDS_Switch_2500",121.207,289.915056481482,249.508716726677,173.67,76.349,0,0,0,0,"pred"
"sat/Nb27T6.cnf","MapleLCMDistChronoBT",213.356,323.877402777778,197.902733239827,311.29,76.349,0,0,0,0,"pred"
"sat/Nb27T6.cnf","Maple_CM_ordUIP.",378.633,473.835741666667,328.558288082418,497.05,76.349,0,0,0,0,"pred"
"sat/Nb27T6.cnf","Maple_CM_Dist",204.846,651.613831481481,1099.84221677597,300.91,76.349,0,0,0,0,"pred"
"sat/Nb27T6.cnf","Maple_CM",213.558,655.099139814815,1139.57017170774,333.21,76.349,0,0,0,0,"pred"
"sat/Nb27T6.cnf","cms55.main.all4fixed",303.313,821.375268518519,773.682179854959,441.88,76.349,0,0,0,0,"pred"
"sat/Nb27T6.cnf","MapleCOMSPS_CHB_VSIDS_drup",284.522,851.156300925926,1338.49559177812,450.88,76.349,0,0,0,0,"pred"
