"InstanceName","Solver","SequentialRuntime","PredictedRuntime","Prediction_StandardError","ParallelRuntime","VBSRuntime","delta","delta_prime","alpha","method_number","orderBy"
"sat/Nb8T62.cnf","abcdsat_r18",1.08,30.5986935185186,90.8522975511959,1.08,0.222,0,0,0,0,"pred"
"sat/Nb8T62.cnf","YalSAT",1.974,159.296931481482,393.336925756628,2.32,0.222,0,0,0,0,"pred"
"sat/Nb8T62.cnf","glu_mix",378.351,478.701788888889,87.4493430562879,524.42,0.222,0,0,0,0,"pred"
"sat/Nb8T62.cnf","smallsat",141.237,567.371459259259,1351.73399165988,191.23,0.222,0,0,0,0,"pred"
"sat/Nb8T62.cnf","cms55.main.all4fixed",0.222,826.643484259259,1422.76583094769,0.25,0.222,0,0,0,0,"pred"
"sat/Nb8T62.cnf","gluHack",5000,1016.93450925926,1575.07787519943,5000,0.222,0,0,0,0,"pred"
"sat/Nb8T62.cnf","CaDiCaL",1862.744,1123.75157314815,1401.1920973424,5000,0.222,0,0,0,0,"pred"
"sat/Nb8T62.cnf","MapleLCMDistChronoBT",5000,4476.97129166667,1342.46714233336,5000,0.222,0,0,0,0,"pred"
