"InstanceName","Solver","SequentialRuntime","PredictedRuntime","Prediction_StandardError","ParallelRuntime","VBSRuntime","delta","delta_prime","alpha","method_number","orderBy"
"sat/prime_200560490131.cnf","smallsat",142.718,704.841959111111,1290.57833600058,164.4,84.747,0,0,0,0,"pred"
"sat/prime_200560490131.cnf","Maple_LCM_Scavel_fix2",91.747,847.187938,1529.93109136933,103.5,84.747,0,0,0,0,"pred"
"sat/prime_200560490131.cnf","Maple_CM_ordUIP.",88.465,874.950356444444,1505.91805818132,98.67,84.747,0,0,0,0,"pred"
"sat/prime_200560490131.cnf","cms55.main.all4fixed",95.056,878.100575333334,1628.8141341653,113.41,84.747,0,0,0,0,"pred"
"sat/prime_200560490131.cnf","MapleCOMSPS_CHB_VSIDS_drup",138.901,886.626647333333,1442.16982686667,162.6,84.747,0,0,0,0,"pred"
"sat/prime_200560490131.cnf","expMC_LRB_VSIDS_Switch_2500",108.34,908.526166666667,1677.34014591094,128.2,84.747,0,0,0,0,"pred"
"sat/prime_200560490131.cnf","Maple_LCM.BCrestart",86.634,929.766679777778,1534.86821381287,99.69,84.747,0,0,0,0,"pred"
"sat/prime_200560490131.cnf","Maple_CM",86.473,946.385561555556,1678.46820667,103.03,84.747,0,0,0,0,"pred"
