"InstanceName","Solver","SequentialRuntime","PredictedRuntime","Prediction_StandardError","ParallelRuntime","VBSRuntime","delta","delta_prime","alpha","method_number","orderBy"
"sat/sdiv16prop.cnf","Maple_LCM.BCrestart_M1",311.214,688.570993073593,1055.17691155949,513.97,252.003,0,0,0,0,"pred"
"sat/sdiv16prop.cnf","Lingeling",570.988,791.701843722944,880.589519213997,5000,252.003,0,0,0,0,"pred"
"sat/sdiv16prop.cnf","expMC_LRB_VSIDS_Switch_2500",288.571,800.385782900433,1159.49711156356,359.95,252.003,0,0,0,0,"pred"
"sat/sdiv16prop.cnf","Maple_CM",330.445,948.992298917748,1141.79847650164,413.04,252.003,0,0,0,0,"pred"
"sat/sdiv16prop.cnf","Maple_CM_ordUIP",315.547,1192.68937554113,1564.01150428952,412.69,252.003,0,0,0,0,"pred"
"sat/sdiv16prop.cnf","Maple_CM_ordUIP.",323.376,1197.47943679654,1602.28531892779,461.48,252.003,0,0,0,0,"pred"
"sat/sdiv16prop.cnf","Maple_CM_Dist",339.222,1210.95777792208,1483.24224444541,533.63,252.003,0,0,0,0,"pred"
"sat/sdiv16prop.cnf","Maple_LCM.BCrestart",317.654,1220.96992424242,1575.5981988446,437.42,252.003,0,0,0,0,"pred"
