"InstanceName","Solver","SequentialRuntime","PredictedRuntime","Prediction_StandardError","ParallelRuntime","VBSRuntime","delta","delta_prime","alpha","method_number","orderBy"
"sat/sted1_0x1e3-100.cnf","Glucose_Hack_Kiel_fastBVE",5000,4004.04260454545,1805.98560597077,5000,84.66,0,0,0,0,"pred"
"sat/sted1_0x1e3-100.cnf","expMC_LRB_VSIDS_Switch",5000,4045.69361125541,1778.53480126146,5000,84.66,0,0,0,0,"pred"
"sat/sted1_0x1e3-100.cnf","MapleLCMDistChronoBT",5000,4056.41103571429,1818.91171913026,5000,84.66,0,0,0,0,"pred"
"sat/sted1_0x1e3-100.cnf","Candy",5000,4074.02248701299,1748.66627461208,5000,84.66,0,0,0,0,"pred"
"sat/sted1_0x1e3-100.cnf","inIDGlucose",5000,4092.72168463204,1790.08006086523,5000,84.66,0,0,0,0,"pred"
"sat/sted1_0x1e3-100.cnf","Lingeling",5000,4143.42945064935,1751.73656487229,5000,84.66,0,0,0,0,"pred"
"sat/sted1_0x1e3-100.cnf","Maple_CM_ordUIP.",5000,4203.1298969697,1676.50806182054,5000,84.66,0,0,0,0,"pred"
"sat/sted1_0x1e3-100.cnf","CaDiCaL",5000,4239.21336406926,1610.66808561912,5000,84.66,0,0,0,0,"pred"
