"InstanceName","Solver","SequentialRuntime","PredictedRuntime","Prediction_StandardError","ParallelRuntime","VBSRuntime","delta","delta_prime","alpha","method_number","orderBy"
"sat/CNP-5-1600.cnf","YalSAT",14.737,5.55658755274272,4.71375062589912,16.8,1.91,0,0,0,5,"pred"
"sat/CNP-5-1600.cnf","Sparrow2Riss.2018.fixfix",1.985,8.24761772151902,42.2043516316799,1.79,1.91,0,0,0,5,"pred"
"sat/CNP-5-1600.cnf","COMiniSatPS_Pulsar_drup",52.425,105.252617932489,558.724460801614,61.68,1.91,0,0,0,5,"pred"
"sat/CNP-5-1600.cnf","MapleCOMSPS_LRB_VSIDS_drup",14.865,114.984635021097,229.299002350077,17.53,1.91,0,0,0,5,"pred"
"sat/CNP-5-1600.cnf","expMC_LRB_VSIDS_Switch",59.248,214.919671308017,560.228301110465,69.29,1.91,0,0,0,5,"pred"
"sat/CNP-5-1600.cnf","glucose3.0",710.768,240.921651898734,635.748663592381,5000,1.91,0,0,0,5,"pred"
"sat/CNP-5-1600.cnf","glu_mix",3566.488,511.425239451477,1220.4534611296,5000,1.91,0,0,0,5,"pred"
"sat/CNP-5-1600.cnf","Candy",406.609,530.095794514768,1314.89297035359,522.25,1.91,0,0,0,5,"pred"
