"InstanceName","Solver","SequentialRuntime","PredictedRuntime","Prediction_StandardError","ParallelRuntime","VBSRuntime","delta","delta_prime","alpha","method_number","orderBy"
"g2_n38e52_n53e67.wcnf","Open.WBO.ms.pre",13.28,982.605675284387,667.71114726765,13.13,11.07,0,0,0,5,"pred"
"g2_n38e52_n53e67.wcnf","Open.WBO.ms",24.02,1199.99926143606,681.409607206999,23.99,11.07,0,0,0,5,"pred"
"g2_n38e52_n53e67.wcnf","UWrMaxSat.1.0",11.07,1291.36966464674,837.731188212215,10.96,11.07,0,0,0,5,"pred"
"g2_n38e52_n53e67.wcnf","maxino2018",54.13,1367.59377452486,778.787518353652,54.48,11.07,0,0,0,5,"pred"
"g2_n38e52_n53e67.wcnf","Open.WBO.g",19.09,1601.60463019514,907.284932841922,19.25,11.07,0,0,0,5,"pred"
