"InstanceName","Solver","SequentialRuntime","PredictedRuntime","Prediction_StandardError","ParallelRuntime","VBSRuntime","delta","delta_prime","alpha","method_number","orderBy"
"7f80e4f0-4fe9-11e0-acd7-00163e1e087d_l3.wcnf","MaxHS",38.79,78.0368107330595,416.365099414294,38.31,3.67,0,0,0,0,"pred"
"7f80e4f0-4fe9-11e0-acd7-00163e1e087d_l3.wcnf","UWrMaxSat.1.0",5.93,125.611396843802,562.087710108238,5.94,3.67,0,0,0,0,"pred"
"7f80e4f0-4fe9-11e0-acd7-00163e1e087d_l3.wcnf","maxino2018",4.27,222.425107896534,760.019879504905,4.3,3.67,0,0,0,0,"pred"
"7f80e4f0-4fe9-11e0-acd7-00163e1e087d_l3.wcnf","Open.WBO.ms",11.83,395.954690907942,963.919890380984,12.06,3.67,0,0,0,0,"pred"
"7f80e4f0-4fe9-11e0-acd7-00163e1e087d_l3.wcnf","Open.WBO.g",3.67,456.804569059407,1020.14202199304,3.7,3.67,0,0,0,0,"pred"
"7f80e4f0-4fe9-11e0-acd7-00163e1e087d_l3.wcnf","Open.WBO.ms.pre",12.17,1860.0304917855,1711.26628898309,12.26,3.67,0,0,0,0,"pred"
