"InstanceName","Solver","SequentialRuntime","PredictedRuntime","Prediction_StandardError","ParallelRuntime","VBSRuntime","delta","delta_prime","alpha","method_number","orderBy"
"cnf13p9.wcnf","Open.WBO.ms.pre",75.97,922.96177840161,562.97177255345,90.56,43.05,0,0,0,0,"pred"
"cnf13p9.wcnf","MaxHS",282.84,953.93040408991,692.402509652808,334.69,43.05,0,0,0,0,"pred"
"cnf13p9.wcnf","maxino2018",203.13,971.716725509053,598.609320774242,252.38,43.05,0,0,0,0,"pred"
"cnf13p9.wcnf","Open.WBO.ms",87.74,975.170548762859,617.392650836461,105.45,43.05,0,0,0,0,"pred"
"cnf13p9.wcnf","Open.WBO.g",43.05,990.382509243,618.795320983738,54.57,43.05,0,0,0,0,"pred"
"cnf13p9.wcnf","UWrMaxSat.1.0",46.66,1018.10567347857,496.48682638465,53.96,43.05,0,0,0,0,"pred"
