"InstanceName","Solver","SequentialRuntime","PredictedRuntime","Prediction_StandardError","ParallelRuntime","VBSRuntime","delta","delta_prime","alpha","method_number","orderBy"
"d4.wcnf","Open.WBO.ms.pre",3600,1387.62961407508,285.413693321727,3600,3600,0,0,0,0,"pred"
"d4.wcnf","UWrMaxSat.1.0",3600,1559.98284610179,282.506798907616,3600,3600,0,0,0,0,"pred"
"d4.wcnf","maxino2018",3600,1581.28123345415,299.209905821297,3600,3600,0,0,0,0,"pred"
"d4.wcnf","Open.WBO.ms",3600,1582.53084722162,319.149841578536,3600,3600,0,0,0,0,"pred"
"d4.wcnf","Open.WBO.g",3600,1720.33119820923,303.867387570677,3600,3600,0,0,0,0,"pred"
"d4.wcnf","QMaxSAT2018",3600,1771.70079156007,301.84319282258,3600,3600,0,0,0,0,"pred"
