"InstanceName","Solver","SequentialRuntime","PredictedRuntime","Prediction_StandardError","ParallelRuntime","VBSRuntime","delta","delta_prime","alpha","method_number","orderBy"
"rev66-30.wcnf","Open.WBO.ms.pre",3600,1372.39739273552,918.925809911553,3600,3600,0,0,0,0,"pred"
"rev66-30.wcnf","UWrMaxSat.1.0",3600,1515.58908815073,1053.98739243338,3600,3600,0,0,0,0,"pred"
"rev66-30.wcnf","maxino2018",3600,1587.47902281457,1061.89148044439,3600,3600,0,0,0,0,"pred"
"rev66-30.wcnf","Open.WBO.ms",3600,1646.79801769692,1052.52625460165,3600,3600,0,0,0,0,"pred"
"rev66-30.wcnf","Open.WBO.g",3600,1651.64135020624,957.504327522999,3600,3600,0,0,0,0,"pred"
"rev66-30.wcnf","MaxHS",3600,1695.6167792033,1089.45365364273,3600,3600,0,0,0,0,"pred"
