"InstanceName","Solver","SequentialRuntime","PredictedRuntime","Prediction_StandardError","ParallelRuntime","VBSRuntime","delta","delta_prime","alpha","method_number","orderBy"
"rev66-22.wcnf","Open.WBO.ms.pre",3600,1523.81048943822,1398.54317718456,3600,3600,0,0,0,0,"pred"
"rev66-22.wcnf","UWrMaxSat.1.0",3600,1527.88895763388,1337.57724434175,3600,3600,0,0,0,0,"pred"
"rev66-22.wcnf","MaxHS",3600,1650.42612865301,1325.69722643391,3600,3600,0,0,0,0,"pred"
"rev66-22.wcnf","Open.WBO.ms",3600,1774.05892110934,1350.19765473382,3600,3600,0,0,0,0,"pred"
"rev66-22.wcnf","maxino2018",3600,1775.72818048084,1250.47511637151,3600,3600,0,0,0,0,"pred"
"rev66-22.wcnf","Open.WBO.g",3600,1845.49826410427,1398.53626405151,3600,3600,0,0,0,0,"pred"
