"InstanceName","Solver","SequentialRuntime","PredictedRuntime","Prediction_StandardError","ParallelRuntime","VBSRuntime","delta","delta_prime","alpha","method_number","orderBy"
"tae.wcnf","UWrMaxSat.1.0",253.21,1115.98870897913,1354.79150716395,268.4,253.21,0,0,0,0,"pred"
"tae.wcnf","Open.WBO.ms",3600,1842.69175060694,1495.91451041628,3600,253.21,0,0,0,0,"pred"
"tae.wcnf","MaxHS",3600,1889.53427275575,1372.72380337326,3600,253.21,0,0,0,0,"pred"
"tae.wcnf","Open.WBO.ms.pre",289.6,1967.79022795457,1538.32109329261,301.27,253.21,0,0,0,0,"pred"
"tae.wcnf","maxino2018",421.67,2000.9194587368,1441.29521470697,455.92,253.21,0,0,0,0,"pred"
"tae.wcnf","QMaxSAT2018",3600,2165.6399993245,1505.28991037096,3600,253.21,0,0,0,0,"pred"
