"InstanceName","Solver","SequentialRuntime","PredictedRuntime","Prediction_StandardError","ParallelRuntime","VBSRuntime","delta","delta_prime","alpha","method_number","orderBy"
"sat/Karatsuba7654321x1234567.cnf","CaDiCaL",69.332,283.059037341772,607.764689522187,78.33,69.332,0,0,0,5,"pred"
"sat/Karatsuba7654321x1234567.cnf","Riss7.1.fix",908.983,383.637050632911,885.785328780786,5000,69.332,0,0,0,5,"pred"
"sat/Karatsuba7654321x1234567.cnf","expMC_LRB_VSIDS_Switch_2500",163.059,557.797719198312,1185.28966141276,201.77,69.332,0,0,0,5,"pred"
"sat/Karatsuba7654321x1234567.cnf","smallsat",415.819,570.418427637131,850.622345901403,474.57,69.332,0,0,0,5,"pred"
"sat/Karatsuba7654321x1234567.cnf","Maple_CM",120.552,573.797174261603,1052.2707326993,141.86,69.332,0,0,0,5,"pred"
"sat/Karatsuba7654321x1234567.cnf","glucose4.2.1",558.558,602.900652953586,696.074575233922,688.99,69.332,0,0,0,5,"pred"
