"InstanceName","Solver","SequentialRuntime","PredictedRuntime","Prediction_StandardError","ParallelRuntime","VBSRuntime","cores","ResultingTime"
"b22_C-mbd14-0241.wcnf","Open.WBO.ms.pre",8.26,975.51102280485,404.690565438304,8.9,0.4,1,"8.9"
"b22_C-mbd14-0241.wcnf","UWrMaxSat.1.0",1.01,1036.93807720365,393.446255526811,1.09,0.4,3,"1.09"
"b22_C-mbd14-0241.wcnf","MaxHS",11.17,996.34575853102,451.151339409341,13.98,0.4,2,"13.98"
"b22_C-mbd14-0241.wcnf","maxino2018",0.4,1064.34333594401,413.213905353437,0.44,0.4,4,"0.44"
"b22_C-mbd14-0241.wcnf","Open.WBO.ms",0.82,1122.77051057084,422.412471594489,1.03,0.4,5,"1.03"
"b22_C-mbd14-0241.wcnf","Open.WBO.g",0.61,1259.09088231692,451.812371715767,0.8,0.4,6,"0.8"
"b22_C-mbd14-0241.wcnf","QMaxSAT2018",5.6,1423.31807568709,824.033119282903,6.24,0.4,7,"6.24"
