"InstanceName","Solver","SequentialRuntime","PredictedRuntime","Prediction_StandardError","ParallelRuntime","VBSRuntime","cores","ResultingTime"
"glass.wcnf","UWrMaxSat.1.0",60.17,988.041246813994,635.372454617965,60.51,0.45,1,"60.51"
"glass.wcnf","Open.WBO.ms.pre",10.01,1100.67520598139,880.806022299558,9.96,0.45,2,"9.96"
"glass.wcnf","Open.WBO.ms",243.34,1197.95338216445,886.393478494271,254.27,0.45,3,"254.27"
"glass.wcnf","MaxHS",0.45,1258.88540696962,976.535447851396,0.44,0.45,4,"0.44"
"glass.wcnf","maxino2018",38.35,1371.92066515108,916.943392371645,37.98,0.45,5,"37.98"
"glass.wcnf","Open.WBO.g",198.33,1533.11663702319,1008.81462321687,208.53,0.45,6,"208.53"
"glass.wcnf","QMaxSAT2018",3600,1911.69207889832,1125.04359876598,3600,0.45,7,"Inf"
