"InstanceName","Solver","SequentialRuntime","PredictedRuntime","Prediction_StandardError","ParallelRuntime","VBSRuntime","cores","ResultingTime"
"threshold128_2.wcnf","MaxHS",57.67,33.075066528379,11.4491159728496,57.87,57.67,1,"Inf"
"threshold128_2.wcnf","Open.WBO.g",156.57,114.789771769686,47.9415271942178,165.75,57.67,3,"Inf"
"threshold128_2.wcnf","Open.WBO.ms",77.04,98.836019059644,107.841852170191,78.08,57.67,2,"78.08"
"threshold128_2.wcnf","UWrMaxSat.1.0",136.15,186.697703165311,140.131512558687,140.56,57.67,4,"140.56"
"threshold128_2.wcnf","maxino2018",362.51,303.543283790284,156.409171932278,393.69,57.67,5,"393.69"
"threshold128_2.wcnf","Open.WBO.ms.pre",3600,3600,4.53008348910926e-13,3600,57.67,6,"3600"
"threshold128_2.wcnf","QMaxSAT2018",3600,3600,4.05182985015909e-13,3600,57.67,7,"3600"
