"InstanceName","Solver","SequentialRuntime","PredictedRuntime","Prediction_StandardError","ParallelRuntime","VBSRuntime","cores","ResultingTime"
"wolfram72_1.wcnf","UWrMaxSat.1.0",5.57,5.23926034020328,2.7012337046607,5.79,4.81,1,"5.79"
"wolfram72_1.wcnf","MaxHS",4.81,12.0046233530962,5.69616632179159,5.12,4.81,3,"5.12"
"wolfram72_1.wcnf","maxino2018",5.82,11.9534020013803,8.97094221288325,6,4.81,2,"6"
"wolfram72_1.wcnf","Open.WBO.g",19.86,23.2594158703616,3.40068552043849,20.41,4.81,4,"20.41"
"wolfram72_1.wcnf","Open.WBO.ms",52.84,70.3217494824016,34.7956714228494,59.25,4.81,5,"59.25"
"wolfram72_1.wcnf","Open.WBO.ms.pre",3600,3600,2.42407640720591e-13,3600,4.81,6,"3600"
"wolfram72_1.wcnf","QMaxSAT2018",3600,3600,3.02543023216965e-13,3600,4.81,7,"3600"
