"InstanceName","Solver","SequentialRuntime","PredictedRuntime","Prediction_StandardError","ParallelRuntime","VBSRuntime","delta","delta_prime","alpha","method_number","orderBy"
"sat/ablmulub2x32o.cnf","MapleCOMSPS_DRUP",337.334,3066.71983590687,2034.68387184625,334.245638723223,293.868,0,0,0,5,"pred"
"sat/ablmulub2x32o.cnf","MapleGlucose",339.661,3233.12523590686,2007.84292258736,352.175512734676,293.868,0,0,0,5,"pred"
"sat/ablmulub2x32o.cnf","MapleCOMSPS_LRB_DRUP",815.439,3352.5426377451,1626.04693216932,816.675650357333,293.868,0,0,0,5,"pred"
"sat/ablmulub2x32o.cnf","CHBR_glucose",685.123,3445.05870490196,1693.01988501903,709.764368951919,293.868,0,0,0,5,"pred"
"sat/ablmulub2x32o.cnf","tc_glucose",1022.607,3449.19541997549,1721.48016498101,1054.94,293.868,0,0,0,5,"pred"
"sat/ablmulub2x32o.cnf","glucose_hack_kiel_newScript",1591.347,3478.75616066176,1671.23733665631,1622.45477605256,293.868,0,0,0,5,"pred"
"sat/ablmulub2x32o.cnf","gulch",1622.629,3484.86498541667,1652.333713426,1733.73294711159,293.868,0,0,0,5,"pred"
"sat/ablmulub2x32o.cnf","BeansAndEggs",1634.914,3488.42580955882,1581.3998173726,1718.96,293.868,0,0,0,5,"pred"
"sat/ablmulub2x32o.cnf","COMiniSatPSChandrasekharDRUP",984.924,3536.38643026961,1537.15259870771,994.57,293.868,0,0,0,5,"pred"
