"InstanceName","Solver","SequentialRuntime","PredictedRuntime","Prediction_StandardError","ParallelRuntime","VBSRuntime","delta","delta_prime","alpha","method_number","orderBy"
"sat/barman-pfile08-030.sas.cr.27.cnf","MapleCOMSPS_CHB_DRUP",34.526,754.927699842767,1541.2340186356,34.8670959073994,7.206,0,0,0,5,"pred"
"sat/barman-pfile08-030.sas.cr.27.cnf","GHackCOMSPS_DRUP",36.275,785.806526886792,1591.01551780724,36.3836816168962,7.206,0,0,0,5,"pred"
"sat/barman-pfile08-030.sas.cr.27.cnf","cmsat5_autotune2",9.678,798.444797327044,1476.29092649747,9.78134994867276,7.206,0,0,0,5,"pred"
"sat/barman-pfile08-030.sas.cr.27.cnf","tc_glucose",9.675,824.691296698113,1668.71070161506,9.43964030172797,7.206,0,0,0,5,"pred"
"sat/barman-pfile08-030.sas.cr.27.cnf","MapleCOMSPS_LRB_DRUP",35.085,840.496664622641,1486.0006740172,35.6457451923552,7.206,0,0,0,5,"pred"
"sat/barman-pfile08-030.sas.cr.27.cnf","cmsat5_main2",9.998,865.435660062893,1685.54768694416,9.89455943441679,7.206,0,0,0,5,"pred"
"sat/barman-pfile08-030.sas.cr.27.cnf","glueminisat.2210.81.main",9.94,933.785238050314,1726.03683985393,9.68893742881226,7.206,0,0,0,5,"pred"
"sat/barman-pfile08-030.sas.cr.27.cnf","BeansAndEggs",7.206,940.982037421383,1647.53956349711,7.14362947886459,7.206,0,0,0,5,"pred"
"sat/barman-pfile08-030.sas.cr.27.cnf","glue_alt",9.786,947.140804402516,1649.30433666299,9.64643004847165,7.206,0,0,0,5,"pred"
