"InstanceName","Solver","SequentialRuntime","PredictedRuntime","Prediction_StandardError","ParallelRuntime","VBSRuntime","delta","delta_prime","alpha","method_number","orderBy"
"sat/gss-20-s100.cnf","glucose_hack_kiel_newScript",608.504,3423.80795325444,1739.71059843101,3591.24,86.583,0,0,0,5,"pred"
"sat/gss-20-s100.cnf","COMiniSatPSChandrasekharDRUP",385.629,4343.40185029586,963.64302992758,1356.34,86.583,0,0,0,5,"pred"
"sat/gss-20-s100.cnf","MapleCOMSPS_DRUP",86.583,4531.13605621301,738.780337498622,88.7597231602768,86.583,0,0,0,5,"pred"
"sat/gss-20-s100.cnf","Lingelingbbcmain",3119.96,4678.44447859961,1037.60118560896,3647.25,86.583,0,0,0,5,"pred"
"sat/gss-20-s100.cnf","Splatz06vmain",975.704,4679.3442260355,1128.41369946982,973.819010233515,86.583,0,0,0,5,"pred"
"sat/gss-20-s100.cnf","glueminisat.2210.81.main",712.852,4799.35196400394,926.469084016258,3407.43,86.583,0,0,0,5,"pred"
"sat/gss-20-s100.cnf","abcdSAT_drup",674.41,4803.7046709073,866.25777299146,1037.47,86.583,0,0,0,5,"pred"
"sat/gss-20-s100.cnf","MapleCMS",1027.339,4814.47500532544,852.993885616302,1024.48253853751,86.583,0,0,0,5,"pred"
"sat/gss-20-s100.cnf","Glucose_nbSat",389.375,4838.28652850099,743.741716659229,4499.9,86.583,0,0,0,5,"pred"
