"InstanceName","Solver","SequentialRuntime","PredictedRuntime","Prediction_StandardError","ParallelRuntime","VBSRuntime","delta","delta_prime","alpha","method_number","orderBy"
"sat/gss-26-s100.cnf","glucose_hack_kiel_newScript",4720.962,4282.79040110294,1386.18465421797,4882.30392186452,4720.962,0,0,0,5,"pred"
"sat/gss-26-s100.cnf","MapleCOMSPS_DRUP",5000,4577.87445833333,840.832833183764,5000,4720.962,0,0,0,5,"pred"
"sat/gss-26-s100.cnf","COMiniSatPSChandrasekharDRUP",5000,4593.4968935049,1094.83974080065,5000,4720.962,0,0,0,5,"pred"
"sat/gss-26-s100.cnf","glucose",5000,4675.33936139706,1082.35550815242,5000,4720.962,0,0,0,5,"pred"
"sat/gss-26-s100.cnf","MapleCMS",5000,4690.06195698529,964.613554660666,5000,4720.962,0,0,0,5,"pred"
"sat/gss-26-s100.cnf","abcdSAT_drup",5000,4701.59391568628,906.882359040598,5000,4720.962,0,0,0,5,"pred"
"sat/gss-26-s100.cnf","MapleGlucose",5000,4718.44095428922,1046.48914468357,5000,4720.962,0,0,0,5,"pred"
"sat/gss-26-s100.cnf","CHBR_glucose",5000,4739.07629117647,907.078667475152,5000,4720.962,0,0,0,5,"pred"
"sat/gss-26-s100.cnf","Splatz06vmain",5000,4739.59594473039,818.674036144371,5000,4720.962,0,0,0,5,"pred"
