"InstanceName","Solver","SequentialRuntime","PredictedRuntime","Prediction_StandardError","ParallelRuntime","VBSRuntime","delta","delta_prime","alpha","method_number","orderBy"
"sat/Sz512_15127_1.smt2-stp212.cnf","MapleCOMSPS_DRUP",5000,3428.39482714777,1923.36462746986,5000,5000,0,0,0,5,"pred"
"sat/Sz512_15127_1.smt2-stp212.cnf","COMiniSatPSChandrasekharDRUP",5000,3571.59124707904,1833.39088189275,5000,5000,0,0,0,5,"pred"
"sat/Sz512_15127_1.smt2-stp212.cnf","abcdSAT_drup",5000,3636.5503628866,1653.31307557433,5000,5000,0,0,0,5,"pred"
"sat/Sz512_15127_1.smt2-stp212.cnf","Splatz06vmain",5000,3669.60117250859,1655.66625405558,5000,5000,0,0,0,5,"pred"
"sat/Sz512_15127_1.smt2-stp212.cnf","glueminisat.2210.81.main",5000,3745.83284690722,1523.25503992492,5000,5000,0,0,0,5,"pred"
"sat/Sz512_15127_1.smt2-stp212.cnf","tb_glucose",5000,3791.92895515464,1498.91632749952,5000,5000,0,0,0,5,"pred"
"sat/Sz512_15127_1.smt2-stp212.cnf","BeansAndEggs",5000,3845.8931742268,1532.97826989284,5000,5000,0,0,0,5,"pred"
"sat/Sz512_15127_1.smt2-stp212.cnf","glucose",5000,3995.21572405498,1354.79797973815,5000,5000,0,0,0,5,"pred"
"sat/Sz512_15127_1.smt2-stp212.cnf","GHackCOMSPS_DRUP",5000,4322.41775309278,953.077039161591,5000,5000,0,0,0,5,"pred"
