"InstanceName","Solver","SequentialRuntime","PredictedRuntime","Prediction_StandardError","ParallelRuntime","VBSRuntime","delta","delta_prime","alpha","method_number","orderBy"
"termes_p16.pddl","symbolic.bidirectional",107.65,195.609069277108,351.84563193101,123.84,107.65,0,0,0,5,"pred"
"termes_p16.pddl","Delfi2",114.23,268.861634538153,467.643643348172,126.06,107.65,0,0,0,5,"pred"
"termes_p16.pddl","Delfi1",439.77,399.633807228916,128.855489120455,1800,107.65,0,0,0,5,"pred"
"termes_p16.pddl","Planning.PDBs",963.24,898.237988955824,291.833958340831,989.56,107.65,0,0,0,5,"pred"
"termes_p16.pddl","Complementary2",881.83,972.870866465864,275.352013178341,1800,107.65,0,0,0,5,"pred"
"termes_p16.pddl","Scorpion",1729.32,1011.32320582329,443.414361643042,1800,107.65,0,0,0,5,"pred"
"termes_p16.pddl","blind",1800,1376.31103514056,670.605568141286,1800,107.65,0,0,0,5,"pred"
