"InstanceName","Solver","SequentialRuntime","PredictedRuntime","Prediction_StandardError","ParallelRuntime","VBSRuntime","cores","ResultingTime"
"s38584_nan_explicit_41_0.wcnf","UWrMaxSat.1.0",21.55,573.62583207023,495.761925366896,31.75,15.62,1,"31.75"
"s38584_nan_explicit_41_0.wcnf","Open.WBO.ms.pre",75.79,582.175046774505,497.371410832244,92,15.62,2,"92"
"s38584_nan_explicit_41_0.wcnf","maxino2018",18.12,619.264425819728,473.735246028977,29.99,15.62,3,"29.99"
"s38584_nan_explicit_41_0.wcnf","Open.WBO.ms",94.11,627.624490726488,575.931275199093,135.28,15.62,4,"135.28"
"s38584_nan_explicit_41_0.wcnf","Open.WBO.g",15.62,733.223532460237,642.47135997202,19.81,15.62,5,"19.81"
"s38584_nan_explicit_41_0.wcnf","QMaxSAT2018",72.46,1121.33294100643,761.346281163469,97.28,15.62,6,"97.28"
"s38584_nan_explicit_41_0.wcnf","MaxHS",1337.06,2296.02316740141,774.291812415356,3600,15.62,1,"Inf"
