"InstanceName","Solver","SequentialRuntime","PredictedRuntime","Prediction_StandardError","ParallelRuntime","VBSRuntime","cores","ResultingTime"
"TWComp_huck_N74.wcnf","UWrMaxSat.1.0",2.87,1462.01352546403,1002.00321590867,3.29,0.47,1,"3.29"
"TWComp_huck_N74.wcnf","maxino2018",2.37,1627.58846495939,843.384693531583,2.8,0.47,3,"2.8"
"TWComp_huck_N74.wcnf","Open.WBO.ms",32.55,1620.06648339992,879.973998631322,41.64,0.47,2,"41.64"
"TWComp_huck_N74.wcnf","Open.WBO.g",13.17,1821.56158558458,836.413269135733,17.76,0.47,6,"17.76"
"TWComp_huck_N74.wcnf","Open.WBO.ms.pre",27.93,1705.19831434621,964.007680067447,32.83,0.47,4,"32.83"
"TWComp_huck_N74.wcnf","QMaxSAT2018",0.47,1779.61928389374,920.16589871566,0.57,0.47,5,"0.57"
"TWComp_huck_N74.wcnf","MaxHS",5.39,2159.24254274352,633.254883475809,6.14,0.47,1,"Inf"
