"InstanceName","Solver","SequentialRuntime","PredictedRuntime","Prediction_StandardError","ParallelRuntime","VBSRuntime","delta","delta_prime","alpha","method_number","orderBy"
"sat/dist5.c.cnf","Maple_LCM.BCrestart_M1",132.978,180.023176515152,464.133839535566,151.47,81.196,0,0,0,5,"pred"
"sat/dist5.c.cnf","Maple_LCM_M1",130.266,180.105333030303,268.412624942936,148.61,81.196,0,0,0,5,"pred"
"sat/dist5.c.cnf","Maple_CM_ordUIP.",127.399,180.373881212121,488.935453648053,146.02,81.196,0,0,0,5,"pred"
"sat/dist5.c.cnf","Maple_LCM.BCrestart",142.959,188.00578030303,333.12249053506,157.58,81.196,0,0,0,5,"pred"
"sat/dist5.c.cnf","abcdsat_r18",166.938,203.049809242424,525.5458747671,192.11,81.196,0,0,0,5,"pred"
"sat/dist5.c.cnf","cms55.main.all4fixed",81.196,210.340906363636,671.765484110281,94.66,81.196,0,0,0,5,"pred"
"sat/dist5.c.cnf","smallsat",95.56,211.094616060606,603.08456783623,108.89,81.196,0,0,0,5,"pred"
"sat/dist5.c.cnf","expMC_LRB_VSIDS_Switch_2500",158.925,220.919965757576,520.947940538694,193.64,81.196,0,0,0,5,"pred"
"sat/dist5.c.cnf","expMC_LRB_VSIDS_Switch",181.624,246.12388030303,356.491260710487,218.28,81.196,0,0,0,5,"pred"
