"InstanceName","Solver","SequentialRuntime","PredictedRuntime","Prediction_StandardError","ParallelRuntime","VBSRuntime","delta","delta_prime","alpha","method_number","orderBy"
"snake_p05.pddl","blind",2.21,36.2952521645022,209.903108317736,2.32,2.21,0,0,0,5,"pred"
"snake_p05.pddl","DecStar",13.16,121.176294372294,298.421901544305,13.15,2.21,0,0,0,5,"pred"
"snake_p05.pddl","Metis2",11.29,181.685511904762,415.801221021214,11.43,2.21,0,0,0,5,"pred"
"snake_p05.pddl","Metis1",11.38,228.57894047619,489.766235589627,11.82,2.21,0,0,0,5,"pred"
"snake_p05.pddl","Delfi2",113.87,324.189720779221,485.539834690996,119.5,2.21,0,0,0,5,"pred"
"snake_p05.pddl","symbolic.bidirectional",95.16,443.173343073593,626.764688491504,96.33,2.21,0,0,0,5,"pred"
"snake_p05.pddl","Delfi1",901.01,472.585730519481,430.199487843775,908.04,2.21,0,0,0,5,"pred"
