"InstanceName","Solver","SequentialRuntime","PredictedRuntime","Prediction_StandardError","ParallelRuntime","VBSRuntime","delta","delta_prime","alpha","method_number","orderBy"
"agricola_p14.pddl","Delfi1",1732.32,960.227715686274,351.517487953269,1800,648.67,0,0,0,5,"pred"
"agricola_p14.pddl","Delfi2",1730.45,983.839226381462,252.512542559994,1800,648.67,0,0,0,5,"pred"
"agricola_p14.pddl","FDMS2",811.73,1073.46493761141,513.150181065491,992.29,648.67,0,0,0,5,"pred"
"agricola_p14.pddl","symbolic.bidirectional",648.67,1189.91622816399,622.477313249962,1800,648.67,0,0,0,5,"pred"
"agricola_p14.pddl","FDMS1",1800,1746.1975258467,162.927810331077,1800,648.67,0,0,0,5,"pred"
"agricola_p14.pddl","Complementary1",1800,1765.13391889483,118.480913579539,1800,648.67,0,0,0,5,"pred"
"agricola_p14.pddl","blind",1800,1791.84129322638,58.6083291580374,1800,648.67,0,0,0,5,"pred"
"agricola_p14.pddl","Metis2",1800,1795.0195828877,65.808052740056,1800,648.67,0,0,0,5,"pred"
"agricola_p14.pddl","Symple.1",1800,1800,0,1800,648.67,0,0,0,5,"pred"
