"InstanceName","Solver","SequentialRuntime","PredictedRuntime","Prediction_StandardError","ParallelRuntime","VBSRuntime","delta","delta_prime","alpha","method_number","orderBy"
"sat/factoring87654321x12345678.cnf","smallsat",155.379,647.937891666667,1035.09164692249,182.77,45.311,0,0,0,0,"pred"
"sat/factoring87654321x12345678.cnf","Lingeling",1452.939,675.526808,935.332833828251,5000,45.311,0,0,0,0,"pred"
"sat/factoring87654321x12345678.cnf","glucose4.2.1",176.104,1224.94827633333,1304.90387943474,207.28,45.311,0,0,0,0,"pred"
"sat/factoring87654321x12345678.cnf","cms55.main.all4fixed",45.311,1343.13559433333,1989.98857396467,52.97,45.311,0,0,0,0,"pred"
"sat/factoring87654321x12345678.cnf","MapleLCMDistChronoBT",147.514,1451.540326,2105.76871075754,175.18,45.311,0,0,0,0,"pred"
