"InstanceName","Solver","SequentialRuntime","PredictedRuntime","Prediction_StandardError","ParallelRuntime","VBSRuntime","delta","delta_prime","alpha","method_number","orderBy"
"sat/factoring29986577x29986577.cnf","Maple_LCM_Scavel_fix2",102.24,687.814087111111,1058.56263857114,114.25,11.456,0,0,0,0,"pred"
"sat/factoring29986577x29986577.cnf","smallsat",144.525,974.392224444444,1039.56636381911,165.25,11.456,0,0,0,0,"pred"
"sat/factoring29986577x29986577.cnf","Lingeling",207.47,1072.69839577778,968.547235639745,236.8,11.456,0,0,0,0,"pred"
"sat/factoring29986577x29986577.cnf","Maple_LCM.BCrestart",49.728,1099.11805,1769.26456146123,55.17,11.456,0,0,0,0,"pred"
"sat/factoring29986577x29986577.cnf","Maple_CM_ordUIP.",213.361,1107.66604022222,1598.46273395208,242.16,11.456,0,0,0,0,"pred"
