"InstanceName","Solver","SequentialRuntime","PredictedRuntime","Prediction_StandardError","ParallelRuntime","VBSRuntime","delta","delta_prime","alpha","method_number","orderBy"
"sat/sted1_0x24204-330.cnf","glu_mix",249.345,2803.1262384696,2226.13348968231,299.63,131.059,0,0,0,0,"pred"
"sat/sted1_0x24204-330.cnf","Glucose_Hack_Kiel_fastBVE",242.517,2843.19483574424,2252.50164397145,309.54,131.059,0,0,0,0,"pred"
"sat/sted1_0x24204-330.cnf","smallsat",140.681,2845.53598878407,2297.62844206409,165.25,131.059,0,0,0,0,"pred"
"sat/sted1_0x24204-330.cnf","GHackCOMSPS_drup",245.549,2859.56780251572,2212.03509798464,285.27,131.059,0,0,0,0,"pred"
"sat/sted1_0x24204-330.cnf","Maple_LCM.BCrestart",155.996,2941.48582714885,2264.40160014931,189.41,131.059,0,0,0,0,"pred"
