"InstanceName","Solver","SequentialRuntime","PredictedRuntime","Prediction_StandardError","ParallelRuntime","VBSRuntime","cores","ResultingTime"
"2c3aece6-c8b2-11df-a040-00163e3d3b7c_l3.wcnf","Open.WBO.ms.pre",14.56,1135.41823006335,1165.31202570226,14.69,5.58,1,"14.69"
"2c3aece6-c8b2-11df-a040-00163e3d3b7c_l3.wcnf","Open.WBO.g",10.3,1200.3885419337,1158.20234218738,10.4,5.58,2,"10.4"
"2c3aece6-c8b2-11df-a040-00163e3d3b7c_l3.wcnf","QMaxSAT2018",8.35,1252.69498132702,1308.85462715535,8.52,5.58,3,"8.52"
"2c3aece6-c8b2-11df-a040-00163e3d3b7c_l3.wcnf","Open.WBO.ms",26.61,1279.79021324976,1050.97355436628,27.07,5.58,4,"27.07"
"2c3aece6-c8b2-11df-a040-00163e3d3b7c_l3.wcnf","maxino2018",14.66,1373.99046568814,1356.66680081176,14.55,5.58,5,"14.55"
"2c3aece6-c8b2-11df-a040-00163e3d3b7c_l3.wcnf","UWrMaxSat.1.0",5.99,1437.37045952338,1228.71610516848,6.04,5.58,6,"6.04"
"2c3aece6-c8b2-11df-a040-00163e3d3b7c_l3.wcnf","MaxHS",5.58,1545.71073699192,1356.94290430486,5.62,5.58,1,"Inf"
