"InstanceName","Solver","SequentialRuntime","PredictedRuntime","Prediction_StandardError","ParallelRuntime","VBSRuntime","cores","ResultingTime"
"AES2-70-61.wcnf","Open.WBO.g",19.97,736.419285577075,687.261571102573,23.09,7.37,1,"23.09"
"AES2-70-61.wcnf","MaxHS",526.25,795.53557606737,597.991932796351,610.63,7.37,2,"610.63"
"AES2-70-61.wcnf","Open.WBO.ms.pre",39.3,843.844660466861,590.952505371737,45.08,7.37,3,"45.08"
"AES2-70-61.wcnf","maxino2018",8.4,935.747606193476,556.147420529125,9.01,7.37,4,"9.01"
"AES2-70-61.wcnf","Open.WBO.ms",30.04,942.433651376263,545.308634753599,34.96,7.37,5,"34.96"
"AES2-70-61.wcnf","UWrMaxSat.1.0",7.37,956.519357909848,417.037345406819,7.85,7.37,6,"7.85"
"AES2-70-61.wcnf","QMaxSAT2018",3600,2597.74761554325,724.327817219185,3600,7.37,1,"Inf"
