"InstanceName","Solver","SequentialRuntime","PredictedRuntime","Prediction_StandardError","ParallelRuntime","VBSRuntime","cores","ResultingTime"
"cnf17p10.wcnf","Open.WBO.ms.pre",167.08,930.532846077226,817.270077524178,179.43,167.08,1,"179.43"
"cnf17p10.wcnf","Open.WBO.ms",300.17,980.18766559319,865.966535107987,367.9,167.08,2,"367.9"
"cnf17p10.wcnf","Open.WBO.g",361.49,1003.59848294909,787.715564405582,462.53,167.08,3,"462.53"
"cnf17p10.wcnf","maxino2018",275.73,1004.26258217342,842.476837423268,334.8,167.08,4,"334.8"
"cnf17p10.wcnf","UWrMaxSat.1.0",473.38,1024.85813465012,814.9088829961,568.56,167.08,5,"568.56"
"cnf17p10.wcnf","QMaxSAT2018",531.21,1133.70465482371,791.60209611028,781.8,167.08,6,"781.8"
"cnf17p10.wcnf","MaxHS",902.7,1509.55335735873,733.421352804895,1147.1,167.08,1,"Inf"
