"InstanceName","Solver","SequentialRuntime","PredictedRuntime","Prediction_StandardError","ParallelRuntime","VBSRuntime","cores","ResultingTime"
"g2_n42e55_n44e53.wcnf","Open.WBO.ms",3600,743.803449259512,774.845160107212,3600,3600,1,"Inf"
"g2_n42e55_n44e53.wcnf","MaxHS",3600,748.85973700497,856.720304637284,3600,3600,2,"Inf"
"g2_n42e55_n44e53.wcnf","UWrMaxSat.1.0",3600,756.45653662208,807.728026663475,3600,3600,3,"Inf"
"g2_n42e55_n44e53.wcnf","Open.WBO.ms.pre",3600,771.832881535864,913.17337373594,3600,3600,4,"Inf"
"g2_n42e55_n44e53.wcnf","maxino2018",3600,821.413024191698,939.938183900432,3600,3600,5,"Inf"
"g2_n42e55_n44e53.wcnf","Open.WBO.g",3600,866.303921752821,924.275289433482,3600,3600,6,"Inf"
"g2_n42e55_n44e53.wcnf","QMaxSAT2018",3600,1266.56160432604,1101.68880492172,3600,3600,1,"Inf"
