"InstanceName","Solver","SequentialRuntime","PredictedRuntime","Prediction_StandardError","ParallelRuntime","VBSRuntime","cores","ResultingTime"
"ram_k3_n12ra0.wcnf","Open.WBO.ms.pre",3600,3414.73445606061,698.329395071386,3600,3600,1,"Inf"
"ram_k3_n12ra0.wcnf","Open.WBO.g",3600,3518.30787878788,537.732268886267,3600,3600,2,"Inf"
"ram_k3_n12ra0.wcnf","Open.WBO.ms",3600,3545.46484848485,441.351411819702,3600,3600,3,"Inf"
"ram_k3_n12ra0.wcnf","MaxHS",3600,3550.89041666667,397.71558503075,3600,3600,4,"Inf"
"ram_k3_n12ra0.wcnf","UWrMaxSat.1.0",3600,3572.73439393939,313.257964221957,3600,3600,5,"Inf"
"ram_k3_n12ra0.wcnf","maxino2018",3600,3572.76939393939,312.855844836699,3600,3600,6,"Inf"
"ram_k3_n12ra0.wcnf","QMaxSAT2018",3600,3594.58206060606,62.2473845272623,3600,3600,1,"Inf"
