"InstanceName","Solver","SequentialRuntime","PredictedRuntime","Prediction_StandardError","ParallelRuntime","VBSRuntime","cores","ResultingTime"
"10tree1020p.wcnf","Open.WBO.ms.pre",24.17,892.408073002615,367.482572677613,24.19,13.5,1,"24.19"
"10tree1020p.wcnf","UWrMaxSat.1.0",31.19,1037.76852627505,395.14874272343,31.86,13.5,2,"31.86"
"10tree1020p.wcnf","maxino2018",13.5,1077.36024239151,374.705616190181,13.33,13.5,3,"13.33"
"10tree1020p.wcnf","Open.WBO.ms",36.06,1078.68680550886,474.893827259201,36.04,13.5,4,"36.04"
"10tree1020p.wcnf","QMaxSAT2018",36.48,1083.12063102955,554.505805609203,36.53,13.5,5,"36.53"
"10tree1020p.wcnf","Open.WBO.g",16.36,1149.21703240189,414.930036469698,3600,13.5,6,"Inf"
"10tree1020p.wcnf","MaxHS",30.22,1272.11239695382,379.535082535137,30.68,13.5,7,"30.68"
