"InstanceName","Solver","SequentialRuntime","PredictedRuntime","Prediction_StandardError","ParallelRuntime","VBSRuntime","cores","ResultingTime"
"15tree701p.wcnf","maxino2018",9.44,930.188697021551,472.311429992402,11.04,9.44,1,"11.04"
"15tree701p.wcnf","MaxHS",22.89,933.159312827206,430.053945468687,26.37,9.44,2,"26.37"
"15tree701p.wcnf","Open.WBO.ms.pre",46.09,952.951764903504,536.359171511479,54.1,9.44,3,"54.1"
"15tree701p.wcnf","UWrMaxSat.1.0",18.95,1036.08127410723,487.4721316265,23.18,9.44,4,"23.18"
"15tree701p.wcnf","Open.WBO.g",13.74,1095.19465073589,568.098999961439,17.48,9.44,5,"17.48"
"15tree701p.wcnf","Open.WBO.ms",40.78,1150.34770506411,558.094393804073,48.54,9.44,6,"48.54"
"15tree701p.wcnf","QMaxSAT2018",251.3,1350.41711604629,780.813841474919,304.13,9.44,7,"304.13"
