"InstanceName","Solver","SequentialRuntime","PredictedRuntime","Prediction_StandardError","ParallelRuntime","VBSRuntime","cores","ResultingTime"
"AES1-30-5.wcnf","maxino2018",0.69,172.501663326614,452.06944672132,0.69,0.69,1,"0.69"
"AES1-30-5.wcnf","Open.WBO.ms.pre",25.4,212.755437400462,471.004689016703,29.21,0.69,2,"29.21"
"AES1-30-5.wcnf","Open.WBO.ms",25.5,274.500862116882,518.151415948702,29.37,0.69,3,"29.37"
"AES1-30-5.wcnf","Open.WBO.g",15.19,276.387788206803,516.418023813577,17.79,0.69,4,"17.79"
"AES1-30-5.wcnf","UWrMaxSat.1.0",1.23,367.589198636105,697.820573171656,1.33,0.69,5,"1.33"
"AES1-30-5.wcnf","MaxHS",2.39,440.896281666022,590.66322879392,2.43,0.69,6,"2.43"
"AES1-30-5.wcnf","QMaxSAT2018",216.91,2838.99380389121,734.461970836192,266.38,0.69,7,"266.38"
