"InstanceName","Solver","SequentialRuntime","PredictedRuntime","Prediction_StandardError","ParallelRuntime","VBSRuntime","cores","ResultingTime"
"cnf9p10.wcnf","Open.WBO.ms.pre",36.82,929.75968230825,713.693768946373,41.58,4.6,1,"41.58"
"cnf9p10.wcnf","UWrMaxSat.1.0",4.6,991.419573496667,545.894858682537,5.38,4.6,2,"5.38"
"cnf9p10.wcnf","maxino2018",32.14,1124.02814637803,653.969447775662,38.96,4.6,3,"38.96"
"cnf9p10.wcnf","MaxHS",146.93,1133.70071439539,827.166958628122,225.66,4.6,4,"225.66"
"cnf9p10.wcnf","Open.WBO.ms",84.2,1264.83715535337,581.904519585008,101.18,4.6,5,"101.18"
"cnf9p10.wcnf","Open.WBO.g",12.79,1380.90020305071,917.845883872713,15.79,4.6,6,"15.79"
"cnf9p10.wcnf","QMaxSAT2018",18.73,1829.93914709361,908.707717256793,23,4.6,7,"23"
