"InstanceName","Solver","SequentialRuntime","PredictedRuntime","Prediction_StandardError","ParallelRuntime","VBSRuntime","cores","ResultingTime"
"g3_n37e36_n37e35_n39e39.wcnf","Open.WBO.ms.pre",89.27,545.740987756096,695.561403698911,90.47,89.27,1,"90.47"
"g3_n37e36_n37e35_n39e39.wcnf","Open.WBO.ms",128.54,553.487638107381,788.878585061704,134.07,89.27,2,"134.07"
"g3_n37e36_n37e35_n39e39.wcnf","Open.WBO.g",1757.8,816.306464250169,871.336241007957,2336.9,89.27,3,"Inf"
"g3_n37e36_n37e35_n39e39.wcnf","UWrMaxSat.1.0",175.85,1125.94699959857,988.670691299355,174.18,89.27,4,"174.18"
"g3_n37e36_n37e35_n39e39.wcnf","maxino2018",768.83,1138.62459264246,1010.393287937,985.81,89.27,5,"985.81"
"g3_n37e36_n37e35_n39e39.wcnf","MaxHS",1410.61,1358.77565682075,1071.14825580204,1415.25,89.27,6,"Inf"
"g3_n37e36_n37e35_n39e39.wcnf","QMaxSAT2018",665.25,1370.50426873584,1232.32575398783,701.18,89.27,7,"701.18"
