"InstanceName","Solver","SequentialRuntime","PredictedRuntime","Prediction_StandardError","ParallelRuntime","VBSRuntime","cores","ResultingTime"
"mrisc_mem2wire.wcnf","Open.WBO.ms.pre",113.07,752.892579386735,1203.22592806079,123.44,13.23,1,"123.44"
"mrisc_mem2wire.wcnf","Open.WBO.ms",160.03,955.118963602652,1063.244580691,243.26,13.23,2,"243.26"
"mrisc_mem2wire.wcnf","maxino2018",13.23,994.852448536897,1228.03671863441,23.33,13.23,3,"23.33"
"mrisc_mem2wire.wcnf","UWrMaxSat.1.0",14.98,997.942715601661,1290.65834008064,19.32,13.23,4,"19.32"
"mrisc_mem2wire.wcnf","Open.WBO.g",34.32,1027.05939069433,1305.43019031589,50.9,13.23,5,"50.9"
"mrisc_mem2wire.wcnf","QMaxSAT2018",27.55,1035.29624718577,1262.49625130244,43.08,13.23,6,"43.08"
"mrisc_mem2wire.wcnf","MaxHS",162.91,1036.42608176222,1293.3872449109,223.67,13.23,7,"223.67"
