"InstanceName","Solver","SequentialRuntime","PredictedRuntime","Prediction_StandardError","ParallelRuntime","VBSRuntime","cores","ResultingTime"
"ram_k3_n20ra0.wcnf","Open.WBO.g",3600,3412.08273952096,790.537421668875,3600,3600,1,"Inf"
"ram_k3_n20ra0.wcnf","UWrMaxSat.1.0",3600,3418.30122421823,768.069541522808,3600,3600,2,"Inf"
"ram_k3_n20ra0.wcnf","MaxHS",3600,3483.62089421158,583.832696802246,3600,3600,3,"Inf"
"ram_k3_n20ra0.wcnf","maxino2018",3600,3484.7907066636,607.496104064673,3600,3600,4,"Inf"
"ram_k3_n20ra0.wcnf","Open.WBO.ms",3600,3502.31721412015,567.996804100625,3600,3600,5,"Inf"
"ram_k3_n20ra0.wcnf","QMaxSAT2018",3600,3561.63835329341,349.54938923892,3600,3600,6,"Inf"
"ram_k3_n20ra0.wcnf","Open.WBO.ms.pre",3600,3600,2.75664633220579e-13,3600,3600,7,"3600"
