"InstanceName","Solver","SequentialRuntime","PredictedRuntime","Prediction_StandardError","ParallelRuntime","VBSRuntime","cores","ResultingTime"
"ram_k3_n17ra0.wcnf","Open.WBO.ms",3600,3549.30404255319,424.143439394503,3600,3600,1,"Inf"
"ram_k3_n17ra0.wcnf","MaxHS",3600,3562.90648460474,320.521852376208,3600,3600,2,"Inf"
"ram_k3_n17ra0.wcnf","QMaxSAT2018",3600,3574.54858156028,302.218849153536,3600,3600,3,"Inf"
"ram_k3_n17ra0.wcnf","Open.WBO.g",3600,3574.62281914894,301.33732663016,3600,3600,4,"Inf"
"ram_k3_n17ra0.wcnf","maxino2018",3600,3591.60229314421,99.7172439523374,3600,3600,5,"Inf"
"ram_k3_n17ra0.wcnf","Open.WBO.ms.pre",3600,3600,1.08705408759706e-13,3600,3600,6,"3600"
"ram_k3_n17ra0.wcnf","UWrMaxSat.1.0",3600,3600,1.71878342830145e-13,3600,3600,7,"3600"
