"InstanceName","Solver","SequentialRuntime","PredictedRuntime","Prediction_StandardError","ParallelRuntime","VBSRuntime","cores","ResultingTime"
"simp-ibd_5004.wcnf","Open.WBO.ms.pre",17.62,944.275366726418,456.85477754994,17.56,7.26,1,"17.56"
"simp-ibd_5004.wcnf","UWrMaxSat.1.0",7.26,979.748765706681,358.025695829366,7.22,7.26,2,"7.22"
"simp-ibd_5004.wcnf","Open.WBO.ms",16.58,1068.168054385,516.677568647336,16.63,7.26,3,"16.63"
"simp-ibd_5004.wcnf","maxino2018",35.98,1068.56170864345,427.783629052545,36.94,7.26,4,"36.94"
"simp-ibd_5004.wcnf","Open.WBO.g",12.12,1118.66065022217,403.082065306669,12.14,7.26,5,"12.14"
"simp-ibd_5004.wcnf","MaxHS",3600,1207.37904025266,454.175597715108,3600,7.26,6,"Inf"
"simp-ibd_5004.wcnf","QMaxSAT2018",9.96,1230.86776406871,512.667613818683,10.12,7.26,7,"10.12"
