"InstanceName","Solver","SequentialRuntime","PredictedRuntime","Prediction_StandardError","ParallelRuntime","VBSRuntime","cores","ResultingTime"
"sudoku.wcnf","Open.WBO.ms.pre",20.39,1426.34317506459,237.420410753625,22.16,2.92,1,"22.16"
"sudoku.wcnf","UWrMaxSat.1.0",4.73,1544.36233767516,288.512869043072,5.22,2.92,2,"5.22"
"sudoku.wcnf","Open.WBO.ms",148.85,1560.81607857354,292.689804161149,239.8,2.92,3,"239.8"
"sudoku.wcnf","maxino2018",2.92,1593.38920866015,317.513910326626,3.21,2.92,4,"3.21"
"sudoku.wcnf","Open.WBO.g",6.35,1652.6968720397,297.746089955992,9.51,2.92,5,"9.51"
"sudoku.wcnf","QMaxSAT2018",3.37,1953.2529526774,248.537641132614,4.79,2.92,6,"4.79"
"sudoku.wcnf","MaxHS",2371.9,2039.85684986264,292.779955472216,2846.67,2.92,7,"Inf"
