"InstanceName","Solver","SequentialRuntime","PredictedRuntime","Prediction_StandardError","ParallelRuntime","VBSRuntime","delta","delta_prime","alpha","method_number","orderBy"
"sat/gss-28-s100.cnf","glucose_hack_kiel_newScript",5000,4355.46151291913,1254.37958419069,5000,5000,0,0,0,0,"pred"
"sat/gss-28-s100.cnf","MapleCOMSPS_DRUP",5000,4643.48758145956,430.962284191261,5000,5000,0,0,0,0,"pred"
"sat/gss-28-s100.cnf","COMiniSatPSChandrasekharDRUP",5000,4742.61423323471,712.41640399195,5000,5000,0,0,0,0,"pred"
"sat/gss-28-s100.cnf","Lingelingbbcmain",5000,4864.16892781065,730.93072535955,5000,5000,0,0,0,0,"pred"
"sat/gss-28-s100.cnf","abcdSAT_drup",5000,4864.40064674556,730.894268911551,5000,5000,0,0,0,0,"pred"
"sat/gss-28-s100.cnf","MapleCMS",5000,4870.21370828402,670.823368994303,5000,5000,0,0,0,0,"pred"
"sat/gss-28-s100.cnf","glueminisat.2210.81.main",5000,4900.51673372781,625.551602007116,5000,5000,0,0,0,0,"pred"
"sat/gss-28-s100.cnf","Glucose_nbSat",5000,4904.90213155819,574.567277471871,5000,5000,0,0,0,0,"pred"
