"InstanceName","Solver","SequentialRuntime","PredictedRuntime","Prediction_StandardError","ParallelRuntime","VBSRuntime","delta","delta_prime","alpha","method_number","orderBy"
"sat/modgen-n200-m90860q08c40-5377.cnf","MapleCOMSPS_CHB_DRUP",0.028,1075.66680770202,1836.17930566796,0.01,0.011,0,0,0,0,"pred"
"sat/modgen-n200-m90860q08c40-5377.cnf","MapleCOMSPS_LRB_DRUP",0.011,1323.19479015152,1981.55641528868,0.01,0.011,0,0,0,0,"pred"
"sat/modgen-n200-m90860q08c40-5377.cnf","CHBR_glucose_tuned",0.153,1331.21379368687,1914.39981130229,0.08,0.011,0,0,0,0,"pred"
"sat/modgen-n200-m90860q08c40-5377.cnf","MapleCMS",0.032,1411.93627424242,1881.48300501799,0.02,0.011,0,0,0,0,"pred"
"sat/modgen-n200-m90860q08c40-5377.cnf","cmsat5_autotune2",0.075,1466.36611830808,1891.94371381029,0.03,0.011,0,0,0,0,"pred"
"sat/modgen-n200-m90860q08c40-5377.cnf","CHBR_glucose",0.011,1481.14788131313,2061.13459160861,0.01,0.011,0,0,0,0,"pred"
"sat/modgen-n200-m90860q08c40-5377.cnf","GHackCOMSPS_DRUP",0.028,1606.39894861111,1933.36200112649,0.01,0.011,0,0,0,0,"pred"
"sat/modgen-n200-m90860q08c40-5377.cnf","glucose",0.1,1627.72147260101,2067.25422186986,0.05,0.011,0,0,0,0,"pred"
