"InstanceName","Solver","SequentialRuntime","PredictedRuntime","Prediction_StandardError","ParallelRuntime","VBSRuntime","delta","delta_prime","alpha","method_number","orderBy"
"sat/mulhs064.cnf","Lingelingbbcmain",5000,3351.297917827,1985.06811140337,5000,5000,0,0,0,0,"pred"
"sat/mulhs064.cnf","abcdSAT_drup",5000,3494.40251181435,1869.53908717166,5000,5000,0,0,0,0,"pred"
"sat/mulhs064.cnf","glucose",5000,3515.45431845992,1896.31913649026,5000,5000,0,0,0,0,"pred"
"sat/mulhs064.cnf","CHBR_glucose",5000,3612.14418386076,1871.32311446181,5000,5000,0,0,0,0,"pred"
"sat/mulhs064.cnf","tc_glucose",5000,3615.34120232067,1801.38844673647,5000,5000,0,0,0,0,"pred"
"sat/mulhs064.cnf","tb_glucose",5000,3622.05648154009,1723.34171585597,5000,5000,0,0,0,0,"pred"
"sat/mulhs064.cnf","MapleCOMSPS_DRUP",5000,3626.48566951477,1987.75004523024,5000,5000,0,0,0,0,"pred"
"sat/mulhs064.cnf","CHBR_glucose_tuned",5000,3630.79052732068,1866.17126956735,5000,5000,0,0,0,0,"pred"
