"InstanceName","Solver","SequentialRuntime","PredictedRuntime","Prediction_StandardError","ParallelRuntime","VBSRuntime","delta","delta_prime","alpha","method_number","orderBy"
"sat/mulhs032.cnf","Splatz06vmain",5000,4001.39739587629,1766.53318069352,5000,5000,0,0,0,0,"pred"
"sat/mulhs032.cnf","cmsat5_autotune2",5000,4090.89550206186,1736.59435378951,5000,5000,0,0,0,0,"pred"
"sat/mulhs032.cnf","tb_glucose",5000,4230.08728178694,1553.70501428178,5000,5000,0,0,0,0,"pred"
"sat/mulhs032.cnf","Lingelingbbcmain",5000,4300.76176013746,1523.91684318606,5000,5000,0,0,0,0,"pred"
"sat/mulhs032.cnf","abcdSAT_drup",5000,4380.06768780069,1483.40682053707,5000,5000,0,0,0,0,"pred"
"sat/mulhs032.cnf","glueminisat.2210.81.main",5000,4396.82507010309,1364.93339894419,5000,5000,0,0,0,0,"pred"
"sat/mulhs032.cnf","CHBR_glucose_tuned",5000,4411.45337061856,1470.58431865706,5000,5000,0,0,0,0,"pred"
"sat/mulhs032.cnf","tc_glucose",5000,4412.90804226804,1408.86074023903,5000,5000,0,0,0,0,"pred"
