"InstanceName","Solver","SequentialRuntime","PredictedRuntime","Prediction_StandardError","ParallelRuntime","VBSRuntime","delta","delta_prime","alpha","method_number","orderBy"
"sat/Sz512_15127_3.smt2-cvc4.cnf","glueminisat.2210.81.main",168.533,2939.31514663866,1836.93125000057,175.08,99.364,0,0,0,0,"pred"
"sat/Sz512_15127_3.smt2-cvc4.cnf","MapleCOMSPS_DRUP",99.364,2961.0636105042,2177.03311947217,96.73,99.364,0,0,0,0,"pred"
"sat/Sz512_15127_3.smt2-cvc4.cnf","glue_alt",278.941,2974.62560112045,1834.81310574149,284.51,99.364,0,0,0,0,"pred"
"sat/Sz512_15127_3.smt2-cvc4.cnf","tb_glucose",112.275,2988.70477016807,1863.4857523455,113.27,99.364,0,0,0,0,"pred"
"sat/Sz512_15127_3.smt2-cvc4.cnf","Splatz06vmain",152.854,3240.50802114846,1920.36198381211,159.85,99.364,0,0,0,0,"pred"
"sat/Sz512_15127_3.smt2-cvc4.cnf","COMiniSatPSChandrasekharDRUP",129.696,3290.77933557423,1891.81930569232,130.17,99.364,0,0,0,0,"pred"
"sat/Sz512_15127_3.smt2-cvc4.cnf","BeansAndEggs",179.132,3304.65982184874,1779.38409320555,179.93,99.364,0,0,0,0,"pred"
"sat/Sz512_15127_3.smt2-cvc4.cnf","glucose",139.781,3395.00434005602,1732.90301308103,145.67,99.364,0,0,0,0,"pred"
