"InstanceName","Solver","SequentialRuntime","PredictedRuntime","Prediction_StandardError","ParallelRuntime","VBSRuntime","delta","delta_prime","alpha","method_number","orderBy"
"sat/Sz512_15127_4.smt2-cvc4.cnf","MapleCOMSPS_DRUP",5000,1549.40049921384,1944.55068702513,5000,5000,0,0,0,0,"pred"
"sat/Sz512_15127_4.smt2-cvc4.cnf","tb_glucose",5000,2320.21932264151,1767.75658927882,5000,5000,0,0,0,0,"pred"
"sat/Sz512_15127_4.smt2-cvc4.cnf","CHBR_glucose_tuned",5000,2423.47261981132,1625.3786011151,5000,5000,0,0,0,0,"pred"
"sat/Sz512_15127_4.smt2-cvc4.cnf","Splatz06vmain",5000,2446.22881572327,1459.04006414357,5000,5000,0,0,0,0,"pred"
"sat/Sz512_15127_4.smt2-cvc4.cnf","glue_alt",5000,2837.06952515723,1640.46969575567,5000,5000,0,0,0,0,"pred"
"sat/Sz512_15127_4.smt2-cvc4.cnf","MapleCMS",5000,2888.01596981132,1563.21293922718,5000,5000,0,0,0,0,"pred"
"sat/Sz512_15127_4.smt2-cvc4.cnf","BeansAndEggs",5000,2911.20917342767,1435.21022166196,5000,5000,0,0,0,0,"pred"
"sat/Sz512_15127_4.smt2-cvc4.cnf","glueminisat.2210.81.main",5000,2981.17227625786,1594.17369205648,5000,5000,0,0,0,0,"pred"
