"InstanceName","Solver","SequentialRuntime","PredictedRuntime","Prediction_StandardError","ParallelRuntime","VBSRuntime","cores","ResultingTime"
"frb40-19-1partial.wcnf","Open.WBO.ms",14.38,53.418542635659,43.3764351567934,14.78,6.44,2,"14.78"
"frb40-19-1partial.wcnf","Open.WBO.g",47.03,52.1554147286821,73.9199909992187,47.82,6.44,1,"47.82"
"frb40-19-1partial.wcnf","MaxHS",14.16,78.9052945736434,145.215802465178,14.08,6.44,3,"14.08"
"frb40-19-1partial.wcnf","QMaxSAT2018",34.94,168.911224806201,206.646632713967,36.07,6.44,5,"36.07"
"frb40-19-1partial.wcnf","UWrMaxSat.1.0",6.44,98.2248139534884,301.851911648048,6.52,6.44,4,"6.52"
"frb40-19-1partial.wcnf","Open.WBO.ms.pre",3600,3519.07576744186,530.655680126318,3600,6.44,7,"3600"
"frb40-19-1partial.wcnf","maxino2018",3600,3475.61569453174,604.559279300076,3600,6.44,6,"3600"
