"InstanceName","Solver","SequentialRuntime","PredictedRuntime","Prediction_StandardError","ParallelRuntime","VBSRuntime","cores","ResultingTime"
"TEAMS20_l10aacnf.wcnf","UWrMaxSat.1.0",0.28,131.869481183656,527.2083740193,0.29,0.28,1,"0.29"
"TEAMS20_l10aacnf.wcnf","maxino2018",0.38,169.878310956783,564.674120641648,0.38,0.28,2,"0.38"
"TEAMS20_l10aacnf.wcnf","MaxHS",3.14,247.476594207368,636.696512365617,4.14,0.28,3,"4.14"
"TEAMS20_l10aacnf.wcnf","Open.WBO.ms",29.59,1812.49495997926,1730.82341163332,30.61,0.28,4,"30.61"
"TEAMS20_l10aacnf.wcnf","Open.WBO.g",5.74,1863.18386634702,1750.40904271785,6.01,0.28,5,"6.01"
"TEAMS20_l10aacnf.wcnf","QMaxSAT2018",13.01,2543.65198031343,1594.65630397036,13.21,0.28,6,"13.21"
"TEAMS20_l10aacnf.wcnf","Open.WBO.ms.pre",0.49,2859.85603009169,1388.39149827756,0.52,0.28,7,"0.52"
