"InstanceName","Solver","SequentialRuntime","PredictedRuntime","Prediction_StandardError","ParallelRuntime","VBSRuntime","cores","ResultingTime"
"uaq-nr-nr220-nc73-n3-k2-rpp4-ppr2-plb50.wcnf","UWrMaxSat.1.0",6.64,15.5429512820513,25.1571529547699,6.82,6.64,1,"6.82"
"uaq-nr-nr220-nc73-n3-k2-rpp4-ppr2-plb50.wcnf","Open.WBO.ms.pre",130.46,157.23018974359,450.190171433185,136.82,6.64,3,"136.82"
"uaq-nr-nr220-nc73-n3-k2-rpp4-ppr2-plb50.wcnf","maxino2018",36.73,151.086361538462,543.730712293248,36.72,6.64,2,"36.72"
"uaq-nr-nr220-nc73-n3-k2-rpp4-ppr2-plb50.wcnf","MaxHS",29.66,281.170739053254,482.593307655097,52.7,6.64,4,"52.7"
"uaq-nr-nr220-nc73-n3-k2-rpp4-ppr2-plb50.wcnf","Open.WBO.g",893.62,958.192140957492,1467.3850970185,984.18,6.64,5,"984.18"
"uaq-nr-nr220-nc73-n3-k2-rpp4-ppr2-plb50.wcnf","Open.WBO.ms",437.3,1127.64370081585,1542.67063648892,467.37,6.64,6,"467.37"
"uaq-nr-nr220-nc73-n3-k2-rpp4-ppr2-plb50.wcnf","QMaxSAT2018",3600,1685.75977474666,1576.20426865243,3600,6.64,7,"Inf"
