"InstanceName","Solver","SequentialRuntime","PredictedRuntime","Prediction_StandardError","ParallelRuntime","VBSRuntime","delta","delta_prime","alpha","method_number","orderBy"
"sat/Karatsuba6972593x13466917.cnf","CaDiCaL",356.802,254.850806,684.403414052461,447.59,26.712,0,0,0,5,"pred"
"sat/Karatsuba6972593x13466917.cnf","expMC_LRB_VSIDS_Switch_2500",271.85,304.515244888889,792.303862411217,310.97,26.712,0,0,0,5,"pred"
"sat/Karatsuba6972593x13466917.cnf","MapleCOMSPS_LRB_VSIDS_2_fix",291.263,327.657612666667,611.945029063217,357.49,26.712,0,0,0,5,"pred"
"sat/Karatsuba6972593x13466917.cnf","MapleLCMDistChronoBT",241.787,337.232280888889,962.140505746896,283.98,26.712,0,0,0,5,"pred"
"sat/Karatsuba6972593x13466917.cnf","glu_mix",504.734,393.908908666667,1032.19893599595,637.6,26.712,0,0,0,5,"pred"
