"InstanceName","Solver","SequentialRuntime","PredictedRuntime","Prediction_StandardError","ParallelRuntime","VBSRuntime","delta","delta_prime","alpha","method_number","orderBy"
"sat/gto_p50c314.cnf","abcdsat_r18",5000,4185.50597913669,1716.80436095856,5000,5000,0,0,0,5,"pred"
"sat/gto_p50c314.cnf","smallsat",5000,4301.98978776978,1628.01606320691,5000,5000,0,0,0,5,"pred"
"sat/gto_p50c314.cnf","Maple_LCM_M1",5000,4384.986708753,1476.19145532427,5000,5000,0,0,0,5,"pred"
"sat/gto_p50c314.cnf","MapleCOMSPS_LRB_VSIDS_2_fix",5000,4457.07271870504,1433.35247848825,5000,5000,0,0,0,5,"pred"
"sat/gto_p50c314.cnf","Maple_LCM_Scavel_200_fix2",5000,4468.67067098321,1388.74983288581,5000,5000,0,0,0,5,"pred"
"sat/gto_p50c314.cnf","Maple_CM_ordUIP.",5000,4473.07787206235,1423.64488975383,5000,5000,0,0,0,5,"pred"
"sat/gto_p50c314.cnf","MapleCOMSPS_LRB_VSIDS_drup",5000,4490.72133717026,1379.08005356556,5000,5000,0,0,0,5,"pred"
"sat/gto_p50c314.cnf","Riss7.1.fix",5000,4514.99272601919,1318.41514323224,5000,5000,0,0,0,5,"pred"
"sat/gto_p50c314.cnf","expMC_LRB_VSIDS_Switch_2500",5000,4522.88075431655,1304.70924691237,5000,5000,0,0,0,5,"pred"
