"InstanceName","Solver","SequentialRuntime","PredictedRuntime","Prediction_StandardError","ParallelRuntime","VBSRuntime","delta","delta_prime","alpha","method_number","orderBy"
"sat/Karatsuba6972593x13466917.cnf","CaDiCaL",356.802,254.850806,684.403414052461,440.15,26.712,0,0,0,5,"pred"
"sat/Karatsuba6972593x13466917.cnf","expMC_LRB_VSIDS_Switch_2500",271.85,304.515244888889,792.303862411217,351.65,26.712,0,0,0,5,"pred"
"sat/Karatsuba6972593x13466917.cnf","MapleCOMSPS_LRB_VSIDS_2_fix",291.263,327.657612666667,611.945029063217,364.26,26.712,0,0,0,5,"pred"
"sat/Karatsuba6972593x13466917.cnf","MapleLCMDistChronoBT",241.787,337.232280888889,962.140505746896,295.52,26.712,0,0,0,5,"pred"
"sat/Karatsuba6972593x13466917.cnf","glu_mix",504.734,393.908908666667,1032.19893599595,5000,26.712,0,0,0,5,"pred"
"sat/Karatsuba6972593x13466917.cnf","Maple_LCM_Scavel_200_fix2",77.624,405.023826,947.434739130005,95.66,26.712,0,0,0,5,"pred"
"sat/Karatsuba6972593x13466917.cnf","Maple_LCM_M1",235.484,422.222663111111,1031.68599752284,298.41,26.712,0,0,0,5,"pred"
"sat/Karatsuba6972593x13466917.cnf","Maple_LCM_Scavel_fix2",296.029,436.215093777778,952.021449448061,357.17,26.712,0,0,0,5,"pred"
