"InstanceName","Solver","SequentialRuntime","PredictedRuntime","Prediction_StandardError","ParallelRuntime","VBSRuntime","delta","delta_prime","alpha","method_number","orderBy"
"E02F17.cnf","glucose_2.0",20.06,325.973274305555,958.11360133485,20.94,15.67,0,0,0,5,"pred"
"E02F17.cnf","RestartSAT_B95",29.91,404.032837962963,1102.48652878167,32.99,15.67,0,0,0,5,"pred"
"E02F17.cnf","minisathackreferenceminisat_2.2.0",35.45,409.38309837963,1093.72979552752,37.86,15.67,0,0,0,5,"pred"
"E02F17.cnf","minisathackEBMiniSAT_2011.03.02",74.14,473.962863425926,1178.4961956803,79.8,15.67,0,0,0,5,"pred"
"E02F17.cnf","SAT09referencesolverprecosat_236",32.59,523.068706018519,1262.26343539099,38.35,15.67,0,0,0,5,"pred"
"E02F17.cnf","lingeling.587f.4882048.110513",33.3,559.951246527777,1286.82040415059,34.57,15.67,0,0,0,5,"pred"
