"InstanceName","Solver","SequentialRuntime","PredictedRuntime","Prediction_StandardError","ParallelRuntime","VBSRuntime","cores","ResultingTime"
"10tree425p.wcnf","UWrMaxSat.1.0",56.37,351.197994376349,664.137770465002,56.74,20.7,1,"56.74"
"10tree425p.wcnf","QMaxSAT2018",40.6,366.689709216335,729.850214037867,40.62,20.7,2,"40.62"
"10tree425p.wcnf","Open.WBO.ms.pre",27.74,571.75825384141,922.847643679928,27.75,20.7,1,"Inf"
"10tree425p.wcnf","maxino2018",21.88,591.68472447507,842.02078946922,21.93,20.7,2,"Inf"
"10tree425p.wcnf","MaxHS",44.3,598.651723207068,786.93309453965,44.2,20.7,1,"Inf"
"10tree425p.wcnf","Open.WBO.g",20.7,751.299264081705,1074.69725876041,20.73,20.7,2,"Inf"
"10tree425p.wcnf","Open.WBO.ms",41.81,864.634204443891,1255.99368918312,41.53,20.7,1,"Inf"
