"InstanceName","Solver","SequentialRuntime","PredictedRuntime","Prediction_StandardError","ParallelRuntime","VBSRuntime","cores","ResultingTime"
"cnf18t9.wcnf","Open.WBO.ms.pre",70.68,571.120427259552,559.180415560765,73.43,5.26,1,"73.43"
"cnf18t9.wcnf","Open.WBO.ms",68.26,635.489988402947,651.190868156935,71.26,5.26,2,"71.26"
"cnf18t9.wcnf","maxino2018",11.61,689.37433704195,489.316676788843,12.08,5.26,1,"Inf"
"cnf18t9.wcnf","Open.WBO.g",17.4,740.559250890005,603.13290720921,18.56,5.26,2,"Inf"
"cnf18t9.wcnf","UWrMaxSat.1.0",5.26,754.086455832903,665.84285529711,5.44,5.26,1,"Inf"
"cnf18t9.wcnf","QMaxSAT2018",8.99,1065.05033443,723.065705415621,9.18,5.26,2,"Inf"
"cnf18t9.wcnf","MaxHS",42.06,1499.16466139099,726.551748313898,36.33,5.26,1,"Inf"
