"InstanceName","Solver","SequentialRuntime","PredictedRuntime","Prediction_StandardError","ParallelRuntime","VBSRuntime","cores","ResultingTime"
"cnf9p8.wcnf","MaxHS",98.03,1026.66131265493,636.705637912349,95.58,5.76,1,"95.58"
"cnf9p8.wcnf","UWrMaxSat.1.0",5.76,1034.00800493035,525.382078589331,5.85,5.76,2,"5.85"
"cnf9p8.wcnf","Open.WBO.ms.pre",35.74,1109.27495385213,581.330027159273,36.47,5.76,1,"Inf"
"cnf9p8.wcnf","maxino2018",10.22,1128.98181448449,533.937414575739,10.3,5.76,2,"Inf"
"cnf9p8.wcnf","Open.WBO.ms",60.45,1170.88675748577,466.371924193215,61.03,5.76,1,"Inf"
"cnf9p8.wcnf","Open.WBO.g",14.61,1182.05377496557,535.390899162843,14.93,5.76,2,"Inf"
"cnf9p8.wcnf","QMaxSAT2018",24.39,1921.67754204926,740.998895195312,24.67,5.76,1,"Inf"
