"InstanceName","Solver","SequentialRuntime","PredictedRuntime","Prediction_StandardError","ParallelRuntime","VBSRuntime","cores","ResultingTime"
"maxcut-140-630-08-36.wcnf","MaxHS",3600,1315.42445819967,1151.63047848877,3600,3600,1,"Inf"
"maxcut-140-630-08-36.wcnf","Open.WBO.ms.pre",3600,1770.94751590473,787.572140571765,3600,3600,2,"Inf"
"maxcut-140-630-08-36.wcnf","Open.WBO.ms",3600,1925.66725134061,877.94789274783,3600,3600,1,"Inf"
"maxcut-140-630-08-36.wcnf","Open.WBO.g",3600,1949.54374128591,828.177734104898,3600,3600,2,"Inf"
"maxcut-140-630-08-36.wcnf","maxino2018",3600,2154.11649088917,885.170918710674,3600,3600,1,"Inf"
"maxcut-140-630-08-36.wcnf","UWrMaxSat.1.0",3600,2176.67285778889,822.851644287109,3600,3600,2,"Inf"
"maxcut-140-630-08-36.wcnf","QMaxSAT2018",3600,2899.63633407573,616.59050075893,3600,3600,1,"Inf"
