"InstanceName","Solver","SequentialRuntime","PredictedRuntime","Prediction_StandardError","ParallelRuntime","VBSRuntime","delta","delta_prime","alpha","method_number","orderBy"
"sat/modgen-n200-m90860q08c40-1876.cnf","gulch",54.07,486.499890025252,1237.51086549765,124.32,2.945,0,0,0,5,"pred"
"sat/modgen-n200-m90860q08c40-1876.cnf","MapleCOMSPS_CHB_DRUP",50.272,515.818170454545,1167.9430655356,88.03,2.945,0,0,0,5,"pred"
"sat/modgen-n200-m90860q08c40-1876.cnf","MapleCMS",59.553,639.96778510101,1211.22752846244,235.94,2.945,0,0,0,5,"pred"
"sat/modgen-n200-m90860q08c40-1876.cnf","CHBR_glucose",32.322,657.023931439394,1402.56985792321,75.37,2.945,0,0,0,5,"pred"
"sat/modgen-n200-m90860q08c40-1876.cnf","MapleCOMSPS_DRUP",2.945,675.865451388889,1445.02638226609,146.24,2.945,0,0,0,5,"pred"
"sat/modgen-n200-m90860q08c40-1876.cnf","COMiniSatPSChandrasekharDRUP",141.4,695.827942676768,1394.51068060221,141.267560124996,2.945,0,0,0,5,"pred"
"sat/modgen-n200-m90860q08c40-1876.cnf","CHBR_glucose_tuned",42.662,734.304960984849,1491.13825014583,73.73,2.945,0,0,0,5,"pred"
"sat/modgen-n200-m90860q08c40-1876.cnf","GHackCOMSPS_DRUP",164.83,799.545517550506,1394.49803956073,168.064565472731,2.945,0,0,0,5,"pred"
"sat/modgen-n200-m90860q08c40-1876.cnf","BeansAndEggs",219.564,800.534792045454,1325.35125390472,219.29719486534,2.945,0,0,0,5,"pred"
