"InstanceName","Solver","SequentialRuntime","PredictedRuntime","Prediction_StandardError","ParallelRuntime","VBSRuntime","delta","delta_prime","alpha","method_number","orderBy"
"sat/6-5-6.cnf","Sparrow2Riss.2018.fixfix",5000,4696.54711738609,1024.108276136,5000,5000,0,0,0,5,"pred"
"sat/6-5-6.cnf","glucose4.2.1",5000,4761.72973441247,759.076664683052,5000,5000,0,0,0,5,"pred"
"sat/6-5-6.cnf","smallsat",5000,4832.64356990408,764.17913801567,5000,5000,0,0,0,5,"pred"
"sat/6-5-6.cnf","Maple_CM_ordUIP.",5000,4856.21966223022,744.362118020182,5000,5000,0,0,0,5,"pred"
"sat/6-5-6.cnf","Lingeling",5000,4871.48717038369,669.155983689529,5000,5000,0,0,0,5,"pred"
"sat/6-5-6.cnf","glu_mix",5000,4872.74577386091,589.674068332638,5000,5000,0,0,0,5,"pred"
"sat/6-5-6.cnf","MapleCOMSPS_CHB_VSIDS_drup",5000,4881.53770791367,687.836083070868,5000,5000,0,0,0,5,"pred"
"sat/6-5-6.cnf","CaDiCaL",5000,4902.02216582734,616.380746879902,5000,5000,0,0,0,5,"pred"
