"InstanceName","Solver","SequentialRuntime","PredictedRuntime","Prediction_StandardError","ParallelRuntime","VBSRuntime","delta","delta_prime","alpha","method_number","orderBy"
"spider_p02.pddl","Metis1",12.31,123.923532085562,354.800426230953,12.65,1.68,0,0,0,5,"pred"
"spider_p02.pddl","blind",1.68,133.646528520499,418.469595192624,1.76,1.68,0,0,0,5,"pred"
"spider_p02.pddl","DecStar",13.18,183.389793226382,479.693174577533,12.75,1.68,0,0,0,5,"pred"
"spider_p02.pddl","Metis2",13.34,194.157007130125,458.083662911927,13.63,1.68,0,0,0,5,"pred"
"spider_p02.pddl","Delfi2",15.14,219.321717468806,478.396673171186,28.86,1.68,0,0,0,5,"pred"
"spider_p02.pddl","symbolic.bidirectional",36.71,231.312837789662,472.675863610889,44.61,1.68,0,0,0,5,"pred"
"spider_p02.pddl","Scorpion",241.14,316.0738057041,338.396172604234,235.51,1.68,0,0,0,5,"pred"
"spider_p02.pddl","Delfi1",910.65,832.299424242425,292.366649505006,910.93,1.68,0,0,0,5,"pred"
"spider_p02.pddl","FDMS1",917.41,908.784212121213,342.162573846149,909.41,1.68,0,0,0,5,"pred"
