"InstanceName","Solver","SequentialRuntime","PredictedRuntime","Prediction_StandardError","ParallelRuntime","VBSRuntime","delta","delta_prime","alpha","method_number","orderBy"
"p_hat300-3clq.wcnf","MaxHS",3600,2438.21938761411,1465.89571137847,3600,1700.96,0,0,0,5,"pred"
"p_hat300-3clq.wcnf","Open.WBO.ms.pre",1700.96,3211.83239896373,998.445144683503,3600,1700.96,0,0,0,5,"pred"
"p_hat300-3clq.wcnf","UWrMaxSat.1.0",3600,3473.20168393782,655.559517834327,3600,1700.96,0,0,0,5,"pred"
"p_hat300-3clq.wcnf","maxino2018",3600,3529.55309295491,457.944040752126,3600,1700.96,0,0,0,5,"pred"
"p_hat300-3clq.wcnf","QMaxSAT2018",3600,3542.1426893659,446.438188988305,3600,1700.96,0,0,0,5,"pred"
"p_hat300-3clq.wcnf","Open.WBO.g",3600,3556.90608376511,363.489967389519,3600,1700.96,0,0,0,5,"pred"
"p_hat300-3clq.wcnf","Open.WBO.ms",3600,3562.99706217617,362.548447858777,3600,1700.96,0,0,0,5,"pred"
