"InstanceName","Solver","SequentialRuntime","PredictedRuntime","Prediction_StandardError","ParallelRuntime","VBSRuntime","delta","delta_prime","alpha","method_number","orderBy"
"sat/20180322_164226378_p_cnf_320_1120.cnf","Sparrow2Riss.2018.fixfix",0.53,17.6831867838431,131.787425873518,0.42,0.041,0,0,0,0,"pred"
"sat/20180322_164226378_p_cnf_320_1120.cnf","YalSAT",0.041,82.3989000256587,566.925347361304,0.04,0.041,0,0,0,0,"pred"
"sat/20180322_164226378_p_cnf_320_1120.cnf","Minisat.v2.2.0.106.ge2dd095",5000,1788.4629546471,1915.6641517786,5000,0.041,0,0,0,0,"pred"
"sat/20180322_164226378_p_cnf_320_1120.cnf","abcdsat_r18",944.5,2268.65126913497,1752.17187237877,5000,0.041,0,0,0,0,"pred"
"sat/20180322_164226378_p_cnf_320_1120.cnf","Maple_LCM_Scavel_fix2",5000,2351.40309170805,1605.88240861549,5000,0.041,0,0,0,0,"pred"
"sat/20180322_164226378_p_cnf_320_1120.cnf","expMC_LRB_VSIDS_Switch_2500",5000,2824.47815519793,2141.83479206756,5000,0.041,0,0,0,0,"pred"
"sat/20180322_164226378_p_cnf_320_1120.cnf","Maple_LCM.BCrestart_M1",5000,2850.0418020801,1862.66880291994,5000,0.041,0,0,0,0,"pred"
"sat/20180322_164226378_p_cnf_320_1120.cnf","glucose4.2.1",5000,2921.60376512928,1918.74801604079,5000,0.041,0,0,0,0,"pred"
"sat/20180322_164226378_p_cnf_320_1120.cnf","expMC_VSIDS_LRB_Switch_2500",5000,2950.21177127882,2002.89232106044,5000,0.041,0,0,0,0,"pred"
