"InstanceName","Solver","SequentialRuntime","PredictedRuntime","Prediction_StandardError","ParallelRuntime","VBSRuntime","delta","delta_prime","alpha","method_number","orderBy"
"sat/7-5-6.cnf","MapleCOMSPS_LRB_VSIDS_2_fix",5000,4076.20130611814,1733.49822186278,5000,5000,0,0,0,0,"pred"
"sat/7-5-6.cnf","MapleCOMSPS_LRB_VSIDS_drup",5000,4080.96324535865,1694.78930470581,5000,5000,0,0,0,0,"pred"
"sat/7-5-6.cnf","glucose.3.0_PADC_10",5000,4327.60998649789,1376.09731109255,5000,5000,0,0,0,0,"pred"
"sat/7-5-6.cnf","Maple_CM_ordUIP",5000,4331.57253797468,1590.9743690052,5000,5000,0,0,0,0,"pred"
"sat/7-5-6.cnf","Minisat.v2.2.0.106.ge2dd095",5000,4339.78470189873,1462.8420692861,5000,5000,0,0,0,0,"pred"
"sat/7-5-6.cnf","glucose.3.0_PADC_3",5000,4373.98331940928,1176.27925034992,5000,5000,0,0,0,0,"pred"
"sat/7-5-6.cnf","expMC_VSIDS_LRB_Switch_2500",5000,4380.84309535865,1426.00868393788,5000,5000,0,0,0,0,"pred"
"sat/7-5-6.cnf","Maple_LCM_Scavel_200_fix2",5000,4411.57806033755,1467.97984077344,5000,5000,0,0,0,0,"pred"
"sat/7-5-6.cnf","glu_mix",5000,4439.24364915612,1247.56901583129,5000,5000,0,0,0,0,"pred"
