"InstanceName","Solver","SequentialRuntime","PredictedRuntime","Prediction_StandardError","ParallelRuntime","VBSRuntime","delta","delta_prime","alpha","method_number","orderBy"
"sat/8-4-10.cnf","smallsat",5000,4386.08379255765,1379.31881146621,5000,5000,0,0,0,0,"pred"
"sat/8-4-10.cnf","cms55.main.all4fixed",5000,4629.3326827044,977.603780784467,5000,5000,0,0,0,0,"pred"
"sat/8-4-10.cnf","expMC_LRB_VSIDS_Switch_2500",5000,4632.76319014675,1030.50453809697,5000,5000,0,0,0,0,"pred"
"sat/8-4-10.cnf","Maple_LCM_Scavel_200_fix2",5000,4658.7566442348,978.513854864133,5000,5000,0,0,0,0,"pred"
"sat/8-4-10.cnf","abcdsat_r18",5000,4681.77054150944,1045.10137109462,5000,5000,0,0,0,0,"pred"
"sat/8-4-10.cnf","MapleCOMSPS_LRB_VSIDS_2_fix",5000,4690.70549255765,674.709699701084,5000,5000,0,0,0,0,"pred"
"sat/8-4-10.cnf","Maple_LCM_Scavel_fix2",5000,4792.83351572327,634.796114064972,5000,5000,0,0,0,0,"pred"
"sat/8-4-10.cnf","Maple_LCM.BCrestart_M1",5000,4810.33055932914,879.849773962483,5000,5000,0,0,0,0,"pred"
"sat/8-4-10.cnf","glu_mix",5000,4840.32109109015,477.403831255258,5000,5000,0,0,0,0,"pred"
