"InstanceName","Solver","SequentialRuntime","PredictedRuntime","Prediction_StandardError","ParallelRuntime","VBSRuntime","delta","delta_prime","alpha","method_number","orderBy"
"sat/ae_rphp055_04.cnf","expMC_LRB_VSIDS_Switch_2500",119.019,1122.05320185185,1143.93964463566,139.98,114.462,0,0,0,0,"pred"
"sat/ae_rphp055_04.cnf","Maple_LCM_M1",201.595,1364.94404259259,728.465998256563,236.5,114.462,0,0,0,0,"pred"
"sat/ae_rphp055_04.cnf","gluHack",4242.815,1409.26395462963,1000.4362554462,5000,114.462,0,0,0,0,"pred"
"sat/ae_rphp055_04.cnf","Maple_LCM_Scavel_fix2",221.403,1723.27542685185,1276.34951067804,262.81,114.462,0,0,0,0,"pred"
"sat/ae_rphp055_04.cnf","MapleLCMDistChronoBT",166.059,1767.77561851852,1578.47350694886,194.27,114.462,0,0,0,0,"pred"
"sat/ae_rphp055_04.cnf","Maple_CM_ordUIP",222.16,1887.58608888889,1616.97578975617,260.49,114.462,0,0,0,0,"pred"
"sat/ae_rphp055_04.cnf","Maple_LCM_Scavel_200_fix2",183.538,1945.85503796296,1276.86017699943,217.65,114.462,0,0,0,0,"pred"
"sat/ae_rphp055_04.cnf","smallsat",199.88,2432.20357314815,1945.38317759955,231.8,114.462,0,0,0,0,"pred"
"sat/ae_rphp055_04.cnf","Maple_LCM.BCrestart",198.511,2438.39684166667,1767.88550339826,237.27,114.462,0,0,0,0,"pred"
