"InstanceName","Solver","SequentialRuntime","PredictedRuntime","Prediction_StandardError","ParallelRuntime","VBSRuntime","delta","delta_prime","alpha","method_number","orderBy"
"sat/cz-d-4-7-5.cnf","glu_mix",281.837,2178.20616091954,1515.85746533796,367.47,281.837,0,0,0,0,"pred"
"sat/cz-d-4-7-5.cnf","Maple_LCM.BCrestart",5000,2406.46892701149,1112.10021118825,5000,281.837,0,0,0,0,"pred"
"sat/cz-d-4-7-5.cnf","Lingeling",5000,3091.49099885058,1267.58850368077,5000,281.837,0,0,0,0,"pred"
"sat/cz-d-4-7-5.cnf","Maple_CM_Dist",5000,3241.17442528736,1882.81431449161,5000,281.837,0,0,0,0,"pred"
"sat/cz-d-4-7-5.cnf","Maple_CM",5000,3370.48659195402,1526.42297587798,5000,281.837,0,0,0,0,"pred"
"sat/cz-d-4-7-5.cnf","MapleCOMSPS_LRB_VSIDS_drup",5000,3416.50750057471,1739.79663220674,5000,281.837,0,0,0,0,"pred"
"sat/cz-d-4-7-5.cnf","Maple_LCM_M1",5000,3451.56437011494,1795.43639395178,5000,281.837,0,0,0,0,"pred"
"sat/cz-d-4-7-5.cnf","Riss7.1.fix",857.738,3654.2765637931,1902.88030895713,5000,281.837,0,0,0,0,"pred"
"sat/cz-d-4-7-5.cnf","expMC_LRB_VSIDS_Switch_2500",5000,3703.09561321839,1540.47618561056,5000,281.837,0,0,0,0,"pred"
