"InstanceName","Solver","SequentialRuntime","PredictedRuntime","Prediction_StandardError","ParallelRuntime","VBSRuntime","delta","delta_prime","alpha","method_number","orderBy"
"sat/dist4.c.cnf","Maple_CM_ordUIP.",109.678,167.863633962264,400.711513083753,126.01,76.866,0,0,0,0,"pred"
"sat/dist4.c.cnf","MapleLCMDistChronoBT",146.027,203.822970589997,337.805071715994,167.03,76.866,0,0,0,0,"pred"
"sat/dist4.c.cnf","Maple_CM_Dist",111.218,207.89953951782,590.47308161645,132.64,76.866,0,0,0,0,"pred"
"sat/dist4.c.cnf","Maple_CM",107.363,208.965531027253,512.267299704114,127.18,76.866,0,0,0,0,"pred"
"sat/dist4.c.cnf","MapleCOMSPS_LRB_VSIDS_2_fix",153.226,228.153076205451,418.23016453774,177.26,76.866,0,0,0,0,"pred"
"sat/dist4.c.cnf","cms55.main.all4fixed",83.001,231.240664884696,747.950083491763,96.65,76.866,0,0,0,0,"pred"
"sat/dist4.c.cnf","Maple_LCM_M1",126.064,243.370391194969,552.129439526793,144.99,76.866,0,0,0,0,"pred"
"sat/dist4.c.cnf","Maple_CM_ordUIP",109.964,244.307250628931,702.100405590538,126.99,76.866,0,0,0,0,"pred"
"sat/dist4.c.cnf","CaDiCaL",76.866,251.960566428435,771.738870461041,89.12,76.866,0,0,0,0,"pred"
