"InstanceName","Solver","SequentialRuntime","PredictedRuntime","Prediction_StandardError","ParallelRuntime","VBSRuntime","delta","delta_prime","alpha","method_number","orderBy"
"sat/Karatsuba6972593x13466917.cnf","CaDiCaL",356.802,254.850806,684.403414052461,439.49,26.712,0,0,0,0,"pred"
"sat/Karatsuba6972593x13466917.cnf","expMC_LRB_VSIDS_Switch_2500",271.85,304.515244888889,792.303862411217,371.77,26.712,0,0,0,0,"pred"
"sat/Karatsuba6972593x13466917.cnf","MapleCOMSPS_LRB_VSIDS_2_fix",291.263,327.657612666667,611.945029063217,369.64,26.712,0,0,0,0,"pred"
"sat/Karatsuba6972593x13466917.cnf","MapleLCMDistChronoBT",241.787,337.232280888889,962.140505746896,395.86,26.712,0,0,0,0,"pred"
"sat/Karatsuba6972593x13466917.cnf","glu_mix",504.734,393.908908666667,1032.19893599595,5000,26.712,0,0,0,0,"pred"
"sat/Karatsuba6972593x13466917.cnf","Maple_LCM_Scavel_200_fix2",77.624,405.023826,947.434739130005,95.75,26.712,0,0,0,0,"pred"
"sat/Karatsuba6972593x13466917.cnf","Maple_LCM.BCrestart_M1",326.046,412.852916666667,1108.4333709352,5000,26.712,0,0,0,0,"pred"
"sat/Karatsuba6972593x13466917.cnf","abcdsat_r18",634.264,421.805406222222,1059.58020202602,5000,26.712,0,0,0,0,"pred"
"sat/Karatsuba6972593x13466917.cnf","Maple_LCM_M1",235.484,422.222663111111,1031.68599752284,289.47,26.712,0,0,0,0,"pred"
