"InstanceName","Solver","SequentialRuntime","PredictedRuntime","Prediction_StandardError","ParallelRuntime","VBSRuntime","delta","delta_prime","alpha","method_number","orderBy"
"sat/Nb27T6.cnf","smallsat",76.349,181.770735185185,105.602567431829,112.85,76.349,0,0,0,0,"pred"
"sat/Nb27T6.cnf","expMC_LRB_VSIDS_Switch_2500",121.207,289.915056481482,249.508716726677,174.85,76.349,0,0,0,0,"pred"
"sat/Nb27T6.cnf","MapleLCMDistChronoBT",213.356,323.877402777778,197.902733239827,339.47,76.349,0,0,0,0,"pred"
"sat/Nb27T6.cnf","Maple_CM_ordUIP.",378.633,473.835741666667,328.558288082418,488.76,76.349,0,0,0,0,"pred"
"sat/Nb27T6.cnf","Maple_CM_Dist",204.846,651.613831481481,1099.84221677597,317.08,76.349,0,0,0,0,"pred"
"sat/Nb27T6.cnf","Maple_CM",213.558,655.099139814815,1139.57017170774,356.05,76.349,0,0,0,0,"pred"
"sat/Nb27T6.cnf","cms55.main.all4fixed",303.313,821.375268518519,773.682179854959,446.53,76.349,0,0,0,0,"pred"
"sat/Nb27T6.cnf","MapleCOMSPS_CHB_VSIDS_drup",284.522,851.156300925926,1338.49559177812,456.06,76.349,0,0,0,0,"pred"
"sat/Nb27T6.cnf","expMC_LRB_VSIDS_Switch",288.561,853.73932037037,1520.01025151753,441.07,76.349,0,0,0,0,"pred"
