"InstanceName","Solver","SequentialRuntime","PredictedRuntime","Prediction_StandardError","ParallelRuntime","VBSRuntime","delta","delta_prime","alpha","method_number","orderBy"
"sat/Nb45T6.cnf","COMiniSatPS_Pulsar_drup",353.907,402.183357777778,393.142055324974,491.45,353.907,0,0,0,0,"pred"
"sat/Nb45T6.cnf","Maple_LCM.BCrestart",704.455,554.130443555556,160.702959384834,5000,353.907,0,0,0,0,"pred"
"sat/Nb45T6.cnf","smallsat",412.021,576.000834,947.936725996784,5000,353.907,0,0,0,0,"pred"
"sat/Nb45T6.cnf","Maple_LCM_M1",649.426,621.902222444444,656.497946931297,5000,353.907,0,0,0,0,"pred"
"sat/Nb45T6.cnf","Maple_CM_Dist",859.964,707.115075777778,748.91172069104,5000,353.907,0,0,0,0,"pred"
"sat/Nb45T6.cnf","Maple_LCM.BCrestart_M1",703.821,716.918756222222,433.24365609639,5000,353.907,0,0,0,0,"pred"
"sat/Nb45T6.cnf","abcdsat_r18",440.925,774.934872888889,1124.85876451612,5000,353.907,0,0,0,0,"pred"
"sat/Nb45T6.cnf","Maple_CM",515.931,821.762953333333,890.465084605168,5000,353.907,0,0,0,0,"pred"
"sat/Nb45T6.cnf","MapleLCMDistChronoBT",842.365,827.331774,720.893744031879,5000,353.907,0,0,0,0,"pred"
