"InstanceName","Solver","SequentialRuntime","PredictedRuntime","Prediction_StandardError","ParallelRuntime","VBSRuntime","delta","delta_prime","alpha","method_number","orderBy"
"sat/sted5_0x24204-60.cnf","smallsat",5000,1797.81458343816,2110.29476767108,5000,5000,0,0,0,0,"pred"
"sat/sted5_0x24204-60.cnf","glu_mix",5000,2411.11763742138,2016.85102818233,5000,5000,0,0,0,0,"pred"
"sat/sted5_0x24204-60.cnf","glucose3.0",5000,2879.0885927673,2301.77169272021,5000,5000,0,0,0,0,"pred"
"sat/sted5_0x24204-60.cnf","COMiniSatPS_Pulsar_drup",5000,2906.38280062893,2254.59149673438,5000,5000,0,0,0,0,"pred"
"sat/sted5_0x24204-60.cnf","Glucose_Hack_Kiel_fastBVE",5000,2910.71357106918,2180.91164056866,5000,5000,0,0,0,0,"pred"
"sat/sted5_0x24204-60.cnf","Maple_CM_ordUIP",5000,2922.77431498952,2272.96186332455,5000,5000,0,0,0,0,"pred"
"sat/sted5_0x24204-60.cnf","expGlucose",5000,2973.06032023061,2189.36263075183,5000,5000,0,0,0,0,"pred"
"sat/sted5_0x24204-60.cnf","MapleCOMSPS_LRB_VSIDS_2_fix",5000,3020.05388993711,2215.60691233113,5000,5000,0,0,0,0,"pred"
"sat/sted5_0x24204-60.cnf","inIDGlucose",5000,3071.04744496855,2167.1768540498,5000,5000,0,0,0,0,"pred"
