"InstanceName","Solver","SequentialRuntime","PredictedRuntime","Prediction_StandardError","ParallelRuntime","VBSRuntime","delta","delta_prime","alpha","method_number","orderBy"
"sat/sted5_0x0-40.cnf","Maple_LCM_Scavel_200_fix2",20.452,922.84236091954,1551.3631076414,21.84,0.396,0,0,0,0,"pred"
"sat/sted5_0x0-40.cnf","Maple_CM",22.412,998.975754022989,1660.32565198329,25.63,0.396,0,0,0,0,"pred"
"sat/sted5_0x0-40.cnf","Maple_CM_ordUIP.",15.111,1130.73302873563,1869.0423432889,17.3,0.396,0,0,0,0,"pred"
"sat/sted5_0x0-40.cnf","abcdsat_r18",6.689,1256.35797988506,1783.86546770189,7.62,0.396,0,0,0,0,"pred"
"sat/sted5_0x0-40.cnf","inIDGlucose",1.186,1267.8574,1735.84504958941,1.35,0.396,0,0,0,0,"pred"
"sat/sted5_0x0-40.cnf","MapleCOMSPS_LRB_VSIDS_2_fix",1.62,1435.08828045977,1955.94515945832,1.59,0.396,0,0,0,0,"pred"
"sat/sted5_0x0-40.cnf","glucose4.2.1",1.558,1440.11562701149,1989.14630649715,1.63,0.396,0,0,0,0,"pred"
"sat/sted5_0x0-40.cnf","GHackCOMSPS_drup",11.089,1445.56669827586,1913.38717652955,12.67,0.396,0,0,0,0,"pred"
"sat/sted5_0x0-40.cnf","Maple_LCM_M1",1.715,1454.08323793103,1842.74484255311,1.81,0.396,0,0,0,0,"pred"
