"InstanceName","Solver","SequentialRuntime","PredictedRuntime","Prediction_StandardError","ParallelRuntime","VBSRuntime","cores","ResultingTime"
"15tree401posib.wcnf","UWrMaxSat.1.0",4.17,692.004358506994,500.30756179142,4.2,3.99,1,"4.2"
"15tree401posib.wcnf","Open.WBO.ms.pre",36.32,844.169963339079,655.450683972161,36.67,3.99,1,"Inf"
"15tree401posib.wcnf","MaxHS",8.82,842.341442468582,705.777223889515,8.89,3.99,2,"8.89"
"15tree401posib.wcnf","maxino2018",3.99,893.029570019914,704.892534438645,4.06,3.99,2,"Inf"
"15tree401posib.wcnf","Open.WBO.ms",36.14,938.440740089981,766.063020210856,36.26,3.99,1,"Inf"
"15tree401posib.wcnf","Open.WBO.g",5.06,1068.4218429765,699.228310240945,5.23,3.99,2,"Inf"
"15tree401posib.wcnf","QMaxSAT2018",37.46,1071.05320543606,817.953917512786,37.8,3.99,1,"Inf"
