"InstanceName","Solver","SequentialRuntime","PredictedRuntime","Prediction_StandardError","ParallelRuntime","VBSRuntime","cores","ResultingTime"
"g2_n45e48_n47e54.wcnf","UWrMaxSat.1.0",64.6,1385.07342290513,1138.79087092725,64.84,33.19,1,"64.84"
"g2_n45e48_n47e54.wcnf","Open.WBO.ms.pre",46.54,1403.30543580865,1267.45800205464,46.69,33.19,2,"46.69"
"g2_n45e48_n47e54.wcnf","Open.WBO.ms",33.19,1670.66947634257,1228.02717254989,33.34,33.19,1,"Inf"
"g2_n45e48_n47e54.wcnf","maxino2018",173.88,1790.30965008485,1193.41074958841,174.65,33.19,2,"Inf"
"g2_n45e48_n47e54.wcnf","QMaxSAT2018",227.25,2093.84468971642,1145.10674615445,231.42,33.19,1,"Inf"
"g2_n45e48_n47e54.wcnf","MaxHS",774.47,2468.07908722671,1141.98483455865,770.9,33.19,2,"Inf"
"g2_n45e48_n47e54.wcnf","Open.WBO.g",100.98,2572.98032795478,1224.26882766058,101.55,33.19,1,"Inf"
