"InstanceName","Solver","SequentialRuntime","PredictedRuntime","Prediction_StandardError","ParallelRuntime","VBSRuntime","cores","ResultingTime"
"wolfram72_5.wcnf","MaxHS",14.84,4.24941566866265,3.40947707056905,15.12,4.77,1,"Inf"
"wolfram72_5.wcnf","UWrMaxSat.1.0",8.71,5.92100798403193,8.93601495766646,8.8,4.77,2,"8.8"
"wolfram72_5.wcnf","maxino2018",4.77,9.2333238522954,9.15950490437803,4.85,4.77,1,"12.5088927392317"
"wolfram72_5.wcnf","Open.WBO.g",23.63,23.947999572284,7.71115497397048,23.82,4.77,2,"Inf"
"wolfram72_5.wcnf","Open.WBO.ms",82.57,62.2775758483033,13.5049652418568,83.11,4.77,1,"Inf"
"wolfram72_5.wcnf","Open.WBO.ms.pre",3600,3595.68901796407,55.7101655091232,3600,4.77,1,"Inf"
"wolfram72_5.wcnf","QMaxSAT2018",3600,3557.42071595939,387.925786264101,3600,4.77,2,"Inf"
