"InstanceName","Solver","SequentialRuntime","PredictedRuntime","Prediction_StandardError","ParallelRuntime","VBSRuntime","cores","ResultingTime"
"3col140_5_6shuffledcnf.wcnf","UWrMaxSat.1.0",11.57,11.1954860279441,3.28674505853285,16.08,3.23,1,"Inf"
"3col140_5_6shuffledcnf.wcnf","MaxHS",64.16,72.357502994012,276.892759559898,56.39,3.23,2,"56.39"
"3col140_5_6shuffledcnf.wcnf","Open.WBO.ms.pre",47.05,101.371578842315,338.699353155934,66.9,3.23,3,"66.9"
"3col140_5_6shuffledcnf.wcnf","maxino2018",6.35,48.7502714570858,392.157536213644,6.26,3.23,4,"6.26"
"3col140_5_6shuffledcnf.wcnf","Open.WBO.g",16.13,69.9355748502994,399.727301079236,15.89,3.23,5,"15.89"
"3col140_5_6shuffledcnf.wcnf","Open.WBO.ms",34.47,101.145426789279,480.610187443838,33.94,3.23,1,"48.4222310864769"
"3col140_5_6shuffledcnf.wcnf","QMaxSAT2018",3.23,116.468342980705,567.954112779443,4.52,3.23,2,"Inf"
