"InstanceName","Solver","SequentialRuntime","PredictedRuntime","Prediction_StandardError","ParallelRuntime","VBSRuntime","cores","ResultingTime"
"b21_C-mbd14-0295.wcnf","Open.WBO.ms.pre",64.57,614.501241343149,493.745660868197,65.85,10.38,1,"65.85"
"b21_C-mbd14-0295.wcnf","Open.WBO.ms",36.7,675.088382603024,535.915049077884,38.73,10.38,2,"38.73"
"b21_C-mbd14-0295.wcnf","UWrMaxSat.1.0",10.38,857.900308761211,446.433709785882,10.22,10.38,3,"10.22"
"b21_C-mbd14-0295.wcnf","Open.WBO.g",16.32,754.60503119969,569.316139977617,16.85,10.38,4,"16.85"
"b21_C-mbd14-0295.wcnf","maxino2018",13.71,890.6987809563,514.97797461462,14.24,10.38,5,"14.24"
"b21_C-mbd14-0295.wcnf","QMaxSAT2018",500.79,746.766121171946,680.445253905074,510.13,10.38,1,"Inf"
"b21_C-mbd14-0295.wcnf","MaxHS",166.67,950.891591771769,585.650834623518,120.67,10.38,2,"Inf"
