"InstanceName","Solver","SequentialRuntime","PredictedRuntime","Prediction_StandardError","ParallelRuntime","VBSRuntime","cores","ResultingTime"
"cnf18p4.wcnf","maxino2018",18.38,754.549289773717,630.811265698162,20.47,18.38,1,"20.47"
"cnf18p4.wcnf","Open.WBO.ms.pre",61.02,703.455996700912,702.421067322668,67.9,18.38,2,"67.9"
"cnf18p4.wcnf","UWrMaxSat.1.0",68.3,929.458176155602,669.120605419376,77.29,18.38,3,"77.29"
"cnf18p4.wcnf","Open.WBO.ms",138.09,946.18231490195,719.268716911766,154.5,18.38,4,"154.5"
"cnf18p4.wcnf","QMaxSAT2018",23.04,951.257007997467,720.555695322385,27.74,18.38,5,"27.74"
"cnf18p4.wcnf","Open.WBO.g",27.7,899.279115376721,829.103914781499,31.61,18.38,1,"Inf"
"cnf18p4.wcnf","MaxHS",105.56,1011.08134514924,816.722705740032,95.12,18.38,2,"Inf"
