"InstanceName","Solver","SequentialRuntime","PredictedRuntime","Prediction_StandardError","ParallelRuntime","VBSRuntime","cores","ResultingTime"
"cnf13p9.wcnf","Open.WBO.ms.pre",75.97,922.96177840161,562.97177255345,85.39,43.05,1,"85.39"
"cnf13p9.wcnf","UWrMaxSat.1.0",46.66,1018.10567347857,496.48682638465,53.91,43.05,2,"53.91"
"cnf13p9.wcnf","maxino2018",203.13,971.716725509053,598.609320774242,243.92,43.05,3,"243.92"
"cnf13p9.wcnf","Open.WBO.ms",87.74,975.170548762859,617.392650836461,99.3,43.05,4,"99.3"
"cnf13p9.wcnf","Open.WBO.g",43.05,990.382509243,618.795320983738,50.78,43.05,5,"50.78"
"cnf13p9.wcnf","MaxHS",282.84,953.93040408991,692.402509652808,363.68,43.05,1,"Inf"
"cnf13p9.wcnf","QMaxSAT2018",90.68,1134.57076367457,804.210416420901,113,43.05,2,"Inf"
