"InstanceName","Solver","SequentialRuntime","PredictedRuntime","Prediction_StandardError","ParallelRuntime","VBSRuntime","cores","ResultingTime"
"frb40-19-5partial.wcnf","Open.WBO.ms",75.08,101.718127717391,55.0080776195197,76.99,54.74,1,"76.99"
"frb40-19-5partial.wcnf","UWrMaxSat.1.0",54.74,129.41202173913,88.8768843605722,56.25,54.74,2,"56.25"
"frb40-19-5partial.wcnf","Open.WBO.g",237.38,281.724364130435,400.572713968745,247.41,54.74,3,"247.41"
"frb40-19-5partial.wcnf","QMaxSAT2018",766.06,651.569500266411,695.251487435664,818.69,54.74,4,"818.69"
"frb40-19-5partial.wcnf","MaxHS",81.32,794.863290385749,820.216122952061,82.2,54.74,5,"82.2"
"frb40-19-5partial.wcnf","maxino2018",3600,3600,1.6468356269346e-13,3600,54.74,1,"Inf"
"frb40-19-5partial.wcnf","Open.WBO.ms.pre",3600,3593.57007246377,87.2197806366166,3600,54.74,2,"Inf"
