"InstanceName","Solver","SequentialRuntime","PredictedRuntime","Prediction_StandardError","ParallelRuntime","VBSRuntime","cores","ResultingTime"
"orb08-894-1058.wcnf","UWrMaxSat.1.0",10.96,663.784972307068,1291.21183001592,13.58,7.66,1,"13.58"
"orb08-894-1058.wcnf","Open.WBO.ms.pre",64.58,807.56086345079,1315.90329435756,75.79,7.66,2,"75.79"
"orb08-894-1058.wcnf","Open.WBO.ms",120.26,948.101270870921,1208.88756612669,155.46,7.66,3,"155.46"
"orb08-894-1058.wcnf","Open.WBO.g",10.28,971.087290936615,1225.47892805206,12.31,7.66,4,"12.31"
"orb08-894-1058.wcnf","maxino2018",10.4,810.138495352791,1397.04578835776,12.83,7.66,5,"12.83"
"orb08-894-1058.wcnf","MaxHS",22.98,1157.67857984396,1236.89728671541,28.87,7.66,1,"Inf"
"orb08-894-1058.wcnf","QMaxSAT2018",7.66,1479.57556702102,1563.02671448237,9.55,7.66,2,"Inf"
