"InstanceName","Solver","SequentialRuntime","PredictedRuntime","Prediction_StandardError","ParallelRuntime","VBSRuntime","cores","ResultingTime"
"ram_k4_n19ra0.wcnf","Open.WBO.ms.pre",3600,3424.27653030303,684.924791494272,3600,3600,1,"3600"
"ram_k4_n19ra0.wcnf","MaxHS",3600,3382.88703892182,732.92442191093,3600,3600,2,"3600"
"ram_k4_n19ra0.wcnf","Open.WBO.ms",3600,3381.86687554113,794.861576794197,3600,3600,3,"3600"
"ram_k4_n19ra0.wcnf","maxino2018",3600,3402.85143334756,789.467995133315,3600,3600,4,"3600"
"ram_k4_n19ra0.wcnf","Open.WBO.g",3600,3322.68576593058,901.204688164501,3600,3600,5,"3600"
"ram_k4_n19ra0.wcnf","QMaxSAT2018",3600,3140.06348358586,1098.11983700643,3600,3600,1,"Inf"
"ram_k4_n19ra0.wcnf","UWrMaxSat.1.0",3600,3117.15555778785,1199.43206303589,3600,3600,2,"Inf"
