"InstanceName","Solver","SequentialRuntime","PredictedRuntime","Prediction_StandardError","ParallelRuntime","VBSRuntime","cores","ResultingTime"
"rev66-32.wcnf","UWrMaxSat.1.0",3600,1088.72153060728,567.113818230441,3600,3600,1,"Inf"
"rev66-32.wcnf","MaxHS",3600,1117.78833644069,625.508464232088,3600,3600,2,"Inf"
"rev66-32.wcnf","maxino2018",3600,1222.22733814133,586.493684954159,3600,3600,3,"Inf"
"rev66-32.wcnf","Open.WBO.ms.pre",3600,1211.31901382697,687.989512961973,3600,3600,4,"Inf"
"rev66-32.wcnf","Open.WBO.g",3600,1426.71002396808,656.692000443389,3600,3600,5,"Inf"
"rev66-32.wcnf","Open.WBO.ms",3600,1409.49337834893,707.767245321178,3600,3600,1,"Inf"
"rev66-32.wcnf","QMaxSAT2018",3600,2079.90493877085,849.623208463844,3600,3600,2,"Inf"
