"InstanceName","Solver","SequentialRuntime","PredictedRuntime","Prediction_StandardError","ParallelRuntime","VBSRuntime","cores","ResultingTime"
"wqueens16_14wcspdir.wcnf","Open.WBO.ms.pre",7.03,611.805339381675,845.767801828737,6.91,0.07,1,"6.91"
"wqueens16_14wcspdir.wcnf","UWrMaxSat.1.0",0.8,581.129519344045,883.938102848139,0.8,0.07,2,"0.8"
"wqueens16_14wcspdir.wcnf","Open.WBO.ms",8.73,600.480139929126,890.781160184246,0.01,0.07,3,"0.01"
"wqueens16_14wcspdir.wcnf","MaxHS",301.17,594.215953483067,995.736427645434,301.27,0.07,4,"301.27"
"wqueens16_14wcspdir.wcnf","Open.WBO.g",0.1,752.361975363479,1012.85146421322,0.1,0.07,5,"0.1"
"wqueens16_14wcspdir.wcnf","maxino2018",0.18,836.771092413044,1028.83764280293,0.18,0.07,1,"Inf"
"wqueens16_14wcspdir.wcnf","QMaxSAT2018",0.07,1086.05785908935,1200.97506363695,0.06,0.07,2,"Inf"
