"InstanceName","Solver","SequentialRuntime","PredictedRuntime","Prediction_StandardError","ParallelRuntime","VBSRuntime","delta","delta_prime","alpha","method_number","orderBy"
"sat/valves-gates-1-k617-unsat.cnf","CHBR_glucose_tuned",943.508,2344.64804151874,2118.62944810316,1023.31585671419,821.783,0,0,0,5,"pred"
"sat/valves-gates-1-k617-unsat.cnf","MapleCOMSPS_LRB_DRUP",5000,2395.69369516765,2138.58145764228,5000,821.783,0,0,0,5,"pred"
"sat/valves-gates-1-k617-unsat.cnf","cmsat5_main2",1584.802,2484.43487938856,2126.99692578497,1733.65514693946,821.783,0,0,0,5,"pred"
"sat/valves-gates-1-k617-unsat.cnf","MapleCOMSPS_CHB_DRUP",5000,2489.44101794872,2205.12366225252,5000,821.783,0,0,0,5,"pred"
"sat/valves-gates-1-k617-unsat.cnf","Lingelingbbcmain",2087.868,2559.68361577909,2045.37599085187,2393.54063710462,821.783,0,0,0,5,"pred"
"sat/valves-gates-1-k617-unsat.cnf","tb_glucose",1044.334,2562.51169447732,2209.51744502989,1297.96252337494,821.783,0,0,0,5,"pred"
"sat/valves-gates-1-k617-unsat.cnf","glucose_hack_kiel_newScript",940.337,2565.83458717949,2052.28172054684,1253.91785799874,821.783,0,0,0,5,"pred"
"sat/valves-gates-1-k617-unsat.cnf","COMiniSatPSChandrasekharDRUP",1693.047,2579.34258293886,2171.51029336531,2011.48353772917,821.783,0,0,0,5,"pred"
"sat/valves-gates-1-k617-unsat.cnf","CHBR_glucose",901.014,2591.17880088757,2093.76678109487,927.629393804239,821.783,0,0,0,5,"pred"
