"InstanceName","Solver","SequentialRuntime","PredictedRuntime","Prediction_StandardError","ParallelRuntime","VBSRuntime","delta","delta_prime","alpha","method_number","orderBy"
"sat/ak032diagodiagoisc.cnf","Lingelingbbcmain",33.657,3281.37938773585,1905.43269468547,35.2552599012791,33.657,0,0,0,5,"pred"
"sat/ak032diagodiagoisc.cnf","Splatz06vmain",82.791,3439.98570062893,1890.0917027743,90.8838013063908,33.657,0,0,0,5,"pred"
"sat/ak032diagodiagoisc.cnf","CHBR_glucose",5000,4154.12017059749,1478.42925186333,5000,33.657,0,0,0,5,"pred"
"sat/ak032diagodiagoisc.cnf","glue_alt",433.345,4156.60470801887,1411.48687726525,454.739666230965,33.657,0,0,0,5,"pred"
"sat/ak032diagodiagoisc.cnf","abcdSAT_drup",5000,4202.64013679245,1556.06303018943,5000,33.657,0,0,0,5,"pred"
"sat/ak032diagodiagoisc.cnf","tc_glucose",5000,4220.10541210692,1373.32185079079,5000,33.657,0,0,0,5,"pred"
"sat/ak032diagodiagoisc.cnf","tb_glucose",5000,4257.98050172956,1353.25470683601,5000,33.657,0,0,0,5,"pred"
"sat/ak032diagodiagoisc.cnf","glueminisat.2210.81.main",1441.473,4284.60075660378,1343.25965321701,1607.55553195379,33.657,0,0,0,5,"pred"
"sat/ak032diagodiagoisc.cnf","glucose",2457.489,4330.80350125786,1321.65145135328,2665.81055427211,33.657,0,0,0,5,"pred"
