"InstanceName","Solver","SequentialRuntime","PredictedRuntime","Prediction_StandardError","ParallelRuntime","VBSRuntime","delta","delta_prime","alpha","method_number","orderBy"
"sat/UR-15-10p0.cnf","MapleCOMSPS_DRUP",218.853,2367.80060581854,2329.20581927584,258.45,130.897,0,0,0,5,"pred"
"sat/UR-15-10p0.cnf","COMiniSatPSChandrasekharDRUP",214.834,2370.4155561144,2333.50681179938,222.56,130.897,0,0,0,5,"pred"
"sat/UR-15-10p0.cnf","glucose_hack_kiel_newScript",178.658,2393.62344013807,2326.68717161216,195.06,130.897,0,0,0,5,"pred"
"sat/UR-15-10p0.cnf","abcdSAT_drup",322.403,2420.65575216962,2237.06708252848,337.17,130.897,0,0,0,5,"pred"
"sat/UR-15-10p0.cnf","MapleCOMSPS_CHB_DRUP",130.897,2448.90018668639,2371.16144115712,144.26,130.897,0,0,0,5,"pred"
"sat/UR-15-10p0.cnf","MapleCOMSPS_LRB_DRUP",245.609,2457.15285147929,2315.21071426434,274.34,130.897,0,0,0,5,"pred"
"sat/UR-15-10p0.cnf","MapleGlucose",372.213,2481.92797889546,2260.68019256134,404.98,130.897,0,0,0,5,"pred"
"sat/UR-15-10p0.cnf","tb_glucose",313.477,2509.79006538461,2332.82503915181,339.28,130.897,0,0,0,5,"pred"
