"InstanceName","Solver","SequentialRuntime","PredictedRuntime","Prediction_StandardError","ParallelRuntime","VBSRuntime","delta","delta_prime","alpha","method_number","orderBy"
"agricola_p06.pddl","symbolic.bidirectional",256.88,280.035401129943,203.715389562801,289.59,97.32,0,0,0,0,"pred"
"agricola_p06.pddl","Delfi2",162.96,528.654834274953,412.094798168955,170.45,97.32,0,0,0,0,"pred"
"agricola_p06.pddl","Delfi1",97.32,550.771945386064,495.406781726388,104.45,97.32,0,0,0,0,"pred"
"agricola_p06.pddl","FDMS2",529.28,554.092246704331,410.885529284467,662.98,97.32,0,0,0,0,"pred"
"agricola_p06.pddl","FDMS1",400.58,717.857438794727,591.123628746679,414.39,97.32,0,0,0,0,"pred"
"agricola_p06.pddl","Complementary1",1242.44,1074.89049152542,426.694357092835,1800,97.32,0,0,0,0,"pred"
"agricola_p06.pddl","Complementary2",1750.04,1234.95059887006,434.179022144374,1800,97.32,0,0,0,0,"pred"
