"InstanceName","Solver","SequentialRuntime","PredictedRuntime","Prediction_StandardError","ParallelRuntime","VBSRuntime","delta","delta_prime","alpha","method_number","orderBy"
"caldera_p15.pddl","Complementary1",1800,1434.681325,586.330098359339,1800,1640.91,0,0,0,0,"pred"
"caldera_p15.pddl","Delfi1",1800,1442.0621,705.576712267713,1800,1640.91,0,0,0,0,"pred"
"caldera_p15.pddl","Delfi2",1800,1490.912375,575.660963990796,1800,1640.91,0,0,0,0,"pred"
"caldera_p15.pddl","FDMS1",1800,1536.52118333333,497.718464591201,1800,1640.91,0,0,0,0,"pred"
"caldera_p15.pddl","blind",1800,1551.70466666667,425.568136247526,1800,1640.91,0,0,0,0,"pred"
"caldera_p15.pddl","FDMS2",1800,1562.54393333333,357.253125954684,1800,1640.91,0,0,0,0,"pred"
"caldera_p15.pddl","Metis1",1800,1600.97441666667,528.163291103316,1800,1640.91,0,0,0,0,"pred"
