"InstanceName","Solver","SequentialRuntime","PredictedRuntime","Prediction_StandardError","ParallelRuntime","VBSRuntime","delta","delta_prime","alpha","method_number","orderBy"
"settlers_p18.pddl","Delfi2",1800,1148.24121018062,691.662297100998,1800,1800,0,0,0,0,"pred"
"settlers_p18.pddl","Scorpion",1800,1657.46492385057,290.794379613605,1800,1800,0,0,0,0,"pred"
"settlers_p18.pddl","Complementary1",1800,1721.72537931034,274.682270123711,1800,1800,0,0,0,0,"pred"
"settlers_p18.pddl","symbolic.bidirectional",1800,1737.45293103448,191.116551297091,1800,1800,0,0,0,0,"pred"
"settlers_p18.pddl","blind",1800,1739.88459770115,304.58222679548,1800,1800,0,0,0,0,"pred"
"settlers_p18.pddl","Delfi1",1800,1740.55543103448,248.641422513057,1800,1800,0,0,0,0,"pred"
"settlers_p18.pddl","DecStar",1800,1762.20931034483,203.509091968376,1800,1800,0,0,0,0,"pred"
