"InstanceName","Solver","SequentialRuntime","PredictedRuntime","Prediction_StandardError","ParallelRuntime","VBSRuntime","delta","delta_prime","alpha","method_number","orderBy"
"snake_p11.pddl","blind",96.44,770.579340277778,723.923730283326,97.94,96.44,0,0,0,0,"pred"
"snake_p11.pddl","Scorpion",370.65,980.3175625,659.925305523668,371.77,96.44,0,0,0,0,"pred"
"snake_p11.pddl","Complementary2",603.2,1074.13686226852,418.598425632661,1800,96.44,0,0,0,0,"pred"
"snake_p11.pddl","Delfi1",723.37,1141.51392708333,500.780187549653,732.53,96.44,0,0,0,0,"pred"
"snake_p11.pddl","DecStar",496.55,1154.4711875,644.900830325933,504.48,96.44,0,0,0,0,"pred"
"snake_p11.pddl","Complementary1",762.7,1188.53724305556,541.94405333226,1800,96.44,0,0,0,0,"pred"
"snake_p11.pddl","Delfi2",1800,1305.45537152778,577.183060361079,1800,96.44,0,0,0,0,"pred"
