"InstanceName","Solver","SequentialRuntime","PredictedRuntime","Prediction_StandardError","ParallelRuntime","VBSRuntime","delta","delta_prime","alpha","method_number","orderBy"
"spider_p10.pddl","Scorpion",376.06,334.738557932264,224.824229674025,363.91,163.77,0,0,0,0,"pred"
"spider_p10.pddl","DecStar",459.77,700.937847593583,528.848462052607,464.05,163.77,0,0,0,0,"pred"
"spider_p10.pddl","Metis2",780.81,709.910860962566,520.623364188241,809.52,163.77,0,0,0,0,"pred"
"spider_p10.pddl","blind",163.77,781.441867201426,824.707463936016,169.3,163.77,0,0,0,0,"pred"
"spider_p10.pddl","Metis1",795.02,955.691983065954,696.686721220464,798.04,163.77,0,0,0,0,"pred"
"spider_p10.pddl","Complementary1",1271.27,1127.04232709448,290.621544686999,1800,163.77,0,0,0,0,"pred"
"spider_p10.pddl","FDMS1",1123.94,1260.50928074866,399.534526251598,1142.19,163.77,0,0,0,0,"pred"
