"InstanceName","Solver","SequentialRuntime","PredictedRuntime","Prediction_StandardError","ParallelRuntime","VBSRuntime","delta","delta_prime","alpha","method_number","orderBy"
"spider_p03.pddl","Scorpion",259.92,298.123291666667,53.3186403495237,257.99,40.46,0,0,0,0,"pred"
"spider_p03.pddl","Metis2",156.55,338.07075,389.355893089995,156.88,40.46,0,0,0,0,"pred"
"spider_p03.pddl","DecStar",176.49,419.509733333333,483.832908566092,173.03,40.46,0,0,0,0,"pred"
"spider_p03.pddl","blind",40.46,449.529241666667,699.071466583548,42.24,40.46,0,0,0,0,"pred"
"spider_p03.pddl","Metis1",176.3,503.464716666667,526.544145626553,174.72,40.46,0,0,0,0,"pred"
"spider_p03.pddl","Delfi1",178.43,692.971725,494.838375075481,178.06,40.46,0,0,0,0,"pred"
"spider_p03.pddl","Complementary1",1138.99,1054.92505833333,275.977024323506,1160.93,40.46,0,0,0,0,"pred"
