"InstanceName","Solver","SequentialRuntime","PredictedRuntime","Prediction_StandardError","ParallelRuntime","VBSRuntime","delta","delta_prime","alpha","method_number","orderBy"
"termes_p15.pddl","Delfi2",96.81,109.719142361111,86.3613630441186,108.21,96.81,0,0,0,0,"pred"
"termes_p15.pddl","symbolic.bidirectional",99.96,157.458128472222,237.1236768087,120.41,96.81,0,0,0,0,"pred"
"termes_p15.pddl","Delfi1",435.08,386.892622685185,116.651717931542,1800,96.81,0,0,0,0,"pred"
"termes_p15.pddl","Complementary2",941.68,952.141170138889,294.326619422312,921.84,96.81,0,0,0,0,"pred"
"termes_p15.pddl","Planning.PDBs",918.31,1012.30955092593,211.502432203498,945.22,96.81,0,0,0,0,"pred"
"termes_p15.pddl","Complementary1",1216.18,1076.32015029762,253.538858396525,1108.83,96.81,0,0,0,0,"pred"
"termes_p15.pddl","Symple.1",1800,1312.35920833333,545.879453933465,1800,96.81,0,0,0,0,"pred"
