"InstanceName","Solver","SequentialRuntime","PredictedRuntime","Prediction_StandardError","ParallelRuntime","VBSRuntime","delta","delta_prime","alpha","method_number","orderBy"
"sat/20180321_110706599_p_cnf_320_1120.cnf","Sparrow2Riss.2018.fixfix",0.976,13.3529721518987,28.5377821955551,1.13,0.012,0,0,0,5,"pred"
"sat/20180321_110706599_p_cnf_320_1120.cnf","YalSAT",0.012,15.5956605485232,63.8608283614196,0.01,0.012,0,0,0,5,"pred"
"sat/20180321_110706599_p_cnf_320_1120.cnf","abcdsat_r18",5000,1747.74283860759,1757.13003806841,5000,0.012,0,0,0,5,"pred"
"sat/20180321_110706599_p_cnf_320_1120.cnf","Maple_LCM_M1",4382.72,5000,0,5000,0.012,0,0,0,5,"pred"
