"InstanceName","Solver","SequentialRuntime","PredictedRuntime","Prediction_StandardError","ParallelRuntime","VBSRuntime","delta","delta_prime","alpha","method_number","orderBy"
"sat/sted5_0x24204-70.cnf","expMC_LRB_VSIDS_Switch_2500",5000,2322.00745277778,2473.23936284504,5000,5000,0,0,0,5,"pred"
"sat/sted5_0x24204-70.cnf","Riss7.1.fix",5000,2820.7075712963,2223.21586538366,5000,5000,0,0,0,5,"pred"
"sat/sted5_0x24204-70.cnf","Glucose_Hack_Kiel_fastBVE",5000,2924.47382592593,2270.77300360087,5000,5000,0,0,0,5,"pred"
"sat/sted5_0x24204-70.cnf","Maple_CM",5000,3121.44067592593,2281.98044000465,5000,5000,0,0,0,5,"pred"
"sat/sted5_0x24204-70.cnf","MapleCOMSPS_LRB_VSIDS_drup",5000,3388.20099722222,2119.78747483525,5000,5000,0,0,0,5,"pred"
"sat/sted5_0x24204-70.cnf","smallsat",5000,3406.45612222222,2319.57507391753,5000,5000,0,0,0,5,"pred"
"sat/sted5_0x24204-70.cnf","Maple_LCM.BCrestart_M1",5000,3418.39233611111,2306.72202573034,5000,5000,0,0,0,5,"pred"
"sat/sted5_0x24204-70.cnf","Maple_CM_ordUIP",5000,3609.81109722222,2207.61808965802,5000,5000,0,0,0,5,"pred"
"sat/sted5_0x24204-70.cnf","Maple_LCM.BCrestart",5000,3636.94464166667,2261.89258680711,5000,5000,0,0,0,5,"pred"
