"InstanceName","Solver","SequentialRuntime","PredictedRuntime","Prediction_StandardError","ParallelRuntime","VBSRuntime","delta","delta_prime","alpha","method_number","orderBy"
"agricola_p10.pddl","symbolic.bidirectional",143.92,303.243521645022,348.08322614516,163.56,143.92,0,0,0,5,"pred"
"agricola_p10.pddl","Delfi1",167.31,318.394860389611,339.373514466278,196.07,143.92,0,0,0,5,"pred"
"agricola_p10.pddl","FDMS2",1800,485.696697658403,320.155433398447,1800,143.92,0,0,0,5,"pred"
"agricola_p10.pddl","Delfi2",200.44,485.762474025974,379.694067311312,205.81,143.92,0,0,0,5,"pred"
"agricola_p10.pddl","Complementary1",1383.66,1247.29736904762,622.727433078223,1800,143.92,0,0,0,5,"pred"
"agricola_p10.pddl","FDMS1",1800,1411.54328246753,508.514955976126,1800,143.92,0,0,0,5,"pred"
"agricola_p10.pddl","Complementary2",1800,1482.40120995671,490.936385155788,1800,143.92,0,0,0,5,"pred"
"agricola_p10.pddl","Planning.PDBs",1370.33,1509.66896103896,486.223794340693,1800,143.92,0,0,0,5,"pred"
"agricola_p10.pddl","Symple.1",1800,1800,0,1800,143.92,0,0,0,5,"pred"
