"InstanceName","Solver","SequentialRuntime","PredictedRuntime","Prediction_StandardError","ParallelRuntime","VBSRuntime","delta","delta_prime","alpha","method_number","orderBy"
"spider_p10.pddl","Scorpion",376.06,334.738557932264,224.824229674025,365.4,163.77,0,0,0,5,"pred"
"spider_p10.pddl","DecStar",459.77,700.937847593583,528.848462052607,460.4,163.77,0,0,0,5,"pred"
"spider_p10.pddl","Metis2",780.81,709.910860962566,520.623364188241,803.94,163.77,0,0,0,5,"pred"
"spider_p10.pddl","blind",163.77,781.441867201426,824.707463936016,163.52,163.77,0,0,0,5,"pred"
"spider_p10.pddl","Metis1",795.02,955.691983065954,696.686721220464,842.92,163.77,0,0,0,5,"pred"
"spider_p10.pddl","Complementary1",1271.27,1127.04232709448,290.621544686999,1800,163.77,0,0,0,5,"pred"
"spider_p10.pddl","FDMS1",1123.94,1260.50928074866,399.534526251598,1228.32,163.77,0,0,0,5,"pred"
"spider_p10.pddl","Delfi1",1216.56,1277.32686720142,400.943574384111,1230.43,163.77,0,0,0,5,"pred"
"spider_p10.pddl","FDMS2",1170.52,1355.06637165775,370.79360484378,1161.05,163.77,0,0,0,5,"pred"
