"InstanceName","Solver","SequentialRuntime","PredictedRuntime","Prediction_StandardError","ParallelRuntime","VBSRuntime","delta","delta_prime","alpha","method_number","orderBy"
"spider_p10.pddl","Scorpion",376.06,334.738557932264,224.824229674025,363.42,163.77,0,0,0,0,"pred"
"spider_p10.pddl","DecStar",459.77,700.937847593583,528.848462052607,459.6,163.77,0,0,0,0,"pred"
"spider_p10.pddl","Metis2",780.81,709.910860962566,520.623364188241,798.12,163.77,0,0,0,0,"pred"
"spider_p10.pddl","blind",163.77,781.441867201426,824.707463936016,166.41,163.77,0,0,0,0,"pred"
"spider_p10.pddl","Metis1",795.02,955.691983065954,696.686721220464,1284.65,163.77,0,0,0,0,"pred"
"spider_p10.pddl","Complementary1",1271.27,1127.04232709448,290.621544686999,1305.16,163.77,0,0,0,0,"pred"
