"InstanceName","Solver","SequentialRuntime","PredictedRuntime","Prediction_StandardError","ParallelRuntime","VBSRuntime","delta","delta_prime","alpha","method_number","orderBy"
"snake_p10.pddl","blind",10.8,149.619923303835,330.998601164633,11.06,10.8,0,0,0,5,"pred"
"snake_p10.pddl","DecStar",387.05,418.478622418879,523.886025267227,387.09,10.8,0,0,0,5,"pred"
"snake_p10.pddl","Scorpion",316.34,463.71681120944,379.260200975612,317.2,10.8,0,0,0,5,"pred"
"snake_p10.pddl","Delfi1",928.03,742.961109144543,386.116259998475,931.75,10.8,0,0,0,5,"pred"
"snake_p10.pddl","Complementary2",823.58,858.544410029498,351.42221321974,1800,10.8,0,0,0,5,"pred"
"snake_p10.pddl","FDMS1",924.03,950.999410029498,462.573119166335,926.68,10.8,0,0,0,5,"pred"
"snake_p10.pddl","Metis2",626.16,1056.41207522124,811.116211162663,615.96,10.8,0,0,0,5,"pred"
"snake_p10.pddl","Delfi2",657.12,1104.3570339233,768.99979609749,1116.12,10.8,0,0,0,5,"pred"
"snake_p10.pddl","Metis1",661.26,1134.20668141593,802.6771804284,706.53,10.8,0,0,0,5,"pred"
