"InstanceName","Solver","SequentialRuntime","PredictedRuntime","Prediction_StandardError","ParallelRuntime","VBSRuntime","delta","delta_prime","alpha","method_number","orderBy"
"spider_p08.pddl","blind",2.11,102.465266666667,400.386152889941,2.22,2.11,0,0,0,5,"pred"
"spider_p08.pddl","DecStar",13.58,106.6734,399.008037492671,13.3,2.11,0,0,0,5,"pred"
"spider_p08.pddl","Metis1",12.77,114.657391666667,400.287225777858,12.88,2.11,0,0,0,5,"pred"
"spider_p08.pddl","Metis2",13.4,117.106233333333,399.873077737856,13.39,2.11,0,0,0,5,"pred"
"spider_p08.pddl","Delfi2",15.65,169.45395,401.265824274845,30.46,2.11,0,0,0,5,"pred"
"spider_p08.pddl","Scorpion",218.47,229.144333333333,16.8359579947901,218.47,2.11,0,0,0,5,"pred"
"spider_p08.pddl","symbolic.bidirectional",73.37,262.799458333333,530.148088757346,89.17,2.11,0,0,0,5,"pred"
"spider_p08.pddl","FDMS1",921.21,880.215891666666,354.334125870915,926.25,2.11,0,0,0,5,"pred"
"spider_p08.pddl","FDMS2",919.77,936.139016666667,387.99682073792,915.83,2.11,0,0,0,5,"pred"
