"InstanceName","Solver","SequentialRuntime","PredictedRuntime","Prediction_StandardError","ParallelRuntime","VBSRuntime","cores","ResultingTime"
"10tree315p.wcnf","Open.WBO.ms.pre",11.39,871.174601607705,481.462085984755,11.43,4.92,1,"11.43"
"10tree315p.wcnf","Open.WBO.ms",14.72,979.160448554852,373.903712747241,14.58,4.92,2,"14.58"
"10tree315p.wcnf","maxino2018",4.92,1049.13920257072,384.138865656169,4.87,4.92,3,"4.87"
"10tree315p.wcnf","Open.WBO.g",6.9,1111.44971898749,445.121083703193,6.84,4.92,4,"6.84"
"10tree315p.wcnf","UWrMaxSat.1.0",8.06,1021.59563123699,540.35595189153,8.12,4.92,5,"8.12"
"10tree315p.wcnf","QMaxSAT2018",11.24,1030.44273109536,635.465442026657,11.15,4.92,6,"11.15"
"10tree315p.wcnf","MaxHS",15.55,1200.69529146063,526.892784226592,15.37,4.92,1,"Inf"
