"InstanceName","Solver","SequentialRuntime","PredictedRuntime","Prediction_StandardError","ParallelRuntime","VBSRuntime","cores","ResultingTime"
"3ebx_1era_gwcnft.wcnf","Open.WBO.ms.pre",340.84,1306.28652969431,248.721447089724,356.5,100.68,1,"356.5"
"3ebx_1era_gwcnft.wcnf","maxino2018",625.89,1466.87453950701,264.572458385969,699.36,100.68,2,"699.36"
"3ebx_1era_gwcnft.wcnf","Open.WBO.ms",354.14,1438.33061048563,297.717820756332,368.7,100.68,3,"368.7"
"3ebx_1era_gwcnft.wcnf","UWrMaxSat.1.0",369.67,1458.43950640856,281.533912087144,401.34,100.68,4,"401.34"
"3ebx_1era_gwcnft.wcnf","Open.WBO.g",529.53,1576.56939570991,312.513706278468,582.69,100.68,5,"582.69"
"3ebx_1era_gwcnft.wcnf","QMaxSAT2018",100.68,1817.54776047873,277.759552349434,107.98,100.68,6,"107.98"
"3ebx_1era_gwcnft.wcnf","MaxHS",3600,2038.88061539403,282.550901330234,3600,100.68,1,"Inf"
