"InstanceName","Solver","SequentialRuntime","PredictedRuntime","Prediction_StandardError","ParallelRuntime","VBSRuntime","cores","ResultingTime"
"frb40-19-3partial.wcnf","Open.WBO.ms",74.87,63.1376207087486,56.2686989729511,77.1,74.87,1,"77.1"
"frb40-19-3partial.wcnf","Open.WBO.g",972.53,67.4394418604651,119.916548357757,1009.29,74.87,2,"Inf"
"frb40-19-3partial.wcnf","UWrMaxSat.1.0",97.07,111.59411627907,304.405299038433,97.16,74.87,3,"97.16"
"frb40-19-3partial.wcnf","QMaxSAT2018",1687.56,389.359589147287,639.860154691017,1821.32,74.87,4,"Inf"
"frb40-19-3partial.wcnf","MaxHS",1654.06,402.266613297555,634.046277618397,3600,74.87,5,"Inf"
"frb40-19-3partial.wcnf","Open.WBO.ms.pre",3600,3519.07576744186,530.655680126318,3600,74.87,6,"3600"
"frb40-19-3partial.wcnf","maxino2018",3600,3475.61569453174,604.559279300076,3600,74.87,1,"Inf"
