"InstanceName","Solver","SequentialRuntime","PredictedRuntime","Prediction_StandardError","ParallelRuntime","VBSRuntime","cores","ResultingTime"
"rand984_l2.wcnf","Open.WBO.ms",0.35,691.225936126126,524.645632432051,0.35,0.3,1,"0.35"
"rand984_l2.wcnf","UWrMaxSat.1.0",1.22,823.947516380021,406.490701073136,1.29,0.3,2,"1.29"
"rand984_l2.wcnf","Open.WBO.ms.pre",0.39,650.846993929406,597.101751747069,0.42,0.3,3,"0.42"
"rand984_l2.wcnf","MaxHS",1.14,984.503051307789,412.419597473666,1.14,0.3,4,"1.14"
"rand984_l2.wcnf","QMaxSAT2018",4.91,738.260770421902,665.749147869228,6.31,0.3,5,"6.31"
"rand984_l2.wcnf","maxino2018",0.67,1010.16640752738,444.624778841452,0.68,0.3,6,"0.68"
"rand984_l2.wcnf","Open.WBO.g",0.3,892.401756081806,569.258777684313,0.3,0.3,1,"Inf"
