"InstanceName","Solver","SequentialRuntime","PredictedRuntime","Prediction_StandardError","ParallelRuntime","VBSRuntime","cores","ResultingTime"
"s38584_nan_explicit_4_0.wcnf","UWrMaxSat.1.0",58.43,419.495975599407,649.105482774977,84.32,58.43,1,"84.32"
"s38584_nan_explicit_4_0.wcnf","maxino2018",3600,514.614363408033,686.585079888207,3600,58.43,2,"Inf"
"s38584_nan_explicit_4_0.wcnf","Open.WBO.ms.pre",3600,780.109037869675,821.033842345778,3600,58.43,3,"Inf"
"s38584_nan_explicit_4_0.wcnf","Open.WBO.ms",3600,979.157563708959,951.344044418782,3600,58.43,4,"Inf"
"s38584_nan_explicit_4_0.wcnf","Open.WBO.g",3600,1176.30616491376,1122.61625389554,3600,58.43,5,"Inf"
"s38584_nan_explicit_4_0.wcnf","MaxHS",3600,2722.72266907957,766.636994032366,3600,58.43,6,"Inf"
"s38584_nan_explicit_4_0.wcnf","QMaxSAT2018",3600,2475.36252796333,1055.64202647697,3600,58.43,1,"Inf"
