"InstanceName","Solver","SequentialRuntime","PredictedRuntime","Prediction_StandardError","ParallelRuntime","VBSRuntime","delta","delta_prime","alpha","method_number","orderBy"
"spider_p16.pddl","Scorpion",250.21,309.803320855615,203.986418908779,249.49,131.65,0,0,0,5,"pred"
"spider_p16.pddl","blind",131.65,353.372844919786,636.311049059276,131.9,131.65,0,0,0,5,"pred"
"spider_p16.pddl","DecStar",240.53,361.068517825312,434.329572207075,232.96,131.65,0,0,0,5,"pred"
"spider_p16.pddl","Metis2",147.2,365.164531194296,424.082054685972,1800,131.65,0,0,0,5,"pred"
"spider_p16.pddl","Delfi1",248.6,406.341366310161,472.95107419128,249.3,131.65,0,0,0,5,"pred"
"spider_p16.pddl","Metis1",248.01,443.270773618538,553.596909408588,396.06,131.65,0,0,0,5,"pred"
