"InstanceName","Solver","SequentialRuntime","PredictedRuntime","Prediction_StandardError","ParallelRuntime","VBSRuntime","delta","delta_prime","alpha","method_number","orderBy"
"sat/sin2.c.20.smt2-cvc4.cnf","CHBR_glucose_tuned",5000,1980.71854544025,2039.01940488238,4997.32116898893,1930.237,0,0,0,5,"pred"
"sat/sin2.c.20.smt2-cvc4.cnf","glucose",5000,2063.98049386792,2077.39970706925,4998.68871644764,1930.237,0,0,0,5,"pred"
"sat/sin2.c.20.smt2-cvc4.cnf","Glucose_nbSat",5000,2095.24709811321,2131.8042329224,4995.35290899317,1930.237,0,0,0,5,"pred"
"sat/sin2.c.20.smt2-cvc4.cnf","MapleCOMSPS_LRB_DRUP",1930.237,2174.14556949686,2181.84127358261,1926.20340194414,1930.237,0,0,0,5,"pred"
"sat/sin2.c.20.smt2-cvc4.cnf","CHBR_glucose",5000,2198.25557783019,2112.86471286452,4996.07529928061,1930.237,0,0,0,5,"pred"
