"InstanceName","Solver","SequentialRuntime","PredictedRuntime","Prediction_StandardError","ParallelRuntime","VBSRuntime","delta","delta_prime","alpha","method_number","orderBy"
"caldera_p14.pddl","Metis1",1800,461.052990963855,713.969104064061,1800,1541.58,0,0,0,5,"pred"
"caldera_p14.pddl","Metis2",1541.58,471.312582329317,724.764437182577,1800,1541.58,0,0,0,5,"pred"
"caldera_p14.pddl","FDMS1",1800,836.229855421687,483.417991671005,1800,1541.58,0,0,0,5,"pred"
"caldera_p14.pddl","Scorpion",1800,944.557427710844,621.840547776837,1800,1541.58,0,0,0,5,"pred"
"caldera_p14.pddl","Delfi1",1800,945.477107429719,799.535216849775,1800,1541.58,0,0,0,5,"pred"
"caldera_p14.pddl","Complementary2",1800,1023.5277560241,625.193415938392,1800,1541.58,0,0,0,5,"pred"
"caldera_p14.pddl","Planning.PDBs",1800,1079.3702248996,584.285736054768,1800,1541.58,0,0,0,5,"pred"
"caldera_p14.pddl","FDMS2",1800,1153.90828413655,495.901085088906,1800,1541.58,0,0,0,5,"pred"
"caldera_p14.pddl","Delfi2",1800,1158.25902208835,697.059168056146,1800,1541.58,0,0,0,5,"pred"
