"InstanceName","Solver","SequentialRuntime","PredictedRuntime","Prediction_StandardError","ParallelRuntime","VBSRuntime","delta","delta_prime","alpha","method_number","orderBy"
"sat/partial-10-19-s.cnf","gulch",5000,3641.84593865979,1889.06103603719,5000,783.135,0,0,0,5,"pred"
"sat/partial-10-19-s.cnf","cmsat5_main2",5000,3760.4578338488,1787.01856063797,5000,783.135,0,0,0,5,"pred"
"sat/partial-10-19-s.cnf","BeansAndEggs",5000,3837.31243367698,1810.27173198601,5000,783.135,0,0,0,5,"pred"
"sat/partial-10-19-s.cnf","GHackCOMSPS_DRUP",5000,3885.56394312715,1770.13720291871,5000,783.135,0,0,0,5,"pred"
"sat/partial-10-19-s.cnf","MapleCMS",2667.598,3916.20046993127,1744.47126918213,2950.71,783.135,0,0,0,5,"pred"
"sat/partial-10-19-s.cnf","abcdSAT_drup",3262.256,3930.1168314433,1737.36042251587,3417.01,783.135,0,0,0,5,"pred"
"sat/partial-10-19-s.cnf","glucose",5000,3950.33219415807,1644.04730216997,5000,783.135,0,0,0,5,"pred"
