"InstanceName","Solver","SequentialRuntime","PredictedRuntime","Prediction_StandardError","ParallelRuntime","VBSRuntime","delta","delta_prime","alpha","method_number","orderBy"
"settlers_p15.pddl","Scorpion",1800,1430.21440681274,524.637601062656,1800,1800,0,0,0,5,"pred"
"settlers_p15.pddl","Metis1",1800,1550.64726699771,489.406195218824,1800,1800,0,0,0,5,"pred"
"settlers_p15.pddl","Delfi2",1800,1586.80113343638,459.721750414823,1800,1800,0,0,0,5,"pred"
"settlers_p15.pddl","Delfi1",1800,1587.19167528223,464.270023840938,1800,1800,0,0,0,5,"pred"
"settlers_p15.pddl","FDMS1",1800,1613.70416508736,364.231827874133,1800,1800,0,0,0,5,"pred"
"settlers_p15.pddl","Planning.PDBs",1800,1662.74403935867,231.477444565519,1800,1800,0,0,0,5,"pred"
"settlers_p15.pddl","Complementary2",1800,1666.82113807338,261.500348423635,1800,1800,0,0,0,5,"pred"
