"InstanceName","Solver","SequentialRuntime","PredictedRuntime","Prediction_StandardError","ParallelRuntime","VBSRuntime","cores","ResultingTime"
"frb35-17-5partial.wcnf","Open.WBO.ms",20.37,26.2367638888889,14.824459403386,19.9,5.47,1,"19.9"
"frb35-17-5partial.wcnf","UWrMaxSat.1.0",15.02,20.4496041666667,31.8638712148639,14.96,5.47,2,"14.96"
"frb35-17-5partial.wcnf","Open.WBO.g",57.34,32.5736458333333,80.8432691014399,56.08,5.47,3,"56.08"
"frb35-17-5partial.wcnf","QMaxSAT2018",74.29,198.102368055556,512.883310441018,73.36,5.47,1,"Inf"
"frb35-17-5partial.wcnf","MaxHS",5.47,955.960788194444,1093.10471512535,5.43,5.47,2,"Inf"
"frb35-17-5partial.wcnf","Open.WBO.ms.pre",3600,3600,0,3600,5.47,3,"Inf"
"frb35-17-5partial.wcnf","maxino2018",3600,3561.65316369048,265.674675190489,3600,5.47,1,"Inf"
