"InstanceName","Solver","SequentialRuntime","PredictedRuntime","Prediction_StandardError","ParallelRuntime","VBSRuntime","cores","ResultingTime"
"frb40-19-5partial.wcnf","Open.WBO.ms",75.08,101.718127717391,55.0080776195197,76.13,54.74,1,"76.13"
"frb40-19-5partial.wcnf","UWrMaxSat.1.0",54.74,129.41202173913,88.8768843605722,55.34,54.74,2,"55.34"
"frb40-19-5partial.wcnf","Open.WBO.g",237.38,281.724364130435,400.572713968745,242.03,54.74,3,"242.03"
"frb40-19-5partial.wcnf","QMaxSAT2018",766.06,651.569500266411,695.251487435664,784.34,54.74,1,"Inf"
"frb40-19-5partial.wcnf","MaxHS",81.32,794.863290385749,820.216122952061,82.67,54.74,2,"Inf"
"frb40-19-5partial.wcnf","maxino2018",3600,3600,1.6468356269346e-13,3600,54.74,3,"Inf"
"frb40-19-5partial.wcnf","Open.WBO.ms.pre",3600,3593.57007246377,87.2197806366166,3600,54.74,1,"Inf"
