"InstanceName","Solver","SequentialRuntime","PredictedRuntime","Prediction_StandardError","ParallelRuntime","VBSRuntime","cores","ResultingTime"
"normalized-g15x15opbmsat.wcnf","MaxHS",108.95,864.877545037804,855.986497899301,109.36,19.54,1,"109.36"
"normalized-g15x15opbmsat.wcnf","Open.WBO.ms",24.12,1887.66146706796,854.478747123585,24.23,19.54,2,"24.23"
"normalized-g15x15opbmsat.wcnf","Open.WBO.ms.pre",19.54,1940.92347653918,801.903306526781,19.64,19.54,3,"19.64"
"normalized-g15x15opbmsat.wcnf","Open.WBO.g",32.69,1970.43110510986,863.489380824189,32.8,19.54,1,"Inf"
"normalized-g15x15opbmsat.wcnf","UWrMaxSat.1.0",91.64,2122.39179613801,836.869691658543,92.21,19.54,2,"Inf"
"normalized-g15x15opbmsat.wcnf","maxino2018",2195.65,2138.27444293046,877.735844000265,2311.17,19.54,3,"Inf"
"normalized-g15x15opbmsat.wcnf","QMaxSAT2018",61.85,2644.21393345549,634.529936329268,61.01,19.54,1,"Inf"
