"InstanceName","Solver","SequentialRuntime","PredictedRuntime","Prediction_StandardError","ParallelRuntime","VBSRuntime","cores","ResultingTime"
"p15.wcnf","UWrMaxSat.1.0",5.87,1142.33233211873,1447.21690166183,5.97,3.52,1,"5.97"
"p15.wcnf","Open.WBO.ms.pre",70,1143.54607918311,1490.04840296977,73.76,3.52,2,"73.76"
"p15.wcnf","maxino2018",3.52,1158.77330083412,1496.32850246817,3.67,3.52,3,"3.67"
"p15.wcnf","MaxHS",61.43,1303.62604808806,1363.63992238231,42.3,3.52,1,"Inf"
"p15.wcnf","Open.WBO.ms",72.81,1309.31895303585,1394.16698701754,77.06,3.52,2,"Inf"
"p15.wcnf","Open.WBO.g",44.92,1540.15831766925,1542.21017406425,47.95,3.52,3,"Inf"
"p15.wcnf","QMaxSAT2018",8.54,3039.99785698344,962.212877083431,8.77,3.52,1,"Inf"
