"InstanceName","Solver","SequentialRuntime","PredictedRuntime","Prediction_StandardError","ParallelRuntime","VBSRuntime","cores","ResultingTime"
"pesp_18Min.wcnf","MaxHS",3600,1888.034922741,1019.43208758073,3600,3600,1,"Inf"
"pesp_18Min.wcnf","Open.WBO.g",3600,2254.05630231996,1115.23749350193,3600,3600,2,"Inf"
"pesp_18Min.wcnf","QMaxSAT2018",3600,2432.75476560309,1071.65450622982,3600,3600,3,"Inf"
"pesp_18Min.wcnf","UWrMaxSat.1.0",3600,2347.99688806296,1214.21917554183,3600,3600,1,"Inf"
"pesp_18Min.wcnf","maxino2018",3600,2470.20402980147,1228.84345249783,3600,3600,2,"Inf"
"pesp_18Min.wcnf","Open.WBO.ms",3600,2626.04662619057,1114.763229723,3600,3600,3,"Inf"
"pesp_18Min.wcnf","Open.WBO.ms.pre",3600,2642.682347461,1120.60434826835,3600,3600,1,"Inf"
