"InstanceName","Solver","SequentialRuntime","PredictedRuntime","Prediction_StandardError","ParallelRuntime","VBSRuntime","delta","delta_prime","alpha","method_number","orderBy"
"sat/by-X-2-7-100.cnf","Riss7.1.fix",974.189,2824.79775786802,2214.931869279,5000,530.991,0,0,0,0,"pred"
"sat/by-X-2-7-100.cnf","CaDiCaL",658.475,2826.87775972927,1964.45428548463,5000,530.991,0,0,0,0,"pred"
"sat/by-X-2-7-100.cnf","Maple_LCM_Scavel_200_fix2",899.141,2964.5370607445,2153.80051116851,5000,530.991,0,0,0,0,"pred"
"sat/by-X-2-7-100.cnf","Maple_LCM_Scavel_fix2",946.427,3027.94554873097,2169.75109151653,5000,530.991,0,0,0,0,"pred"
"sat/by-X-2-7-100.cnf","Sparrow2Riss.2018.fixfix",1840.098,3038.05824170897,2032.60628782602,5000,530.991,0,0,0,0,"pred"
"sat/by-X-2-7-100.cnf","MapleCOMSPS_LRB_VSIDS_2_fix",752.194,3096.045735533,2152.25678343033,5000,530.991,0,0,0,0,"pred"
"sat/by-X-2-7-100.cnf","glu_mix",660.18,3125.63115296108,2079.8818757021,5000,530.991,0,0,0,0,"pred"
