"InstanceName","Solver","SequentialRuntime","PredictedRuntime","Prediction_StandardError","ParallelRuntime","VBSRuntime","delta","delta_prime","alpha","method_number","orderBy"
"sat/CNP-5-1300.cnf","Sparrow2Riss.2018.fixfix",1.523,1.77716751054856,0.21203272589663,1.81,1.523,0,0,0,0,"pred"
"sat/CNP-5-1300.cnf","YalSAT",21.15,4.29491392405085,4.54821553454979,24.38,1.523,0,0,0,0,"pred"
"sat/CNP-5-1300.cnf","MapleCOMSPS_LRB_VSIDS_2_fix",105.008,116.752025527426,65.1995466569085,122.95,1.523,0,0,0,0,"pred"
"sat/CNP-5-1300.cnf","Minisat.v2.2.0.106.ge2dd095",72.474,119.02294113924,54.6447789744598,87.17,1.523,0,0,0,0,"pred"
"sat/CNP-5-1300.cnf","COMiniSatPS_Pulsar_drup",40.544,186.974958649789,552.280646607572,47.99,1.523,0,0,0,0,"pred"
"sat/CNP-5-1300.cnf","Maple_CM",44.408,197.851428481013,211.920768219586,50.24,1.523,0,0,0,0,"pred"
"sat/CNP-5-1300.cnf","expMC_LRB_VSIDS_Switch",169.294,273.206421729958,588.198981638842,206.51,1.523,0,0,0,0,"pred"
