"InstanceName","Solver","SequentialRuntime","PredictedRuntime","Prediction_StandardError","ParallelRuntime","VBSRuntime","delta","delta_prime","alpha","method_number","orderBy"
"sat/Karatsuba4477457x5308417.cnf","CaDiCaL",27.647,322.604227586207,767.647588384517,31.12,27.647,0,0,0,0,"pred"
"sat/Karatsuba4477457x5308417.cnf","Riss7.1.fix",359.175,360.716195977011,501.260634707309,412.07,27.647,0,0,0,0,"pred"
"sat/Karatsuba4477457x5308417.cnf","expMC_VSIDS_LRB_Switch_2500",134.458,431.909454597701,263.427833368147,161.82,27.647,0,0,0,0,"pred"
"sat/Karatsuba4477457x5308417.cnf","gluHack",447.65,445.129818390805,886.961769876303,526.64,27.647,0,0,0,0,"pred"
"sat/Karatsuba4477457x5308417.cnf","Maple_CM_ordUIP",115.2,488.570704597701,974.855171985426,136.71,27.647,0,0,0,0,"pred"
"sat/Karatsuba4477457x5308417.cnf","Minisat.v2.2.0.106.ge2dd095",853.493,510.935927011494,392.315471014941,5000,27.647,0,0,0,0,"pred"
"sat/Karatsuba4477457x5308417.cnf","Maple_CM_ordUIP.",112.882,511.648284482759,875.991909322437,129.41,27.647,0,0,0,0,"pred"
