"InstanceName","Solver","SequentialRuntime","PredictedRuntime","Prediction_StandardError","ParallelRuntime","VBSRuntime","delta","delta_prime","alpha","method_number","orderBy"
"sat/si2-b03m-m400-03.cnf","Glucose_Hack_Kiel_fastBVE",43.43,513.841844242424,1155.93678253901,50.78,1.34,0,0,0,0,"pred"
"sat/si2-b03m-m400-03.cnf","glucose.3.0_PADC_10",63.713,523.468478484848,1123.6068330871,73.9,1.34,0,0,0,0,"pred"
"sat/si2-b03m-m400-03.cnf","expMC_LRB_VSIDS_Switch_2500",64.721,558.723106666667,1202.47506214343,73.7,1.34,0,0,0,0,"pred"
"sat/si2-b03m-m400-03.cnf","glucose3.0",63.663,597.928095909091,1073.23490480712,74.9,1.34,0,0,0,0,"pred"
"sat/si2-b03m-m400-03.cnf","Riss7.1.fix",12.698,646.75906969697,1396.93369067532,16.12,1.34,0,0,0,0,"pred"
"sat/si2-b03m-m400-03.cnf","glu_mix",66.736,660.199892575758,1311.49251784364,76.25,1.34,0,0,0,0,"pred"
"sat/si2-b03m-m400-03.cnf","Maple_CM_ordUIP.",71.912,672.712412575758,1378.96819833168,81.72,1.34,0,0,0,0,"pred"
