"InstanceName","Solver","SequentialRuntime","PredictedRuntime","Prediction_StandardError","ParallelRuntime","VBSRuntime","delta","delta_prime","alpha","method_number","orderBy"
"sat/si2-b06m-m1000-03.cnf","COMiniSatPS_Pulsar_drup",130.461,456.464962337662,1042.55722284923,145.25,2.965,0,0,0,0,"pred"
"sat/si2-b06m-m1000-03.cnf","expMC_VSIDS_LRB_Switch_2500",127.339,563.76193030303,1360.44892987205,143.14,2.965,0,0,0,0,"pred"
"sat/si2-b06m-m1000-03.cnf","glucose.3.0_PADC_3",125.766,648.033508225108,1335.04850466976,142.88,2.965,0,0,0,0,"pred"
"sat/si2-b06m-m1000-03.cnf","inIDGlucose",124.192,703.497542640693,1496.62064197576,146.08,2.965,0,0,0,0,"pred"
"sat/si2-b06m-m1000-03.cnf","Maple_CM_ordUIP",133.35,705.823135281385,1477.56031182623,149.99,2.965,0,0,0,0,"pred"
"sat/si2-b06m-m1000-03.cnf","Candy",134.88,714.878728787879,1384.58124479223,157.7,2.965,0,0,0,0,"pred"
"sat/si2-b06m-m1000-03.cnf","glucose4.2.1",127.72,718.924022727273,1452.75201660257,142.66,2.965,0,0,0,0,"pred"
