"InstanceName","Solver","SequentialRuntime","PredictedRuntime","Prediction_StandardError","ParallelRuntime","VBSRuntime","delta","delta_prime","alpha","method_number","orderBy"
"sat/sted1_0x0-350.cnf","MapleLCMDistChronoBT",5000,1226.92037037037,1717.88730743858,5000,5000,0,0,0,0,"pred"
"sat/sted1_0x0-350.cnf","glucose3.0",5000,1554.29376574074,2199.70450918661,5000,5000,0,0,0,0,"pred"
"sat/sted1_0x0-350.cnf","MapleCOMSPS_CHB_VSIDS_drup",5000,1591.93319074074,2226.23797448049,5000,5000,0,0,0,0,"pred"
"sat/sted1_0x0-350.cnf","glucose.3.0_PADC_3",5000,1640.40999166667,2156.52127382849,5000,5000,0,0,0,0,"pred"
"sat/sted1_0x0-350.cnf","inIDGlucose",5000,1655.81421759259,1989.76522345509,5000,5000,0,0,0,0,"pred"
"sat/sted1_0x0-350.cnf","Maple_CM",5000,1766.4182462963,2077.59480301428,5000,5000,0,0,0,0,"pred"
"sat/sted1_0x0-350.cnf","Maple_LCM_Scavel_fix2",5000,1850.3640962963,2308.91638165414,5000,5000,0,0,0,0,"pred"
