"InstanceName","Solver","SequentialRuntime","PredictedRuntime","Prediction_StandardError","ParallelRuntime","VBSRuntime","delta","delta_prime","alpha","method_number","orderBy"
"sat/sted5_0x0-50.cnf","smallsat",298.345,1453.74581466667,2112.57117026544,345.6,25.712,0,0,0,0,"pred"
"sat/sted5_0x0-50.cnf","Maple_CM_ordUIP.",246.758,2255.60785666667,2309.25945602734,290.65,25.712,0,0,0,0,"pred"
"sat/sted5_0x0-50.cnf","glu_mix",395.747,2266.47076844444,2074.61143778957,469.81,25.712,0,0,0,0,"pred"
"sat/sted5_0x0-50.cnf","Glucose_Hack_Kiel_fastBVE",35.852,2288.42798333333,2297.12649804875,41.64,25.712,0,0,0,0,"pred"
"sat/sted5_0x0-50.cnf","MapleCOMSPS_CHB_VSIDS_drup",153.279,2439.04985844444,2379.74167296555,180.51,25.712,0,0,0,0,"pred"
"sat/sted5_0x0-50.cnf","Candy",165.797,2526.03594555556,2228.15418088737,203.04,25.712,0,0,0,0,"pred"
"sat/sted5_0x0-50.cnf","Maple_LCM_M1",414.715,2597.44930822222,2377.97039065173,512.77,25.712,0,0,0,0,"pred"
