"InstanceName","Solver","SequentialRuntime","PredictedRuntime","Prediction_StandardError","ParallelRuntime","VBSRuntime","cores","ResultingTime"
"3col140_5_1shuffledcnf.wcnf","MaxHS",37.89,308.990370794362,349.124322039602,38.04,3.67,1,"38.04"
"3col140_5_1shuffledcnf.wcnf","Open.WBO.ms.pre",38.88,1132.21994412766,695.132886167122,39.4,3.67,2,"Inf"
"3col140_5_1shuffledcnf.wcnf","Open.WBO.ms",26.97,1097.75558702389,760.94107421366,27.14,3.67,3,"27.14"
"3col140_5_1shuffledcnf.wcnf","UWrMaxSat.1.0",12.88,1035.52524054851,909.439608295275,12.98,3.67,2,"12.98"
"3col140_5_1shuffledcnf.wcnf","maxino2018",6.15,1104.76381558826,967.328390476176,6.19,3.67,1,"Inf"
"3col140_5_1shuffledcnf.wcnf","Open.WBO.g",12.67,1357.42176187406,844.611142442855,12.76,3.67,3,"Inf"
"3col140_5_1shuffledcnf.wcnf","QMaxSAT2018",3.67,1716.79874642948,1069.82933744341,3.68,3.67,1,"Inf"
