"InstanceName","Solver","SequentialRuntime","PredictedRuntime","Prediction_StandardError","ParallelRuntime","VBSRuntime","cores","ResultingTime"
"b22_C-mbd14-0240.wcnf","Open.WBO.ms.pre",1.58,619.787069729257,654.777726582893,1.63,0.49,2,"1.63"
"b22_C-mbd14-0240.wcnf","Open.WBO.g",0.57,579.156923475434,722.62786114463,0.63,0.49,1,"0.63"
"b22_C-mbd14-0240.wcnf","MaxHS",16.24,632.667549949142,671.88094548601,9.63,0.49,1,"Inf"
"b22_C-mbd14-0240.wcnf","UWrMaxSat.1.0",1.39,679.382685414177,669.93639710461,1.42,0.49,2,"Inf"
"b22_C-mbd14-0240.wcnf","Open.WBO.ms",0.66,625.429640140605,789.463091559873,0.7,0.49,3,"0.7"
"b22_C-mbd14-0240.wcnf","maxino2018",0.49,691.961310276485,768.616712328492,0.51,0.49,3,"Inf"
"b22_C-mbd14-0240.wcnf","QMaxSAT2018",9.67,693.569930037168,921.713274122823,10.04,0.49,1,"Inf"
