"InstanceName","Solver","SequentialRuntime","PredictedRuntime","Prediction_StandardError","ParallelRuntime","VBSRuntime","cores","ResultingTime"
"cnf13p9.wcnf","Open.WBO.ms.pre",75.97,922.96177840161,562.97177255345,124.45,43.05,1,"124.45"
"cnf13p9.wcnf","UWrMaxSat.1.0",46.66,1018.10567347857,496.48682638465,72.4,43.05,3,"Inf"
"cnf13p9.wcnf","maxino2018",203.13,971.716725509053,598.609320774242,309,43.05,3,"309"
"cnf13p9.wcnf","Open.WBO.ms",87.74,975.170548762859,617.392650836461,138.54,43.05,1,"Inf"
"cnf13p9.wcnf","Open.WBO.g",43.05,990.382509243,618.795320983738,68.78,43.05,2,"Inf"
"cnf13p9.wcnf","MaxHS",282.84,953.93040408991,692.402509652808,414.74,43.05,2,"414.74"
"cnf13p9.wcnf","QMaxSAT2018",90.68,1134.57076367457,804.210416420901,141.08,43.05,1,"Inf"
