"InstanceName","Solver","SequentialRuntime","PredictedRuntime","Prediction_StandardError","ParallelRuntime","VBSRuntime","cores","ResultingTime"
"cnf16p6.wcnf","Open.WBO.ms.pre",118.61,865.499367796309,573.265924602537,120.88,43.78,1,"120.88"
"cnf16p6.wcnf","UWrMaxSat.1.0",45.23,958.602849492904,534.28626452395,46.32,43.78,3,"46.32"
"cnf16p6.wcnf","Open.WBO.ms",198.16,882.010998208135,626.045960495472,308.72,43.78,2,"308.72"
"cnf16p6.wcnf","maxino2018",43.78,994.368335254535,606.771696361608,66.51,43.78,2,"Inf"
"cnf16p6.wcnf","Open.WBO.g",236.3,976.780266229015,653.675342278288,241.44,43.78,1,"Inf"
"cnf16p6.wcnf","QMaxSAT2018",60.18,1068.08748639806,718.354135086166,92.85,43.78,3,"Inf"
"cnf16p6.wcnf","MaxHS",297.44,1379.76022704773,758.912354842158,284.66,43.78,1,"Inf"
