"InstanceName","Solver","SequentialRuntime","PredictedRuntime","Prediction_StandardError","ParallelRuntime","VBSRuntime","cores","ResultingTime"
"g3_n37e36_n37e35_n39e39.wcnf","Open.WBO.ms.pre",89.27,545.740987756096,695.561403698911,90.47,89.27,1,"90.47"
"g3_n37e36_n37e35_n39e39.wcnf","Open.WBO.ms",128.54,553.487638107381,788.878585061704,130.48,89.27,2,"130.48"
"g3_n37e36_n37e35_n39e39.wcnf","Open.WBO.g",1757.8,816.306464250169,871.336241007957,1930.05,89.27,3,"Inf"
"g3_n37e36_n37e35_n39e39.wcnf","UWrMaxSat.1.0",175.85,1125.94699959857,988.670691299355,176.76,89.27,1,"Inf"
"g3_n37e36_n37e35_n39e39.wcnf","maxino2018",768.83,1138.62459264246,1010.393287937,780.72,89.27,2,"Inf"
"g3_n37e36_n37e35_n39e39.wcnf","MaxHS",1410.61,1358.77565682075,1071.14825580204,1430.61,89.27,3,"3118.25270525813"
"g3_n37e36_n37e35_n39e39.wcnf","QMaxSAT2018",665.25,1370.50426873584,1232.32575398783,674.74,89.27,1,"Inf"
