"InstanceName","Solver","SequentialRuntime","PredictedRuntime","Prediction_StandardError","ParallelRuntime","VBSRuntime","cores","ResultingTime"
"atcoss_sugar_12.wcnf","UWrMaxSat.1.0",16.47,1475.03301285705,937.586810432209,18.04,16.47,2,"18.04"
"atcoss_sugar_12.wcnf","Open.WBO.ms.pre",109.4,1454.97715106602,1150.24881740182,116.77,16.47,1,"116.77"
"atcoss_sugar_12.wcnf","maxino2018",16.66,1483.92300791223,1124.00378359985,17.55,16.47,3,"17.55"
"atcoss_sugar_12.wcnf","Open.WBO.ms",147.25,1697.99234231539,1087.56211840737,164.37,16.47,5,"164.37"
"atcoss_sugar_12.wcnf","Open.WBO.g",45.71,1603.59142849232,1194.89221607376,53.77,16.47,4,"53.77"
"atcoss_sugar_12.wcnf","MaxHS",189.36,1771.26980864057,1176.60293839285,203.61,16.47,6,"203.61"
"atcoss_sugar_12.wcnf","QMaxSAT2018",27.53,2219.55980031692,956.559833314447,30.7,16.47,1,"Inf"
