"InstanceName","Solver","SequentialRuntime","PredictedRuntime","Prediction_StandardError","ParallelRuntime","VBSRuntime","cores","ResultingTime"
"b22_C-mbd14-0240.wcnf","Open.WBO.ms.pre",1.58,619.787069729257,654.777726582893,1.66,0.49,2,"1.66"
"b22_C-mbd14-0240.wcnf","Open.WBO.g",0.57,579.156923475434,722.62786114463,0.71,0.49,1,"0.71"
"b22_C-mbd14-0240.wcnf","MaxHS",16.24,632.667549949142,671.88094548601,8.81,0.49,4,"8.81"
"b22_C-mbd14-0240.wcnf","UWrMaxSat.1.0",1.39,679.382685414177,669.93639710461,1.48,0.49,5,"1.48"
"b22_C-mbd14-0240.wcnf","Open.WBO.ms",0.66,625.429640140605,789.463091559873,0.79,0.49,3,"0.79"
"b22_C-mbd14-0240.wcnf","maxino2018",0.49,691.961310276485,768.616712328492,0.53,0.49,6,"0.53"
"b22_C-mbd14-0240.wcnf","QMaxSAT2018",9.67,693.569930037168,921.713274122823,10.48,0.49,1,"Inf"
