"InstanceName","Solver","SequentialRuntime","PredictedRuntime","Prediction_StandardError","ParallelRuntime","VBSRuntime","delta","delta_prime","alpha","method_number","orderBy"
"sat/Nb13T166.cnf","YalSAT",1084.09,849.030711270983,1661.30295574596,5000,2.49,0,0,0,5,"pred"
"sat/Nb13T166.cnf","glu_mix",5000,2940.65006270983,2160.70609104794,5000,2.49,0,0,0,5,"pred"
"sat/Nb13T166.cnf","abcdsat_r18",5000,3139.23249964029,2145.32502429215,5000,2.49,0,0,0,5,"pred"
"sat/Nb13T166.cnf","smallsat",5000,3140.27046366906,2146.46617530847,5000,2.49,0,0,0,5,"pred"
"sat/Nb13T166.cnf","expMC_LRB_VSIDS_Switch_2500",5000,3207.36514436451,2184.50439340941,5000,2.49,0,0,0,5,"pred"
"sat/Nb13T166.cnf","expMC_VSIDS_LRB_Switch_2500",5000,3338.57429148681,2022.75588649532,5000,2.49,0,0,0,5,"pred"
"sat/Nb13T166.cnf","Riss7.1.fix",5000,3446.46034196643,2178.06322737947,5000,2.49,0,0,0,5,"pred"
"sat/Nb13T166.cnf","Candy",5000,3491.44968633094,2045.28409492625,5000,2.49,0,0,0,5,"pred"
"sat/Nb13T166.cnf","COMiniSatPS_Pulsar_drup",5000,3554.38541810551,2046.8523758771,5000,2.49,0,0,0,5,"pred"
