"InstanceName","Solver","SequentialRuntime","PredictedRuntime","Prediction_StandardError","ParallelRuntime","VBSRuntime","delta","delta_prime","alpha","method_number","orderBy"
"agricola_p12.pddl","symbolic.bidirectional",315.46,703.396890804598,649.382568817228,367.76,315.46,0,0,0,0,"pred"
"agricola_p12.pddl","FDMS2",1800,1051.21615517241,435.963861547014,1800,315.46,0,0,0,0,"pred"
"agricola_p12.pddl","Delfi2",939.8,1245.1075862069,496.253932506266,1028.91,315.46,0,0,0,0,"pred"
"agricola_p12.pddl","Delfi1",843.26,1289.77559770115,363.934143824818,1009.03,315.46,0,0,0,0,"pred"
"agricola_p12.pddl","FDMS1",1800,1500.80804597701,386.226252181311,1800,315.46,0,0,0,0,"pred"
"agricola_p12.pddl","Complementary1",1224.5,1599.67747701149,230.213514087969,1800,315.46,0,0,0,0,"pred"
"agricola_p12.pddl","blind",1800,1711.8,232.234881101009,1800,315.46,0,0,0,0,"pred"
"agricola_p12.pddl","Scorpion",1800,1759.50581609195,77.8336409076,1800,315.46,0,0,0,0,"pred"
