"InstanceName","Solver","SequentialRuntime","PredictedRuntime","Prediction_StandardError","ParallelRuntime","VBSRuntime","delta","delta_prime","alpha","method_number","orderBy"
"caldera_p12.pddl","Metis1",17.83,208.410551470588,530.006715695842,17.81,15.34,0,0,0,0,"pred"
"caldera_p12.pddl","Metis2",15.34,248.013720588235,519.804778179734,15.57,15.34,0,0,0,0,"pred"
"caldera_p12.pddl","Delfi1",18.52,437.010073529412,712.233459277515,18.98,15.34,0,0,0,0,"pred"
"caldera_p12.pddl","FDMS1",582.08,720.615725490196,547.350065948208,645.17,15.34,0,0,0,0,"pred"
"caldera_p12.pddl","Scorpion",460.97,720.862997549019,500.932509425103,465.98,15.34,0,0,0,0,"pred"
"caldera_p12.pddl","FDMS2",910.76,825.521321078431,478.931150040715,909.15,15.34,0,0,0,0,"pred"
"caldera_p12.pddl","Complementary2",956.48,985.548651960784,502.538374454769,960.33,15.34,0,0,0,0,"pred"
"caldera_p12.pddl","Planning.PDBs",950.13,1023.98344607843,549.5143139495,954.72,15.34,0,0,0,0,"pred"
