"InstanceName","Solver","SequentialRuntime","PredictedRuntime","Prediction_StandardError","ParallelRuntime","VBSRuntime","delta","delta_prime","alpha","method_number","orderBy"
"caldera-split_p14.pddl","Delfi2",523.21,1567.02531120944,562.225943022689,533.02,523.21,0,0,0,0,"pred"
"caldera-split_p14.pddl","Complementary1",1800,1602.20971091445,486.679093632615,1800,523.21,0,0,0,0,"pred"
"caldera-split_p14.pddl","Planning.PDBs",1800,1602.63510914454,500.432106040889,1800,523.21,0,0,0,0,"pred"
"caldera-split_p14.pddl","Complementary2",1800,1607.98728318584,516.436840352026,1800,523.21,0,0,0,0,"pred"
"caldera-split_p14.pddl","Symple.1",1800,1608.32872271386,491.661948481237,1800,523.21,0,0,0,0,"pred"
"caldera-split_p14.pddl","Symple.2",1800,1622.40095575221,461.996413334043,1800,523.21,0,0,0,0,"pred"
"caldera-split_p14.pddl","Metis2",1800,1633.84480678466,461.921038364337,1800,523.21,0,0,0,0,"pred"
"caldera-split_p14.pddl","FDMS2",1800,1639.13427286136,289.741132872808,1800,523.21,0,0,0,0,"pred"
