"InstanceName","Solver","SequentialRuntime","PredictedRuntime","Prediction_StandardError","ParallelRuntime","VBSRuntime","delta","delta_prime","alpha","method_number","orderBy"
"caldera_p06.pddl","Metis2",2.52,43.5303993055556,138.927555656964,2.52,2.02,0,0,0,0,"pred"
"caldera_p06.pddl","Metis1",2.39,136.674659722222,401.596129464524,2.41,2.02,0,0,0,0,"pred"
"caldera_p06.pddl","Delfi1",3.46,143.871298611111,413.389936572712,3.58,2.02,0,0,0,0,"pred"
"caldera_p06.pddl","FDMS1",118.5,455.378381944444,510.694045382372,128.54,2.02,0,0,0,0,"pred"
"caldera_p06.pddl","Scorpion",210.74,494.622267361111,367.222483919734,209.3,2.02,0,0,0,0,"pred"
"caldera_p06.pddl","Complementary2",19.61,662.298989583333,606.220159588247,22.33,2.02,0,0,0,0,"pred"
"caldera_p06.pddl","Delfi2",199.05,682.820725694444,740.405017216282,225.02,2.02,0,0,0,0,"pred"
"caldera_p06.pddl","FDMS2",340.24,692.789399305556,514.413920286747,362.57,2.02,0,0,0,0,"pred"
