"InstanceName","Solver","SequentialRuntime","PredictedRuntime","Prediction_StandardError","ParallelRuntime","VBSRuntime","delta","delta_prime","alpha","method_number","orderBy"
"caldera_p16.pddl","Metis2",1800,1336.28033680556,619.170900833645,1800,1800,0,0,0,0,"pred"
"caldera_p16.pddl","Metis1",1800,1380.03325,659.832826497509,1800,1800,0,0,0,0,"pred"
"caldera_p16.pddl","Delfi2",1800,1473.19168055556,512.829684855364,1800,1800,0,0,0,0,"pred"
"caldera_p16.pddl","Complementary2",1800,1532.17846527778,494.514574206552,1800,1800,0,0,0,0,"pred"
"caldera_p16.pddl","FDMS1",1800,1570.67391666667,515.525044377744,1800,1800,0,0,0,0,"pred"
"caldera_p16.pddl","Delfi1",1800,1603.87682291667,474.777845689283,1800,1800,0,0,0,0,"pred"
"caldera_p16.pddl","blind",1800,1618.28914930556,456.802709598884,1800,1800,0,0,0,0,"pred"
"caldera_p16.pddl","FDMS2",1800,1658.17872916667,326.508393138072,1800,1800,0,0,0,0,"pred"
