"InstanceName","Solver","SequentialRuntime","PredictedRuntime","Prediction_StandardError","ParallelRuntime","VBSRuntime","delta","delta_prime","alpha","method_number","orderBy"
"nurikabe_p16.pddl","Delfi1",1371.49,707.25352165725,387.33086215292,1800,401.75,0,0,0,0,"pred"
"nurikabe_p16.pddl","Delfi2",401.75,885.915369114878,594.498852160221,379.41,401.75,0,0,0,0,"pred"
"nurikabe_p16.pddl","Complementary1",1800,1637.42289171375,291.408439379374,1800,401.75,0,0,0,0,"pred"
"nurikabe_p16.pddl","Metis1",1800,1666.57915536723,385.134050469517,1800,401.75,0,0,0,0,"pred"
"nurikabe_p16.pddl","blind",1800,1668.44503578154,402.611218071621,1800,401.75,0,0,0,0,"pred"
"nurikabe_p16.pddl","Complementary2",1800,1678.87056308851,341.64625135428,1800,401.75,0,0,0,0,"pred"
"nurikabe_p16.pddl","Scorpion",1800,1678.90493879473,352.159081724915,1800,401.75,0,0,0,0,"pred"
"nurikabe_p16.pddl","Metis2",1800,1685.28166195857,315.352095313592,1800,401.75,0,0,0,0,"pred"
