"InstanceName","Solver","SequentialRuntime","PredictedRuntime","Prediction_StandardError","ParallelRuntime","VBSRuntime","delta","delta_prime","alpha","method_number","orderBy"
"settlers_p20.pddl","Scorpion",1800,1565.51070235002,348.819634725397,1800,256.96,0,0,0,0,"pred"
"settlers_p20.pddl","blind",1800,1588.71575866995,380.658563359271,1800,256.96,0,0,0,0,"pred"
"settlers_p20.pddl","Delfi1",1800,1593.05260795393,312.190426064156,1800,256.96,0,0,0,0,"pred"
"settlers_p20.pddl","Metis1",1800,1597.5698384499,306.69475198042,1800,256.96,0,0,0,0,"pred"
"settlers_p20.pddl","symbolic.bidirectional",1800,1608.37737605262,247.709905914847,1800,256.96,0,0,0,0,"pred"
"settlers_p20.pddl","FDMS1",1800,1629.28970719315,273.039876129247,1800,256.96,0,0,0,0,"pred"
"settlers_p20.pddl","Complementary2",1800,1634.12650131852,314.23939575766,1800,256.96,0,0,0,0,"pred"
"settlers_p20.pddl","Delfi2",256.96,1645.6630173844,251.434453175318,295.72,256.96,0,0,0,0,"pred"
