"InstanceName","Solver","SequentialRuntime","PredictedRuntime","Prediction_StandardError","ParallelRuntime","VBSRuntime","delta","delta_prime","alpha","method_number","orderBy"
"snake_p02.pddl","blind",18.4,84.3529852507375,266.59931402038,18.96,18.4,0,0,0,0,"pred"
"snake_p02.pddl","DecStar",388.71,291.518250737463,393.509761658891,388.8,18.4,0,0,0,0,"pred"
"snake_p02.pddl","Scorpion",320.98,402.207365781711,229.046713257583,321.48,18.4,0,0,0,0,"pred"
"snake_p02.pddl","FDMS1",416.69,519.098880530973,304.124780038978,439.59,18.4,0,0,0,0,"pred"
"snake_p02.pddl","Delfi1",289.21,627.0442640118,324.151642954078,291.95,18.4,0,0,0,0,"pred"
"snake_p02.pddl","Complementary2",738.24,785.840609144543,254.792257684844,1011.17,18.4,0,0,0,0,"pred"
"snake_p02.pddl","Complementary1",684.3,805.010833333333,294.793806407548,1800,18.4,0,0,0,0,"pred"
"snake_p02.pddl","Metis1",1631.16,836.576067846608,832.336313611937,1800,18.4,0,0,0,0,"pred"
