"InstanceName","Solver","SequentialRuntime","PredictedRuntime","Prediction_StandardError","ParallelRuntime","VBSRuntime","delta","delta_prime","alpha","method_number","orderBy"
"spider_p09.pddl","Scorpion",267.68,313.54290562249,246.394000973229,264.46,22.46,0,0,0,0,"pred"
"spider_p09.pddl","DecStar",128.32,372.20278313253,339.03322994492,123.27,22.46,0,0,0,0,"pred"
"spider_p09.pddl","blind",22.46,423.921480923695,642.017203787365,23.01,22.46,0,0,0,0,"pred"
"spider_p09.pddl","Delfi1",128.33,435.419043172691,447.221149961378,127.38,22.46,0,0,0,0,"pred"
"spider_p09.pddl","Metis2",127.79,435.915932730924,465.656909315723,130.46,22.46,0,0,0,0,"pred"
"spider_p09.pddl","Metis1",127.6,540.310027108434,532.55502418642,124.77,22.46,0,0,0,0,"pred"
"spider_p09.pddl","Complementary1",970.65,1023.01759939759,191.536168028238,1800,22.46,0,0,0,0,"pred"
"spider_p09.pddl","Complementary2",997.45,1113.22290461847,203.030594239525,1009.69,22.46,0,0,0,0,"pred"
