"InstanceName","Solver","SequentialRuntime","PredictedRuntime","Prediction_StandardError","ParallelRuntime","VBSRuntime","delta","delta_prime","alpha","method_number","orderBy"
"termes_p04.pddl","symbolic.bidirectional",2.53,48.1844474153297,176.326149932287,2.87,2.53,0,0,0,0,"pred"
"termes_p04.pddl","Delfi2",4.1,56.200116119175,104.901977144889,4.61,2.53,0,0,0,0,"pred"
"termes_p04.pddl","FDMS1",34.85,150.93479768271,356.96117553173,36.86,2.53,0,0,0,0,"pred"
"termes_p04.pddl","Delfi1",40.27,174.811018716578,151.878671661584,45.06,2.53,0,0,0,0,"pred"
"termes_p04.pddl","FDMS2",34.81,202.767840463458,438.902426629621,39.94,2.53,0,0,0,0,"pred"
"termes_p04.pddl","Symple.1",63.63,260.082822638146,360.64060015263,81.84,2.53,0,0,0,0,"pred"
"termes_p04.pddl","Symple.2",62.98,298.732647950089,426.200274451251,81.14,2.53,0,0,0,0,"pred"
"termes_p04.pddl","blind",121.08,364.360869875223,490.588206772971,124.31,2.53,0,0,0,0,"pred"
