"InstanceName","Solver","SequentialRuntime","PredictedRuntime","Prediction_StandardError","ParallelRuntime","VBSRuntime","cores","ResultingTime"
"cnf20p5.wcnf","UWrMaxSat.1.0",176.06,908.2669336119,641.773976517268,176.06,62.1,1,"176.06"
"cnf20p5.wcnf","Open.WBO.g",62.1,934.243014981132,725.144496008,62.1,62.1,1,"Inf"
"cnf20p5.wcnf","Open.WBO.ms.pre",63.96,940.028384315546,819.377120413634,63.96,62.1,1,"Inf"
"cnf20p5.wcnf","Open.WBO.ms",103.84,942.606032520606,820.092288255966,103.84,62.1,1,"Inf"
"cnf20p5.wcnf","maxino2018",71.15,995.437986417615,813.202199003923,71.15,62.1,1,"Inf"
"cnf20p5.wcnf","QMaxSAT2018",77.3,1117.80361468515,781.094626169034,77.3,62.1,1,"Inf"
"cnf20p5.wcnf","MaxHS",682.06,1495.13547874411,739.368788089431,682.06,62.1,1,"Inf"
