"InstanceName","Solver","SequentialRuntime","PredictedRuntime","Prediction_StandardError","ParallelRuntime","VBSRuntime","cores","ResultingTime"
"g4_n47e57_n58e61_n133e169_n141e184.wcnf","Open.WBO.ms.pre",8.34,998.645894268703,698.429914889243,8.34,0.79,1,"8.34"
"g4_n47e57_n58e61_n133e169_n141e184.wcnf","UWrMaxSat.1.0",0.79,1008.65510316933,570.223721645723,0.79,0.79,1,"Inf"
"g4_n47e57_n58e61_n133e169_n141e184.wcnf","MaxHS",155.18,1024.07012911053,558.304812983167,155.18,0.79,1,"Inf"
"g4_n47e57_n58e61_n133e169_n141e184.wcnf","maxino2018",1.16,1164.2661486332,709.141520376884,1.16,0.79,1,"Inf"
"g4_n47e57_n58e61_n133e169_n141e184.wcnf","Open.WBO.ms",6.13,1175.76168361201,578.334821351524,6.13,0.79,1,"Inf"
"g4_n47e57_n58e61_n133e169_n141e184.wcnf","Open.WBO.g",2.28,1327.02450438858,604.019136464544,2.28,0.79,1,"Inf"
"g4_n47e57_n58e61_n133e169_n141e184.wcnf","QMaxSAT2018",34.75,1894.38938461534,954.735651235539,34.75,0.79,1,"Inf"
