"InstanceName","Solver","SequentialRuntime","PredictedRuntime","Prediction_StandardError","ParallelRuntime","VBSRuntime","delta","delta_prime","alpha","method_number","orderBy"
"sat/modgen-n200-m90860q08c40-18972.cnf","gulch",1261.795,81.626904040404,440.633855221972,1267.78,312.345,0,0,0,5,"pred"
"sat/modgen-n200-m90860q08c40-18972.cnf","MapleCOMSPS_CHB_DRUP",766.09,108.926580555555,491.487188783319,766.91,312.345,0,0,0,5,"pred"
"sat/modgen-n200-m90860q08c40-18972.cnf","CHBR_glucose",898.755,152.221854166667,620.874368409728,893.849353239356,312.345,0,0,0,5,"pred"
"sat/modgen-n200-m90860q08c40-18972.cnf","MapleCOMSPS_LRB_DRUP",781.079,254.924297348485,864.097320654674,798.44,312.345,0,0,0,5,"pred"
