"InstanceName","Solver","SequentialRuntime","PredictedRuntime","Prediction_StandardError","ParallelRuntime","VBSRuntime","delta","delta_prime","alpha","method_number","orderBy"
"nurikabe_p20.pddl","Delfi1",375.59,857.394911487759,491.538336396059,412.83,375.59,0,0,0,5,"pred"
"nurikabe_p20.pddl","Delfi2",1800,1317.06674858757,603.207020374279,1800,375.59,0,0,0,5,"pred"
"nurikabe_p20.pddl","Scorpion",1800,1737.48975706215,257.108504657311,1800,375.59,0,0,0,5,"pred"
"nurikabe_p20.pddl","Complementary1",1800,1751.17100282486,159.929927382223,1800,375.59,0,0,0,5,"pred"
"nurikabe_p20.pddl","blind",1800,1759.79946045198,212.340221638352,1800,375.59,0,0,0,5,"pred"
"nurikabe_p20.pddl","Metis2",1800,1761.07678531073,185.618723455384,1800,375.59,0,0,0,5,"pred"
"nurikabe_p20.pddl","FDMS2",1800,1764.20635028249,183.29549952378,1800,375.59,0,0,0,5,"pred"
"nurikabe_p20.pddl","symbolic.bidirectional",1800,1766.61739265537,177.150483909898,1800,375.59,0,0,0,5,"pred"
"nurikabe_p20.pddl","Symple.1",1800,1773.96902542373,184.979863619852,1800,375.59,0,0,0,5,"pred"
