"InstanceName","Solver","SequentialRuntime","PredictedRuntime","Prediction_StandardError","ParallelRuntime","VBSRuntime","delta","delta_prime","alpha","method_number","orderBy"
"sat/ak016modbtsimpbisc.cnf","glucose",2160.791,2951.11612028302,2081.24744576365,2413.21102601114,449.448,0,0,0,0,"pred"
"sat/ak016modbtsimpbisc.cnf","COMiniSatPSChandrasekharDRUP",2548.589,3111.14726210692,2033.9967896191,2717.36170749242,449.448,0,0,0,0,"pred"
"sat/ak016modbtsimpbisc.cnf","Splatz06vmain",449.448,3273.72519795598,2059.40190576545,1541.31,449.448,0,0,0,0,"pred"
"sat/ak016modbtsimpbisc.cnf","Lingelingbbcmain",5000,3302.27239921383,1987.47167114257,5000,449.448,0,0,0,0,"pred"
"sat/ak016modbtsimpbisc.cnf","cmsat5_main2",3406.433,3489.58510094339,1904.6741883359,3845.37527207035,449.448,0,0,0,0,"pred"
"sat/ak016modbtsimpbisc.cnf","CHBR_glucose_tuned",5000,3501.26302138365,1884.59510868344,5000,449.448,0,0,0,0,"pred"
"sat/ak016modbtsimpbisc.cnf","tc_glucose",5000,3534.96639984277,1995.91068125139,5000,449.448,0,0,0,0,"pred"
"sat/ak016modbtsimpbisc.cnf","MapleCOMSPS_LRB_DRUP",2190.57,3542.31106933962,1858.72799176126,2316.67196878471,449.448,0,0,0,0,"pred"
"sat/ak016modbtsimpbisc.cnf","cmsat5_autotune2",3565.842,3545.9791672956,1920.08272385045,4029.7504230419,449.448,0,0,0,0,"pred"
