"InstanceName","Solver","SequentialRuntime","PredictedRuntime","Prediction_StandardError","ParallelRuntime","VBSRuntime","delta","delta_prime","alpha","method_number","orderBy"
"sat/barman-pfile07-027.sas.cr.37.cnf","BeansAndEggs",29.378,448.566106034483,1148.07243090469,29.6300920009192,29.378,0,0,0,0,"pred"
"sat/barman-pfile07-027.sas.cr.37.cnf","CHBR_glucose",63.289,506.50196848659,1289.46085286183,67.7388048157053,29.378,0,0,0,0,"pred"
"sat/barman-pfile07-027.sas.cr.37.cnf","CHBR_glucose_tuned",66.495,511.897695306514,1233.25892944693,66.4372715664381,29.378,0,0,0,0,"pred"
"sat/barman-pfile07-027.sas.cr.37.cnf","MapleCMS",106.09,524.958693007663,1093.17245182637,112.908519169158,29.378,0,0,0,0,"pred"
"sat/barman-pfile07-027.sas.cr.37.cnf","abcdSAT_drup",49.827,574.97979664751,1198.76280351193,50.812957883667,29.378,0,0,0,0,"pred"
"sat/barman-pfile07-027.sas.cr.37.cnf","tc_glucose",52.763,587.295024329502,1331.92616687197,56.0571522154304,29.378,0,0,0,0,"pred"
"sat/barman-pfile07-027.sas.cr.37.cnf","Lingelingbbcmain",64.427,621.848237835249,1311.48677107876,63.8075008902029,29.378,0,0,0,0,"pred"
"sat/barman-pfile07-027.sas.cr.37.cnf","gulch",70.397,650.023760632184,1355.71993728346,71.6714345347526,29.378,0,0,0,0,"pred"
"sat/barman-pfile07-027.sas.cr.37.cnf","MapleCOMSPS_CHB_DRUP",50.735,688.173650478928,1453.62259363951,50.8785482307151,29.378,0,0,0,0,"pred"
