"InstanceName","Solver","SequentialRuntime","PredictedRuntime","Prediction_StandardError","ParallelRuntime","VBSRuntime","delta","delta_prime","alpha","method_number","orderBy"
"sat/eq.atree.braun.11.unsat.cnf","MapleCOMSPS_LRB_DRUP",392.777,3044.98359226804,1436.83459824801,398.559940278825,392.777,0,0,0,0,"pred"
"sat/eq.atree.braun.11.unsat.cnf","MapleCOMSPS_CHB_DRUP",671.661,3647.10450601375,1219.81529449124,671.978624369701,392.777,0,0,0,0,"pred"
"sat/eq.atree.braun.11.unsat.cnf","abcdSAT_drup",917.045,3823.42120463917,1233.11366695289,942.430459572104,392.777,0,0,0,0,"pred"
"sat/eq.atree.braun.11.unsat.cnf","MapleGlucose",529.474,4025.20203969072,1122.01514637468,526.95731128112,392.777,0,0,0,0,"pred"
"sat/eq.atree.braun.11.unsat.cnf","gulch",688.124,4141.31995532646,1181.81480791723,684.665953293829,392.777,0,0,0,0,"pred"
"sat/eq.atree.braun.11.unsat.cnf","MapleCOMSPS_DRUP",442.939,4196.97139879725,1032.17168601541,455.374868997986,392.777,0,0,0,0,"pred"
"sat/eq.atree.braun.11.unsat.cnf","CHBR_glucose",693.194,4251.29458608247,924.534357768445,689.414320260267,392.777,0,0,0,0,"pred"
"sat/eq.atree.braun.11.unsat.cnf","CHBR_glucose_tuned",673.217,4317.72932594502,1104.40647858922,690.717721375699,392.777,0,0,0,0,"pred"
"sat/eq.atree.braun.11.unsat.cnf","MapleCMS",1132.455,4386.4917895189,1486.73926747968,1128.28317250024,392.777,0,0,0,0,"pred"
