"InstanceName","Solver","SequentialRuntime","PredictedRuntime","Prediction_StandardError","ParallelRuntime","VBSRuntime","delta","delta_prime","alpha","method_number","orderBy"
"sat/k2mul.miter.cnf","CHBR_glucose",1581.029,2576.17710719921,2207.6249273882,1655.7763642222,203.481,0,0,0,0,"pred"
"sat/k2mul.miter.cnf","gulch",821.007,2581.51314585799,2136.81147489135,866.432679146164,203.481,0,0,0,0,"pred"
"sat/k2mul.miter.cnf","MapleCOMSPS_DRUP",1268.204,2617.56332327416,2185.91017095311,4304.86,203.481,0,0,0,0,"pred"
"sat/k2mul.miter.cnf","BeansAndEggs",717.419,2623.38969013807,2130.76381537079,4043.69,203.481,0,0,0,0,"pred"
"sat/k2mul.miter.cnf","MapleCMS",562.27,2668.07213885602,2225.65057804857,931.94,203.481,0,0,0,0,"pred"
"sat/k2mul.miter.cnf","COMiniSatPSChandrasekharDRUP",1427.676,2700.48834654832,2185.67766474869,1424.30882495625,203.481,0,0,0,0,"pred"
"sat/k2mul.miter.cnf","cmsat5_autotune2",362.72,2720.76051153846,2152.50997525198,567.91,203.481,0,0,0,0,"pred"
"sat/k2mul.miter.cnf","cmsat5_main2",357.059,2751.82483284024,2173.1922430431,547.3,203.481,0,0,0,0,"pred"
"sat/k2mul.miter.cnf","CHBR_glucose_tuned",839.165,2762.12605769231,2245.20280026495,893.746635163808,203.481,0,0,0,0,"pred"
