"InstanceName","Solver","SequentialRuntime","PredictedRuntime","Prediction_StandardError","ParallelRuntime","VBSRuntime","delta","delta_prime","alpha","method_number","orderBy"
"sat/mizh-md5-47-3.cnf","tb_glucose",736.743,1448.74761351085,1765.14962737431,893.445140470012,19.452,0,0,0,0,"pred"
"sat/mizh-md5-47-3.cnf","GHackCOMSPS_DRUP",306.863,1478.11864418146,1702.87021325732,346.944202722454,19.452,0,0,0,0,"pred"
"sat/mizh-md5-47-3.cnf","tc_glucose",796.24,1540.99009881657,1763.64707658316,952.886593475258,19.452,0,0,0,0,"pred"
"sat/mizh-md5-47-3.cnf","glucose_hack_kiel_newScript",54.181,1690.10591193294,1901.92286263147,59.3106567078914,19.452,0,0,0,0,"pred"
"sat/mizh-md5-47-3.cnf","cmsat5_autotune2",68.988,1733.32952998028,1962.54203798644,75.6424918910112,19.452,0,0,0,0,"pred"
"sat/mizh-md5-47-3.cnf","cmsat5_main2",67.974,1766.87649309665,1971.46840997796,73.1475862615644,19.452,0,0,0,0,"pred"
"sat/mizh-md5-47-3.cnf","abcdSAT_drup",42.141,1769.24680591716,1816.09936895217,45.8294139144546,19.452,0,0,0,0,"pred"
"sat/mizh-md5-47-3.cnf","Splatz06vmain",270.799,1833.52462741617,1577.51865932418,337.746288095142,19.452,0,0,0,0,"pred"
"sat/mizh-md5-47-3.cnf","MapleCOMSPS_DRUP",102.331,1844.47966183432,1957.96189552424,110.674150507861,19.452,0,0,0,0,"pred"
