"InstanceName","Solver","SequentialRuntime","PredictedRuntime","Prediction_StandardError","ParallelRuntime","VBSRuntime","delta","delta_prime","alpha","method_number","orderBy"
"sat/modgen-n200-m90860q08c40-12992.cnf","MapleCOMSPS_LRB_DRUP",0.011,1328.33464388186,1911.25697601612,427.2,0.009,0,0,0,0,"pred"
"sat/modgen-n200-m90860q08c40-12992.cnf","MapleCOMSPS_DRUP",0.028,1339.61352658228,1986.33620960244,240.75,0.009,0,0,0,0,"pred"
"sat/modgen-n200-m90860q08c40-12992.cnf","MapleGlucose",0.026,1538.40437911392,1879.30238601735,418.71,0.009,0,0,0,0,"pred"
"sat/modgen-n200-m90860q08c40-12992.cnf","Glucose_nbSat",0.035,1622.15133776371,2133.82236715202,452.1,0.009,0,0,0,0,"pred"
"sat/modgen-n200-m90860q08c40-12992.cnf","CHBR_glucose",0.014,1623.54451434599,1966.62829727942,1467.39,0.009,0,0,0,0,"pred"
"sat/modgen-n200-m90860q08c40-12992.cnf","gulch",0.033,1627.54439535865,2130.24492645293,325.43,0.009,0,0,0,0,"pred"
"sat/modgen-n200-m90860q08c40-12992.cnf","Riss6",0.193,1672.41503902954,1961.89615671921,0.13,0.009,0,0,0,0,"pred"
"sat/modgen-n200-m90860q08c40-12992.cnf","tc_glucose",0.049,1750.80787974683,1992.09368671365,974.6,0.009,0,0,0,0,"pred"
"sat/modgen-n200-m90860q08c40-12992.cnf","CHBR_glucose_tuned",0.034,1795.80753386076,2152.27132907653,1366.87,0.009,0,0,0,0,"pred"
