"InstanceName","Solver","SequentialRuntime","PredictedRuntime","Prediction_StandardError","ParallelRuntime","VBSRuntime","delta","delta_prime","alpha","method_number","orderBy"
"sat/modgen-n200-m90860q08c40-18788.cnf","MapleCOMSPS_DRUP",128.149,314.831424457594,931.669505044476,126.860843650742,55.068,0,0,0,0,"pred"
"sat/modgen-n200-m90860q08c40-18788.cnf","CHBR_glucose_tuned",164.265,545.704372978304,1135.54841819386,167.770935978115,55.068,0,0,0,0,"pred"
"sat/modgen-n200-m90860q08c40-18788.cnf","MapleGlucose",224.715,581.901539151874,1172.57131405467,224.773306537747,55.068,0,0,0,0,"pred"
"sat/modgen-n200-m90860q08c40-18788.cnf","CHBR_glucose",241.814,590.437946646943,1337.60720184954,238.344764106506,55.068,0,0,0,0,"pred"
"sat/modgen-n200-m90860q08c40-18788.cnf","MapleCOMSPS_CHB_DRUP",60.937,645.538516962525,1359.72580885825,61.3569790726229,55.068,0,0,0,0,"pred"
"sat/modgen-n200-m90860q08c40-18788.cnf","gulch",168.38,667.481605424063,1412.53634062721,170.553850018496,55.068,0,0,0,0,"pred"
"sat/modgen-n200-m90860q08c40-18788.cnf","COMiniSatPSChandrasekharDRUP",188.748,688.494875542406,1244.22046479942,188.432397854963,55.068,0,0,0,0,"pred"
"sat/modgen-n200-m90860q08c40-18788.cnf","MapleCOMSPS_LRB_DRUP",216.179,707.718437376726,1455.53834217793,214.820771934712,55.068,0,0,0,0,"pred"
"sat/modgen-n200-m90860q08c40-18788.cnf","glue_alt",753.162,796.916614595661,1414.2413646677,750.613436315703,55.068,0,0,0,0,"pred"
