"InstanceName","Solver","SequentialRuntime","PredictedRuntime","Prediction_StandardError","ParallelRuntime","VBSRuntime","delta","delta_prime","alpha","method_number","orderBy"
"sat/modgen-n200-m90860q08c40-4208.cnf","MapleCOMSPS_CHB_DRUP",3993.138,982.195625857843,1657.94630703417,4470.19648144357,9.551,0,0,0,0,"pred"
"sat/modgen-n200-m90860q08c40-4208.cnf","MapleCOMSPS_LRB_DRUP",392.451,1070.77996041667,1748.73556733572,419.970327171292,9.551,0,0,0,0,"pred"
"sat/modgen-n200-m90860q08c40-4208.cnf","BeansAndEggs",5000,1365.40174534314,1726.38610593517,5000,9.551,0,0,0,0,"pred"
"sat/modgen-n200-m90860q08c40-4208.cnf","CHBR_glucose",1405.001,1373.35685625,1857.88655096924,1468.31355300358,9.551,0,0,0,0,"pred"
"sat/modgen-n200-m90860q08c40-4208.cnf","CHBR_glucose_tuned",3085.197,1529.27199816176,1912.31026310947,3427.52325753093,9.551,0,0,0,0,"pred"
"sat/modgen-n200-m90860q08c40-4208.cnf","MapleGlucose",214.908,1609.51093235294,1931.06819925094,217.010616008744,9.551,0,0,0,0,"pred"
"sat/modgen-n200-m90860q08c40-4208.cnf","MapleCOMSPS_DRUP",169.819,1692.42296948529,1927.85412354376,175.515613434933,9.551,0,0,0,0,"pred"
"sat/modgen-n200-m90860q08c40-4208.cnf","tb_glucose",5000,1920.41259240196,2246.11568626225,5000,9.551,0,0,0,0,"pred"
"sat/modgen-n200-m90860q08c40-4208.cnf","glucose_hack_kiel_newScript",5000,1998.25855477941,2055.86097813352,5000,9.551,0,0,0,0,"pred"
