"InstanceName","Solver","SequentialRuntime","PredictedRuntime","Prediction_StandardError","ParallelRuntime","VBSRuntime","delta","delta_prime","alpha","method_number","orderBy"
"sat/modgen-n200-m90860q08c40-21438.cnf","MapleCOMSPS_LRB_DRUP",0.021,680.892853691983,1272.965922556,0.00268247039242504,0.008,0,0,0,0,"pred"
"sat/modgen-n200-m90860q08c40-21438.cnf","CHBR_glucose",0.027,901.527024050633,1413.93102909195,0.01,0.008,0,0,0,0,"pred"
"sat/modgen-n200-m90860q08c40-21438.cnf","CHBR_glucose_tuned",0.012,1090.85531265823,1556.84447658134,0.01,0.008,0,0,0,0,"pred"
"sat/modgen-n200-m90860q08c40-21438.cnf","MapleCOMSPS_DRUP",0.024,1524.24407236287,1724.03296237314,0,0.008,0,0,0,0,"pred"
"sat/modgen-n200-m90860q08c40-21438.cnf","MapleCOMSPS_CHB_DRUP",0.024,1566.43014894515,1672.46446251194,0,0.008,0,0,0,0,"pred"
"sat/modgen-n200-m90860q08c40-21438.cnf","cmsat5_main2",0.049,1691.94492056962,1918.96030624894,0.02,0.008,0,0,0,0,"pred"
"sat/modgen-n200-m90860q08c40-21438.cnf","cmsat5_autotune2",0.049,1729.43758164557,2024.15306560275,0.02,0.008,0,0,0,0,"pred"
"sat/modgen-n200-m90860q08c40-21438.cnf","MapleGlucose",0.014,1734.52222805907,1994.07922412656,0.0135334876191256,0.008,0,0,0,0,"pred"
"sat/modgen-n200-m90860q08c40-21438.cnf","MapleCMS",0.055,1755.03305685654,1829.83645152203,4733.6,0.008,0,0,0,0,"pred"
