"InstanceName","Solver","SequentialRuntime","PredictedRuntime","Prediction_StandardError","ParallelRuntime","VBSRuntime","delta","delta_prime","alpha","method_number","orderBy"
"sat/modgen-n200-m90860q08c40-1585.cnf","MapleCOMSPS_CHB_DRUP",13.363,306.899675345168,931.862833848255,87.67,0.184,0,0,0,0,"pred"
"sat/modgen-n200-m90860q08c40-1585.cnf","CHBR_glucose_tuned",8.208,320.25050295858,911.589054030475,62.26,0.184,0,0,0,0,"pred"
"sat/modgen-n200-m90860q08c40-1585.cnf","MapleGlucose",39.906,326.323330769231,907.831982956544,51.08,0.184,0,0,0,0,"pred"
"sat/modgen-n200-m90860q08c40-1585.cnf","MapleCOMSPS_DRUP",22.828,378.249634418146,1062.97644536125,96.09,0.184,0,0,0,0,"pred"
"sat/modgen-n200-m90860q08c40-1585.cnf","CHBR_glucose",10.408,388.391546844181,1048.38103709387,62.81,0.184,0,0,0,0,"pred"
"sat/modgen-n200-m90860q08c40-1585.cnf","gulch",13.07,415.206630769231,1173.39102261669,98.83,0.184,0,0,0,0,"pred"
"sat/modgen-n200-m90860q08c40-1585.cnf","MapleCOMSPS_LRB_DRUP",10.1,449.330366272189,1201.20189622492,151.99,0.184,0,0,0,0,"pred"
"sat/modgen-n200-m90860q08c40-1585.cnf","cmsat5_main2",40.234,552.003967948718,1048.45690418079,545.86,0.184,0,0,0,0,"pred"
"sat/modgen-n200-m90860q08c40-1585.cnf","MapleCMS",45.106,592.536235601578,1236.94761154199,331.86,0.184,0,0,0,0,"pred"
