"InstanceName","Solver","SequentialRuntime","PredictedRuntime","Prediction_StandardError","ParallelRuntime","VBSRuntime","delta","delta_prime","alpha","method_number","orderBy"
"sat/pb_400_02_lb_15.cnf","Lingelingbbcmain",113.745,1993.99700874587,1987.34417780558,153.913033069454,43.595,0,0,0,0,"pred"
"sat/pb_400_02_lb_15.cnf","Glucose_nbSat",54.902,2006.49267920792,2005.02058408913,67.5182739481053,43.595,0,0,0,0,"pred"
"sat/pb_400_02_lb_15.cnf","MapleGlucose",43.595,2046.35345594059,1661.70816432569,47.2012620230793,43.595,0,0,0,0,"pred"
"sat/pb_400_02_lb_15.cnf","MapleCOMSPS_DRUP",83.301,2110.09810874587,2035.66497490845,90.2795694612736,43.595,0,0,0,0,"pred"
"sat/pb_400_02_lb_15.cnf","glueminisat.2210.81.main",140.148,2167.80479191419,2003.70484644805,153.249708654156,43.595,0,0,0,0,"pred"
"sat/pb_400_02_lb_15.cnf","MapleCOMSPS_CHB_DRUP",81.297,2313.94689075908,2036.48559371053,86.9297343703087,43.595,0,0,0,0,"pred"
"sat/pb_400_02_lb_15.cnf","MapleCMS",288.533,2330.22530874587,1927.93298479314,317.352659247549,43.595,0,0,0,0,"pred"
"sat/pb_400_02_lb_15.cnf","CHBR_glucose",51.126,2360.94189471947,1913.12727244795,64.0085191918146,43.595,0,0,0,0,"pred"
"sat/pb_400_02_lb_15.cnf","CHBR_glucose_tuned",50.867,2363.33964389439,1935.66328515518,61.0101432113326,43.595,0,0,0,0,"pred"
