"InstanceName","Solver","SequentialRuntime","PredictedRuntime","Prediction_StandardError","ParallelRuntime","VBSRuntime","delta","delta_prime","alpha","method_number","orderBy"
"sat/sokoban-p16.sas.ex.15.cnf","MapleCOMSPS_CHB_DRUP",900.645,2374.1124503268,1718.22119892642,976.72148353555,900.645,0,0,0,0,"pred"
"sat/sokoban-p16.sas.ex.15.cnf","cmsat5_autotune2",1320.195,2729.47803398693,1650.92088271931,1377.09860629458,900.645,0,0,0,0,"pred"
"sat/sokoban-p16.sas.ex.15.cnf","tc_glucose",1170.057,2790.82888349673,1830.91912847033,1252.06294105339,900.645,0,0,0,0,"pred"
"sat/sokoban-p16.sas.ex.15.cnf","Glucose_nbSat",1036.269,2853.07671813726,1954.15520689315,1146.80786838384,900.645,0,0,0,0,"pred"
"sat/sokoban-p16.sas.ex.15.cnf","MapleCOMSPS_LRB_DRUP",1084.863,2872.86799460784,1797.541247208,1184.85695725094,900.645,0,0,0,0,"pred"
"sat/sokoban-p16.sas.ex.15.cnf","Splatz06vmain",1243.797,2904.89657941176,1495.6117831753,5000,900.645,0,0,0,0,"pred"
"sat/sokoban-p16.sas.ex.15.cnf","glucose_hack_kiel_newScript",1072.67,2966.85846388889,1862.75798760104,1135.29590559303,900.645,0,0,0,0,"pred"
"sat/sokoban-p16.sas.ex.15.cnf","CHBR_glucose_tuned",1113.437,2975.46914133987,1880.00705329704,1207.4890102693,900.645,0,0,0,0,"pred"
"sat/sokoban-p16.sas.ex.15.cnf","CHBR_glucose",1112.359,2998.91575,1910.7804894668,1199.80147108757,900.645,0,0,0,0,"pred"
