"InstanceName","Solver","SequentialRuntime","PredictedRuntime","Prediction_StandardError","ParallelRuntime","VBSRuntime","delta","delta_prime","alpha","method_number","orderBy"
"sat/sokoban-p20.sas.cr.23.cnf","MapleCMS",772.254,1262.02283879552,1341.01819948548,790.836428083698,298.186,0,0,0,0,"pred"
"sat/sokoban-p20.sas.cr.23.cnf","abcdSAT_drup",298.186,1476.1769035014,1640.67341277644,844.79,298.186,0,0,0,0,"pred"
"sat/sokoban-p20.sas.cr.23.cnf","GHackCOMSPS_DRUP",661.07,1666.87811414566,1795.60957147763,705.513379923101,298.186,0,0,0,0,"pred"
"sat/sokoban-p20.sas.cr.23.cnf","COMiniSatPSChandrasekharDRUP",669.093,1692.85115252101,1815.51480375922,725.453798713679,298.186,0,0,0,0,"pred"
"sat/sokoban-p20.sas.cr.23.cnf","cmsat5_main2",986.239,1704.98377717087,1764.12254000367,1028.95120658557,298.186,0,0,0,0,"pred"
"sat/sokoban-p20.sas.cr.23.cnf","CHBR_glucose",679.232,1726.18745294118,1716.49079156961,749.693562551649,298.186,0,0,0,0,"pred"
"sat/sokoban-p20.sas.cr.23.cnf","Splatz06vmain",730.055,1732.52569971989,1698.84181216781,2950.9700579796,298.186,0,0,0,0,"pred"
"sat/sokoban-p20.sas.cr.23.cnf","tc_glucose",694.058,1794.62444887955,1870.95426079943,755.356744177778,298.186,0,0,0,0,"pred"
"sat/sokoban-p20.sas.cr.23.cnf","tb_glucose",665.699,1796.39401932773,1874.50231886236,720.606408650417,298.186,0,0,0,0,"pred"
