"InstanceName","Solver","SequentialRuntime","PredictedRuntime","Prediction_StandardError","ParallelRuntime","VBSRuntime","delta","delta_prime","alpha","method_number","orderBy"
"AES2-72-67.wcnf","Open.WBO.ms.pre",686.66,285.015318991309,400.549256599383,790.15,686.66,0,0,0,5,"pred"
"AES2-72-67.wcnf","UWrMaxSat.1.0",3600,317.947071627659,467.398038585671,3600,686.66,0,0,0,5,"pred"
"AES2-72-67.wcnf","maxino2018",3600,351.701401046066,523.529504890935,3600,686.66,0,0,0,5,"pred"
"AES2-72-67.wcnf","Open.WBO.ms",2444.3,363.768188405363,524.511278696955,3012.36,686.66,0,0,0,5,"pred"
"AES2-72-67.wcnf","Open.WBO.g",3600,371.603968879613,513.572231875282,3600,686.66,0,0,0,5,"pred"
