"InstanceName","Solver","SequentialRuntime","PredictedRuntime","Prediction_StandardError","ParallelRuntime","VBSRuntime","delta","delta_prime","alpha","method_number","orderBy"
"sat/minxorminand128.cnf","cmsat5_autotune2",5000,1604.84289431818,1956.53974759092,5000,1062.725,0,0,0,5,"pred"
"sat/minxorminand128.cnf","Splatz06vmain",1715.021,1692.53553737374,2122.28062893119,1801.07,1062.725,0,0,0,5,"pred"
"sat/minxorminand128.cnf","glue_alt",5000,1871.87865959596,2173.92539913839,5000,1062.725,0,0,0,5,"pred"
"sat/minxorminand128.cnf","Riss6",5000,1883.52971590909,2077.94241067391,5000,1062.725,0,0,0,5,"pred"
"sat/minxorminand128.cnf","tc_glucose",4656.116,1918.57785290404,2203.81156161131,4728.91,1062.725,0,0,0,5,"pred"
"sat/minxorminand128.cnf","MapleCMS",5000,2013.51585732323,2124.27533854413,5000,1062.725,0,0,0,5,"pred"
"sat/minxorminand128.cnf","glucose",3502.005,2112.05935858586,2172.69854943745,3582.62,1062.725,0,0,0,5,"pred"
"sat/minxorminand128.cnf","GHackCOMSPS_DRUP",1764.08,2133.76946868687,2138.84401979067,1762.71157896169,1062.725,0,0,0,5,"pred"
