"InstanceName","Solver","SequentialRuntime","PredictedRuntime","Prediction_StandardError","ParallelRuntime","VBSRuntime","cores","ResultingTime"
"frb40-19-3partial.wcnf","Open.WBO.ms",74.87,63.1376207087486,56.2686989729511,75.12,74.87,1,"75.12"
"frb40-19-3partial.wcnf","Open.WBO.g",972.53,67.4394418604651,119.916548357757,988.25,74.87,2,"Inf"
"frb40-19-3partial.wcnf","UWrMaxSat.1.0",97.07,111.59411627907,304.405299038433,98.17,74.87,3,"98.17"
"frb40-19-3partial.wcnf","QMaxSAT2018",1687.56,389.359589147287,639.860154691017,1750.06,74.87,1,"Inf"
"frb40-19-3partial.wcnf","MaxHS",1654.06,402.266613297555,634.046277618397,3600,74.87,2,"Inf"
"frb40-19-3partial.wcnf","Open.WBO.ms.pre",3600,3519.07576744186,530.655680126318,3600,74.87,1,"Inf"
"frb40-19-3partial.wcnf","maxino2018",3600,3475.61569453174,604.559279300076,3600,74.87,3,"Inf"
