"InstanceName","Solver","SequentialRuntime","PredictedRuntime","Prediction_StandardError","ParallelRuntime","VBSRuntime","delta","delta_prime","alpha","method_number","orderBy"
"sat/ablmulub8x16o.cnf","MapleCOMSPS_DRUP",1274.119,2359.8673315126,2284.54697856992,1273.65033717661,1274.119,0,0,0,5,"pred"
"sat/ablmulub8x16o.cnf","CHBR_glucose",3003.414,2366.42460784314,2163.00344061249,3174.04260020845,1274.119,0,0,0,5,"pred"
"sat/ablmulub8x16o.cnf","abcdSAT_drup",3533.502,2390.00938445378,2244.30069042223,3614.5898708827,1274.119,0,0,0,5,"pred"
"sat/ablmulub8x16o.cnf","MapleCOMSPS_LRB_DRUP",2307.058,2476.74637184874,2127.46590026102,2409.94480037921,1274.119,0,0,0,5,"pred"
"sat/ablmulub8x16o.cnf","MapleGlucose",1402.433,2514.4843359944,2277.34632584166,1438.47930649034,1274.119,0,0,0,5,"pred"
"sat/ablmulub8x16o.cnf","tc_glucose",3391.502,2532.18692927171,2103.17550066818,3655.62327220035,1274.119,0,0,0,5,"pred"
"sat/ablmulub8x16o.cnf","MapleCMS",3546.92,2564.88322913165,2270.30624267895,3633.81415870601,1274.119,0,0,0,5,"pred"
"sat/ablmulub8x16o.cnf","BeansAndEggs",3157.559,2601.4221337535,2000.66758173875,3396.46586586787,1274.119,0,0,0,5,"pred"
"sat/ablmulub8x16o.cnf","Lingelingbbcmain",2497.318,2710.74608767507,2218.17531361832,2499.04993232005,1274.119,0,0,0,5,"pred"
