"InstanceName","Solver","SequentialRuntime","PredictedRuntime","Prediction_StandardError","ParallelRuntime","VBSRuntime","delta","delta_prime","alpha","method_number","orderBy"
"sat/sat_prob_83.cnf","COMiniSatPSChandrasekharDRUP",1869.46,3074.78098674243,2023.89648955014,1865.73819400227,808.532,0,0,0,5,"pred"
"sat/sat_prob_83.cnf","cmsat5_autotune2",5000,3176.00973712121,2004.73919902145,5000,808.532,0,0,0,5,"pred"
"sat/sat_prob_83.cnf","glucose",845.466,3206.59473787879,1917.20566766323,868.647854080748,808.532,0,0,0,5,"pred"
"sat/sat_prob_83.cnf","glue_alt",5000,3413.32186111111,1918.10429281603,5000,808.532,0,0,0,5,"pred"
"sat/sat_prob_83.cnf","MapleCOMSPS_LRB_DRUP",2059.297,3560.80454166667,1965.64655185031,2087.55280837932,808.532,0,0,0,5,"pred"
"sat/sat_prob_83.cnf","gulch",1536.762,3592.56745012626,1996.79483303418,1556.34582357826,808.532,0,0,0,5,"pred"
"sat/sat_prob_83.cnf","Glucose_nbSat",1053.556,3601.87129267677,1834.12697879977,1104.40133504447,808.532,0,0,0,5,"pred"
"sat/sat_prob_83.cnf","cmsat5_main2",5000,3681.83526313131,1846.20438474489,5000,808.532,0,0,0,5,"pred"
"sat/sat_prob_83.cnf","YALSAT03r",5000,5000,0,5000,808.532,0,0,0,5,"pred"
