"InstanceName","Solver","SequentialRuntime","PredictedRuntime","Prediction_StandardError","ParallelRuntime","VBSRuntime","delta","delta_prime","alpha","method_number","orderBy"
"sat/20180321_110704973_p_cnf_320_1120.cnf","Sparrow2Riss.2018.fixfix",19.727,11.1147022988506,28.8017727973779,22.25,1.952,0,0,0,5,"pred"
"sat/20180321_110704973_p_cnf_320_1120.cnf","YalSAT",1.952,28.0149241379312,44.7695557884471,1.99,1.952,0,0,0,5,"pred"
"sat/20180321_110704973_p_cnf_320_1120.cnf","Maple_LCM.BCrestart",5000,2672.07765862069,2087.03919945096,5000,1.952,0,0,0,5,"pred"
"sat/20180321_110704973_p_cnf_320_1120.cnf","glu_mix",700.682,5000,0,5000,1.952,0,0,0,5,"pred"
"sat/20180321_110704973_p_cnf_320_1120.cnf","glucose3.0",5000,5000,0,5000,1.952,0,0,0,5,"pred"
"sat/20180321_110704973_p_cnf_320_1120.cnf","gluHack",5000,5000,0,5000,1.952,0,0,0,5,"pred"
"sat/20180321_110704973_p_cnf_320_1120.cnf","inIDGlucose",5000,5000,0,5000,1.952,0,0,0,5,"pred"
"sat/20180321_110704973_p_cnf_320_1120.cnf","Maple_CM_Dist",5000,5000,0,5000,1.952,0,0,0,5,"pred"
"sat/20180321_110704973_p_cnf_320_1120.cnf","Riss7.1.fix",5000,5000,0,5000,1.952,0,0,0,5,"pred"
