"InstanceName","Solver","SequentialRuntime","PredictedRuntime","Prediction_StandardError","ParallelRuntime","VBSRuntime","delta","delta_prime","alpha","method_number","orderBy"
"sat/UTI-20-10p1.cnf","COMiniSatPSChandrasekharDRUP",319.781,1187.53624250493,1794.13890520372,319.567850035138,319.781,0,0,0,5,"pred"
"sat/UTI-20-10p1.cnf","MapleCOMSPS_CHB_DRUP",774.219,1365.1212995069,1977.48043476306,884.615682598777,319.781,0,0,0,5,"pred"
"sat/UTI-20-10p1.cnf","tb_glucose",1052.667,1375.35814418146,1893.33054921172,1179.46983312934,319.781,0,0,0,5,"pred"
"sat/UTI-20-10p1.cnf","CHBR_glucose_tuned",599.162,1390.95632051282,1792.55200195072,633.667771441465,319.781,0,0,0,5,"pred"
"sat/UTI-20-10p1.cnf","MapleCOMSPS_LRB_DRUP",597.825,1421.79003589744,1908.32044427769,642.604405840439,319.781,0,0,0,5,"pred"
"sat/UTI-20-10p1.cnf","tc_glucose",1107.63,1478.63222159763,2003.75889399311,1288.99417032092,319.781,0,0,0,5,"pred"
"sat/UTI-20-10p1.cnf","cmsat5_main2",851.9,1478.85596656805,1863.50603247186,927.598406317157,319.781,0,0,0,5,"pred"
"sat/UTI-20-10p1.cnf","glucose",906.792,1486.67368836292,1889.14959294296,966.552079197234,319.781,0,0,0,5,"pred"
"sat/UTI-20-10p1.cnf","glucose_hack_kiel_newScript",664.966,1487.47140788955,1962.88660865773,763.484372583881,319.781,0,0,0,5,"pred"
