"InstanceName","Solver","SequentialRuntime","PredictedRuntime","Prediction_StandardError","ParallelRuntime","VBSRuntime","delta","delta_prime","alpha","method_number","orderBy"
"spider_p10.pddl","Scorpion",376.06,334.738557932264,224.824229674025,363.42,163.77,0,0,0,5,"pred"
"spider_p10.pddl","DecStar",459.77,700.937847593583,528.848462052607,459.6,163.77,0,0,0,5,"pred"
"spider_p10.pddl","Metis2",780.81,709.910860962566,520.623364188241,798.12,163.77,0,0,0,5,"pred"
"spider_p10.pddl","blind",163.77,781.441867201426,824.707463936016,166.41,163.77,0,0,0,5,"pred"
"spider_p10.pddl","Metis1",795.02,955.691983065954,696.686721220464,1284.65,163.77,0,0,0,5,"pred"
"spider_p10.pddl","FDMS1",1123.94,1260.50928074866,399.534526251598,1132.5,163.77,0,0,0,5,"pred"
