"InstanceName","Solver","SequentialRuntime","PredictedRuntime","Prediction_StandardError","ParallelRuntime","VBSRuntime","delta","delta_prime","alpha","method_number","orderBy"
"b21_C-mbd14-0267.wcnf","Open.WBO.ms.pre",13.86,150.768784050978,375.903370776519,14.9,1.15,0,0,0,5,"pred"
"b21_C-mbd14-0267.wcnf","Open.WBO.ms",20.97,175.759736967711,420.577606116009,23.19,1.15,0,0,0,5,"pred"
"b21_C-mbd14-0267.wcnf","UWrMaxSat.1.0",1.15,262.213516955865,568.259138910565,1.24,1.15,0,0,0,5,"pred"
"b21_C-mbd14-0267.wcnf","maxino2018",3.36,280.061443023838,629.586439455962,3.33,1.15,0,0,0,5,"pred"
"b21_C-mbd14-0267.wcnf","Open.WBO.g",3.01,286.054569356256,621.833161646508,3.21,1.15,0,0,0,5,"pred"
"b21_C-mbd14-0267.wcnf","QMaxSAT2018",69.39,322.659232965437,421.01863663655,74.04,1.15,0,0,0,5,"pred"
"b21_C-mbd14-0267.wcnf","MaxHS",33.5,498.280778477192,650.645831584065,20.31,1.15,0,0,0,5,"pred"
