"InstanceName","Solver","SequentialRuntime","PredictedRuntime","Prediction_StandardError","ParallelRuntime","VBSRuntime","delta","delta_prime","alpha","method_number","orderBy"
"nurikabe_p12.pddl","Delfi1",494.43,396.321065062389,398.869248192985,496.17,228.65,0,0,0,5,"pred"
"nurikabe_p12.pddl","Scorpion",228.65,839.75957486631,714.32377209013,228.44,228.65,0,0,0,5,"pred"
"nurikabe_p12.pddl","blind",244.89,897.418691622103,691.533380529751,247.94,228.65,0,0,0,5,"pred"
"nurikabe_p12.pddl","Metis1",456.12,1045.69509893048,613.619411833437,445.98,228.65,0,0,0,5,"pred"
"nurikabe_p12.pddl","Delfi2",484.05,1047.91394919786,615.116330328619,571.6,228.65,0,0,0,5,"pred"
"nurikabe_p12.pddl","Complementary1",572.43,1059.47743850267,427.80175358404,1800,228.65,0,0,0,5,"pred"
"nurikabe_p12.pddl","FDMS1",304.51,1073.88948930481,584.643048077349,305.35,228.65,0,0,0,5,"pred"
