"InstanceName","Solver","SequentialRuntime","PredictedRuntime","Prediction_StandardError","ParallelRuntime","VBSRuntime","delta","delta_prime","alpha","method_number","orderBy"
"sat/Nb44T6.cnf","smallsat",415.602,502.807554821803,634.034828526054,576.69,398.195,0,0,0,5,"pred"
"sat/Nb44T6.cnf","COMiniSatPS_Pulsar_drup",398.195,522.00675408805,906.104378838028,557.34,398.195,0,0,0,5,"pred"
"sat/Nb44T6.cnf","expMC_LRB_VSIDS_Switch_2500",594.571,563.55661163522,539.629115108345,5000,398.195,0,0,0,5,"pred"
"sat/Nb44T6.cnf","Maple_LCM_M1",577.253,646.494268867925,557.54610518006,5000,398.195,0,0,0,5,"pred"
"sat/Nb44T6.cnf","Maple_CM",749.162,672.525976834381,813.117594792146,5000,398.195,0,0,0,5,"pred"
"sat/Nb44T6.cnf","Maple_LCM.BCrestart_M1",839.166,698.806503878406,768.213416867954,5000,398.195,0,0,0,5,"pred"
"sat/Nb44T6.cnf","Maple_LCM.BCrestart",588.153,737.25722148847,834.393519735012,5000,398.195,0,0,0,5,"pred"
