"InstanceName","Solver","SequentialRuntime","PredictedRuntime","Prediction_StandardError","ParallelRuntime","VBSRuntime","cores","ResultingTime"
"10tree125p.wcnf","Open.WBO.ms.pre",23.13,551.707938795423,595.200037224985,23.37,19.4,1,"23.37"
"10tree125p.wcnf","QMaxSAT2018",48.14,563.433441590006,727.616082190391,48.43,19.4,2,"48.43"
"10tree125p.wcnf","Open.WBO.ms",57.92,634.30153195284,783.561176632695,57.75,19.4,3,"57.75"
"10tree125p.wcnf","UWrMaxSat.1.0",119.23,654.136726577423,589.157715516218,120.46,19.4,4,"120.46"
