"InstanceName","Solver","SequentialRuntime","PredictedRuntime","Prediction_StandardError","ParallelRuntime","VBSRuntime","cores","ResultingTime"
"10tree320p.wcnf","MaxHS",10.58,1269.60034340445,404.739139921622,10.56,1.94,1,"10.56"
"10tree320p.wcnf","maxino2018",3.74,1280.93622525802,614.230058618673,3.76,1.94,2,"3.76"
"10tree320p.wcnf","UWrMaxSat.1.0",1.94,1328.33684698742,622.147616587487,1.94,1.94,3,"1.94"
"10tree320p.wcnf","Open.WBO.ms",17.78,1423.89376557916,678.819591237927,17.91,1.94,4,"17.91"
