"InstanceName","Solver","SequentialRuntime","PredictedRuntime","Prediction_StandardError","ParallelRuntime","VBSRuntime","cores","ResultingTime"
"15tree701p.wcnf","maxino2018",9.44,930.188697021551,472.311429992402,9.87,9.44,1,"9.87"
"15tree701p.wcnf","MaxHS",22.89,933.159312827206,430.053945468687,24.77,9.44,2,"24.77"
"15tree701p.wcnf","Open.WBO.ms.pre",46.09,952.951764903504,536.359171511479,0.07,9.44,3,"0.07"
"15tree701p.wcnf","UWrMaxSat.1.0",18.95,1036.08127410723,487.4721316265,20.3,9.44,4,"20.3"
