"InstanceName","Solver","SequentialRuntime","PredictedRuntime","Prediction_StandardError","ParallelRuntime","VBSRuntime","cores","ResultingTime"
"b14_C-mbd14-0225.wcnf","UWrMaxSat.1.0",24.54,883.75035109698,349.817297489041,24.9,24.5,1,"24.9"
"b14_C-mbd14-0225.wcnf","Open.WBO.ms",46.29,893.257951573691,355.6400556081,45.81,24.5,2,"45.81"
"b14_C-mbd14-0225.wcnf","Open.WBO.ms.pre",144.85,935.523436957168,371.09608526853,141.33,24.5,3,"141.33"
"b14_C-mbd14-0225.wcnf","maxino2018",172.83,1091.85653590406,310.409574565209,175.13,24.5,4,"175.13"
