"InstanceName","Solver","SequentialRuntime","PredictedRuntime","Prediction_StandardError","ParallelRuntime","VBSRuntime","cores","ResultingTime"
"b20_C-mbd14-0354.wcnf","maxino2018",0.63,250.352383925199,578.162362378676,0.65,0.63,1,"0.65"
"b20_C-mbd14-0354.wcnf","Open.WBO.ms",22.41,377.95062306053,853.659151230148,23.16,0.63,2,"23.16"
"b20_C-mbd14-0354.wcnf","QMaxSAT2018",125.46,400.936601247082,677.628032681234,129.67,0.63,3,"129.67"
"b20_C-mbd14-0354.wcnf","Open.WBO.ms.pre",13.8,413.539506665917,961.436993675683,14.21,0.63,4,"14.21"
