"InstanceName","Solver","SequentialRuntime","PredictedRuntime","Prediction_StandardError","ParallelRuntime","VBSRuntime","cores","ResultingTime"
"b20_C-mbd14-0328.wcnf","MaxHS",17.33,768.764017725406,1021.36407330592,15.44,0.35,1,"15.44"
"b20_C-mbd14-0328.wcnf","Open.WBO.g",1.07,799.995111638026,1278.77289474829,1.13,0.35,2,"1.13"
"b20_C-mbd14-0328.wcnf","maxino2018",0.35,851.599273398916,1303.95506630239,0.35,0.35,3,"0.35"
"b20_C-mbd14-0328.wcnf","Open.WBO.ms.pre",9.67,858.139936648886,1339.77464739022,9.87,0.35,4,"9.87"
