"InstanceName","Solver","SequentialRuntime","PredictedRuntime","Prediction_StandardError","ParallelRuntime","VBSRuntime","cores","ResultingTime"
"cnf16p6.wcnf","Open.WBO.ms.pre",118.61,865.499367796309,573.265924602537,132.12,43.78,1,"132.12"
"cnf16p6.wcnf","Open.WBO.ms",198.16,882.010998208135,626.045960495472,226.59,43.78,2,"226.59"
"cnf16p6.wcnf","UWrMaxSat.1.0",45.23,958.602849492904,534.28626452395,50.78,43.78,3,"50.78"
"cnf16p6.wcnf","Open.WBO.g",236.3,976.780266229015,653.675342278288,268.12,43.78,4,"268.12"
