"InstanceName","Solver","SequentialRuntime","PredictedRuntime","Prediction_StandardError","ParallelRuntime","VBSRuntime","cores","ResultingTime"
"cnf18p5.wcnf","Open.WBO.ms.pre",121.32,756.016967192158,620.49088292156,134.57,44.09,1,"134.57"
"cnf18p5.wcnf","UWrMaxSat.1.0",118.42,825.239143435038,412.89301184428,125.85,44.09,2,"125.85"
"cnf18p5.wcnf","maxino2018",44.09,896.219091728831,455.759459740473,50.42,44.09,3,"50.42"
"cnf18p5.wcnf","Open.WBO.g",96.94,939.304152542762,684.103910068956,112.8,44.09,4,"112.8"
