"InstanceName","Solver","SequentialRuntime","PredictedRuntime","Prediction_StandardError","ParallelRuntime","VBSRuntime","cores","ResultingTime"
"cnf17p10.wcnf","Open.WBO.ms.pre",167.08,930.532846077226,817.270077524178,175.54,167.08,1,"175.54"
"cnf17p10.wcnf","Open.WBO.ms",300.17,980.18766559319,865.966535107987,344.69,167.08,2,"344.69"
"cnf17p10.wcnf","Open.WBO.g",361.49,1003.59848294909,787.715564405582,423.83,167.08,3,"423.83"
"cnf17p10.wcnf","maxino2018",275.73,1004.26258217342,842.476837423268,308.98,167.08,4,"308.98"
