"InstanceName","Solver","SequentialRuntime","PredictedRuntime","Prediction_StandardError","ParallelRuntime","VBSRuntime","cores","ResultingTime"
"ft10-808-1090.wcnf","Open.WBO.ms.pre",153.33,179.790732323232,273.195399176075,209.38,20.1,1,"Inf"
"ft10-808-1090.wcnf","UWrMaxSat.1.0",47.08,197.811314297526,637.803761812974,58.14,20.1,2,"58.14"
"ft10-808-1090.wcnf","maxino2018",54.77,360.892055555556,894.818367028167,68.13,20.1,3,"68.13"
"ft10-808-1090.wcnf","MaxHS",131.05,389.377753968254,718.994640807383,164.15,20.1,4,"164.15"
