"InstanceName","Solver","SequentialRuntime","PredictedRuntime","Prediction_StandardError","ParallelRuntime","VBSRuntime","cores","ResultingTime"
"g2_n67e83_n68e73.wcnf","Open.WBO.ms.pre",153.69,887.417735215931,409.742466651226,152.78,153.69,1,"152.78"
"g2_n67e83_n68e73.wcnf","UWrMaxSat.1.0",582.53,1002.02708583064,380.36860030426,596.76,153.69,2,"596.76"
"g2_n67e83_n68e73.wcnf","Open.WBO.ms",262.02,1095.95041802241,558.534932664066,260.21,153.69,3,"260.21"
"g2_n67e83_n68e73.wcnf","Open.WBO.g",1258.79,1155.80655225811,462.563963983913,1348.55,153.69,4,"Inf"
