"InstanceName","Solver","SequentialRuntime","PredictedRuntime","Prediction_StandardError","ParallelRuntime","VBSRuntime","cores","ResultingTime"
"g4_n47e57_n58e61_n133e169_n141e184.wcnf","Open.WBO.ms.pre",8.34,998.645894268703,698.429914889243,8.39,0.79,1,"8.39"
"g4_n47e57_n58e61_n133e169_n141e184.wcnf","UWrMaxSat.1.0",0.79,1008.65510316933,570.223721645723,0.79,0.79,2,"0.79"
"g4_n47e57_n58e61_n133e169_n141e184.wcnf","MaxHS",155.18,1024.07012911053,558.304812983167,166.02,0.79,3,"166.02"
"g4_n47e57_n58e61_n133e169_n141e184.wcnf","maxino2018",1.16,1164.2661486332,709.141520376884,1.17,0.79,4,"1.17"
