"InstanceName","Solver","SequentialRuntime","PredictedRuntime","Prediction_StandardError","ParallelRuntime","VBSRuntime","delta","delta_prime","alpha","method_number","orderBy"
"sat/modgen-n200-m90860q08c40-16597.cnf","MapleCOMSPS_CHB_DRUP",20.367,162.668830065359,550.338332323339,20.95,8.55,0,0,0,5,"pred"
"sat/modgen-n200-m90860q08c40-16597.cnf","MapleCOMSPS_LRB_DRUP",11.566,261.043909640523,558.491048205412,11.6,8.55,0,0,0,5,"pred"
"sat/modgen-n200-m90860q08c40-16597.cnf","CHBR_glucose_tuned",30.673,266.09059003268,769.759656489894,30.46,8.55,0,0,0,5,"pred"
"sat/modgen-n200-m90860q08c40-16597.cnf","MapleCMS",246.557,335.011491993464,771.469776021365,245.17,8.55,0,0,0,5,"pred"
"sat/modgen-n200-m90860q08c40-16597.cnf","CHBR_glucose",37.621,373.939875326797,984.984685901341,39.15,8.55,0,0,0,5,"pred"
"sat/modgen-n200-m90860q08c40-16597.cnf","cmsat5_autotune2",58.971,408.217976470588,780.176863906312,61.37,8.55,0,0,0,5,"pred"
"sat/modgen-n200-m90860q08c40-16597.cnf","GHackCOMSPS_DRUP",49.97,416.288769281046,963.534186962799,49.26,8.55,0,0,0,5,"pred"
"sat/modgen-n200-m90860q08c40-16597.cnf","COMiniSatPSChandrasekharDRUP",23.727,431.607549019608,923.698972205543,24.25,8.55,0,0,0,5,"pred"
