"InstanceName","Solver","SequentialRuntime","PredictedRuntime","Prediction_StandardError","ParallelRuntime","VBSRuntime","cores","ResultingTime"
"10tree125p.wcnf","Open.WBO.ms.pre",23.13,551.707938795423,595.200037224985,22.79,19.4,1,"22.79"
"10tree125p.wcnf","QMaxSAT2018",48.14,563.433441590006,727.616082190391,48.72,19.4,2,"48.72"
"10tree125p.wcnf","Open.WBO.ms",57.92,634.30153195284,783.561176632695,58.43,19.4,3,"58.43"
"10tree125p.wcnf","UWrMaxSat.1.0",119.23,654.136726577423,589.157715516218,118.39,19.4,4,"118.39"
"10tree125p.wcnf","maxino2018",19.4,657.818649512099,691.320649903683,19.3,19.4,5,"19.3"
"10tree125p.wcnf","Open.WBO.g",33.87,703.215682929233,778.56299972326,33.55,19.4,6,"33.55"
