"InstanceName","Solver","SequentialRuntime","PredictedRuntime","Prediction_StandardError","ParallelRuntime","VBSRuntime","cores","ResultingTime"
"15tree301posib.wcnf","MaxHS",9.78,1041.90933612722,441.697822611505,10.68,4.45,1,"10.68"
"15tree301posib.wcnf","UWrMaxSat.1.0",8.27,1077.51295391677,388.806087167886,9.48,4.45,2,"9.48"
"15tree301posib.wcnf","maxino2018",4.45,1084.3516672746,420.877863141077,5.01,4.45,3,"5.01"
"15tree301posib.wcnf","Open.WBO.ms.pre",47.71,1091.84154979554,439.246706263683,53.09,4.45,4,"53.09"
"15tree301posib.wcnf","Open.WBO.ms",36.37,1181.32011834036,415.031608122727,40.74,4.45,5,"40.74"
"15tree301posib.wcnf","Open.WBO.g",6.44,1296.45665812333,457.754770406967,7.65,4.45,6,"7.65"
