"InstanceName","Solver","SequentialRuntime","PredictedRuntime","Prediction_StandardError","ParallelRuntime","VBSRuntime","cores","ResultingTime"
"atcoss_sugar_01.wcnf","Open.WBO.ms.pre",85.98,2550.59329199958,1397.65718826178,95.87,14.42,1,"95.87"
"atcoss_sugar_01.wcnf","maxino2018",29.48,2669.5518399794,1340.22676877167,30.76,14.42,2,"30.76"
"atcoss_sugar_01.wcnf","UWrMaxSat.1.0",30.02,2697.38238845518,1296.09238900533,32,14.42,3,"32"
"atcoss_sugar_01.wcnf","MaxHS",34.67,2757.63304161217,1171.35923367837,38.18,14.42,4,"38.18"
"atcoss_sugar_01.wcnf","Open.WBO.g",59.73,2810.27024492441,1281.1795650236,66.85,14.42,5,"66.85"
"atcoss_sugar_01.wcnf","Open.WBO.ms",111.41,2842.07678394239,1102.60438486049,126.64,14.42,6,"126.64"
