"InstanceName","Solver","SequentialRuntime","PredictedRuntime","Prediction_StandardError","ParallelRuntime","VBSRuntime","cores","ResultingTime"
"causal_n6_i1_N500_uai13_harddeps_int.wcnf","Open.WBO.ms.pre",366.78,1291.83456210501,1529.38372291335,645.58,84.37,1,"645.58"
"causal_n6_i1_N500_uai13_harddeps_int.wcnf","maxino2018",240.41,1460.82628627915,1661.44932945404,481.05,84.37,2,"481.05"
"causal_n6_i1_N500_uai13_harddeps_int.wcnf","MaxHS",256.46,1678.72659119364,1464.65360373012,675.85,84.37,3,"675.85"
"causal_n6_i1_N500_uai13_harddeps_int.wcnf","Open.WBO.ms",780.79,1694.83385076261,1631.42392146732,1239.84,84.37,4,"1239.84"
"causal_n6_i1_N500_uai13_harddeps_int.wcnf","QMaxSAT2018",127.27,1775.54067288866,1586.03447633595,229.67,84.37,5,"229.67"
"causal_n6_i1_N500_uai13_harddeps_int.wcnf","Open.WBO.g",233.18,1939.44786958785,1601.23395882861,425.63,84.37,6,"425.63"
