"InstanceName","Solver","SequentialRuntime","PredictedRuntime","Prediction_StandardError","ParallelRuntime","VBSRuntime","cores","ResultingTime"
"cloud.wcnf","UWrMaxSat.1.0",1.4,1085.99338211886,580.096346692101,1.42,0.14,1,"1.42"
"cloud.wcnf","Open.WBO.ms.pre",0.94,1225.85455254419,753.108167433064,0.94,0.14,2,"0.94"
"cloud.wcnf","maxino2018",3.65,1298.42217577796,667.47937863861,3.62,0.14,3,"3.62"
"cloud.wcnf","MaxHS",0.14,1317.37777645352,759.302188007697,0.13,0.14,4,"0.13"
"cloud.wcnf","Open.WBO.ms",0.23,1335.36773320965,680.019328164141,0.24,0.14,5,"0.24"
"cloud.wcnf","Open.WBO.g",0.21,1368.70381627311,704.717177159172,0.2,0.14,6,"0.2"
