"InstanceName","Solver","SequentialRuntime","PredictedRuntime","Prediction_StandardError","ParallelRuntime","VBSRuntime","cores","ResultingTime"
"cnf18p5.wcnf","Open.WBO.ms.pre",121.32,756.016967192158,620.49088292156,143.09,44.09,1,"143.09"
"cnf18p5.wcnf","UWrMaxSat.1.0",118.42,825.239143435038,412.89301184428,139.91,44.09,2,"139.91"
"cnf18p5.wcnf","maxino2018",44.09,896.219091728831,455.759459740473,53.37,44.09,3,"53.37"
"cnf18p5.wcnf","Open.WBO.g",96.94,939.304152542762,684.103910068956,123.24,44.09,4,"123.24"
"cnf18p5.wcnf","QMaxSAT2018",83.24,1018.49206845685,679.162374767959,115.49,44.09,5,"115.49"
"cnf18p5.wcnf","Open.WBO.ms",134.36,1052.58927286706,676.191696941537,167.83,44.09,6,"167.83"
