"InstanceName","Solver","SequentialRuntime","PredictedRuntime","Prediction_StandardError","ParallelRuntime","VBSRuntime","cores","ResultingTime"
"g2_n67e83_n68e73.wcnf","Open.WBO.ms.pre",153.69,887.417735215931,409.742466651226,156.05,153.69,1,"156.05"
"g2_n67e83_n68e73.wcnf","UWrMaxSat.1.0",582.53,1002.02708583064,380.36860030426,606.53,153.69,2,"606.53"
"g2_n67e83_n68e73.wcnf","Open.WBO.ms",262.02,1095.95041802241,558.534932664066,265.79,153.69,3,"265.79"
"g2_n67e83_n68e73.wcnf","Open.WBO.g",1258.79,1155.80655225811,462.563963983913,1364.88,153.69,4,"Inf"
"g2_n67e83_n68e73.wcnf","maxino2018",1103.92,1256.09067440136,531.487140153862,1191.48,153.69,5,"1191.48"
"g2_n67e83_n68e73.wcnf","QMaxSAT2018",3600,1279.16673087133,589.194288272736,3600,153.69,6,"Inf"
