"InstanceName","Solver","SequentialRuntime","PredictedRuntime","Prediction_StandardError","ParallelRuntime","VBSRuntime","cores","ResultingTime"
"g2_n26e25_n48e52.wcnf","UWrMaxSat.1.0",0.15,1273.74204002382,686.996061487614,0.15,0.15,1,"0.15"
"g2_n26e25_n48e52.wcnf","Open.WBO.ms.pre",3.1,1279.02769171581,734.648809654115,3.15,0.15,2,"3.15"
"g2_n26e25_n48e52.wcnf","MaxHS",1157.7,1323.3510817693,749.584764475638,1002.52,0.15,3,"1002.52"
"g2_n26e25_n48e52.wcnf","maxino2018",0.25,1353.59785990927,767.675104399908,0.25,0.15,4,"0.25"
"g2_n26e25_n48e52.wcnf","Open.WBO.ms",1.5,1376.68440396918,725.319263005895,1.52,0.15,5,"1.52"
"g2_n26e25_n48e52.wcnf","Open.WBO.g",0.17,1672.86493171591,977.688802083187,0.16,0.15,6,"0.16"
