"InstanceName","Solver","SequentialRuntime","PredictedRuntime","Prediction_StandardError","ParallelRuntime","VBSRuntime","cores","ResultingTime"
"g3_n52e77_n57e74_n58e75.wcnf","Open.WBO.ms.pre",23.91,552.990665094937,538.470985811483,24.42,10.53,1,"24.42"
"g3_n52e77_n57e74_n58e75.wcnf","Open.WBO.ms",123.33,724.360990730726,543.3343036037,127.88,10.53,2,"127.88"
"g3_n52e77_n57e74_n58e75.wcnf","UWrMaxSat.1.0",29.5,1008.54899269671,824.301971232094,30.25,10.53,3,"30.25"
"g3_n52e77_n57e74_n58e75.wcnf","Open.WBO.g",81.33,1084.9507874641,811.645892190282,83.88,10.53,4,"83.88"
"g3_n52e77_n57e74_n58e75.wcnf","maxino2018",10.53,1159.12427864114,726.076534767553,10.69,10.53,5,"10.69"
