"InstanceName","Solver","SequentialRuntime","PredictedRuntime","Prediction_StandardError","ParallelRuntime","VBSRuntime","cores","ResultingTime"
"g7_n13e12_n13e12_n13e12_n13e12_n14e13_n15e14_n24e31.wcnf","MaxHS",386.35,1123.55615249716,1165.24254136848,441.81,39.62,1,"441.81"
"g7_n13e12_n13e12_n13e12_n13e12_n14e13_n15e14_n24e31.wcnf","UWrMaxSat.1.0",57.08,1412.26888432638,1333.88697556893,57.72,39.62,2,"57.72"
"g7_n13e12_n13e12_n13e12_n13e12_n14e13_n15e14_n24e31.wcnf","maxino2018",48.13,1571.29291351233,1328.32385151271,47.93,39.62,3,"47.93"
"g7_n13e12_n13e12_n13e12_n13e12_n14e13_n15e14_n24e31.wcnf","QMaxSAT2018",3600,1693.18629343052,1341.57522616772,3600,39.62,4,"Inf"
"g7_n13e12_n13e12_n13e12_n13e12_n14e13_n15e14_n24e31.wcnf","Open.WBO.ms",39.62,1779.53535207362,1338.02619787303,40.3,39.62,5,"40.3"
"g7_n13e12_n13e12_n13e12_n13e12_n14e13_n15e14_n24e31.wcnf","Open.WBO.g",57.41,1823.15118292488,1374.33696320279,58,39.62,6,"58"
