"InstanceName","Solver","SequentialRuntime","PredictedRuntime","Prediction_StandardError","ParallelRuntime","VBSRuntime","cores","ResultingTime"
"keller5clq.wcnf","Open.WBO.ms.pre",695.35,737.848086512055,586.300361698392,735.42,548.67,1,"735.42"
"keller5clq.wcnf","UWrMaxSat.1.0",3600,942.823622317956,386.729006575361,3600,548.67,2,"Inf"
"keller5clq.wcnf","Open.WBO.ms",548.67,1030.81168772414,483.264301660006,573.11,548.67,3,"573.11"
"keller5clq.wcnf","Open.WBO.g",2980.74,1069.06611843518,325.690999434234,3227.73,548.67,4,"Inf"
"keller5clq.wcnf","MaxHS",3600,1186.08208244532,559.60510893718,3600,548.67,5,"Inf"
"keller5clq.wcnf","maxino2018",3600,1214.44964578198,716.625165194693,3600,548.67,6,"Inf"
