"InstanceName","Solver","SequentialRuntime","PredictedRuntime","Prediction_StandardError","ParallelRuntime","VBSRuntime","cores","ResultingTime"
"orb08-894-1058.wcnf","UWrMaxSat.1.0",10.96,663.784972307068,1291.21183001592,14.44,7.66,1,"14.44"
"orb08-894-1058.wcnf","Open.WBO.ms.pre",64.58,807.56086345079,1315.90329435756,78.64,7.66,2,"78.64"
"orb08-894-1058.wcnf","maxino2018",10.4,810.138495352791,1397.04578835776,13.98,7.66,3,"13.98"
"orb08-894-1058.wcnf","Open.WBO.ms",120.26,948.101270870921,1208.88756612669,175.2,7.66,4,"175.2"
"orb08-894-1058.wcnf","Open.WBO.g",10.28,971.087290936615,1225.47892805206,13.53,7.66,5,"13.53"
"orb08-894-1058.wcnf","MaxHS",22.98,1157.67857984396,1236.89728671541,31.55,7.66,6,"31.55"
