"InstanceName","Solver","SequentialRuntime","PredictedRuntime","Prediction_StandardError","ParallelRuntime","VBSRuntime","cores","ResultingTime"
"p_hat300-1clq.wcnf","Open.WBO.ms.pre",50.68,1013.35695435335,1102.127077027,51.19,3.41,1,"51.19"
"p_hat300-1clq.wcnf","UWrMaxSat.1.0",3.41,1018.67877923709,1059.22887382333,3.45,3.41,2,"3.45"
"p_hat300-1clq.wcnf","Open.WBO.ms",47.34,1099.63061759069,1176.82264039435,48.39,3.41,3,"48.39"
"p_hat300-1clq.wcnf","Open.WBO.g",35.67,1209.7794487723,973.28574686395,36.4,3.41,4,"36.4"
"p_hat300-1clq.wcnf","QMaxSAT2018",7.67,1418.68469931866,1148.28526709381,7.86,3.41,5,"7.86"
"p_hat300-1clq.wcnf","maxino2018",21.89,1543.90946130232,1167.05435113164,22.06,3.41,6,"22.06"
