"InstanceName","Solver","SequentialRuntime","PredictedRuntime","Prediction_StandardError","ParallelRuntime","VBSRuntime","cores","ResultingTime"
"rand313_l2.wcnf","Open.WBO.ms.pre",0.41,786.378499961609,403.656215481985,0.38,0.41,1,"0.38"
"rand313_l2.wcnf","UWrMaxSat.1.0",1.87,918.925501911808,327.134787330915,1.84,0.41,2,"1.84"
"rand313_l2.wcnf","MaxHS",0.78,947.428842264581,384.727386863427,0.8,0.41,3,"0.8"
"rand313_l2.wcnf","maxino2018",0.99,960.298967311207,369.821336193455,1,0.41,4,"1"
"rand313_l2.wcnf","Open.WBO.ms",0.49,979.546042876173,305.399722645139,0.5,0.41,5,"0.5"
"rand313_l2.wcnf","QMaxSAT2018",10.06,1015.32348674349,559.671311407293,11.3,0.41,6,"11.3"
