"InstanceName","Solver","SequentialRuntime","PredictedRuntime","Prediction_StandardError","ParallelRuntime","VBSRuntime","cores","ResultingTime"
"rev66-6.wcnf","Open.WBO.ms.pre",8.31,855.137527292942,481.254569278886,8.22,0.47,1,"8.22"
"rev66-6.wcnf","Open.WBO.ms",8.79,1004.78213655968,507.466363028497,8.81,0.47,2,"8.81"
"rev66-6.wcnf","UWrMaxSat.1.0",1.36,1020.69893703062,445.571156390401,1.36,0.47,3,"1.36"
"rev66-6.wcnf","QMaxSAT2018",0.47,1052.99203406764,500.730957244945,0.48,0.47,4,"0.48"
"rev66-6.wcnf","Open.WBO.g",0.93,1070.50251259194,350.191064114539,0.91,0.47,5,"0.91"
"rev66-6.wcnf","maxino2018",2.14,1124.90092888657,404.339759830101,2.06,0.47,6,"2.06"
