"InstanceName","Solver","SequentialRuntime","PredictedRuntime","Prediction_StandardError","ParallelRuntime","VBSRuntime","cores","ResultingTime"
"s38584_nan_explicit_26_0.wcnf","UWrMaxSat.1.0",33.04,309.109348977512,470.959832745847,47.65,14.72,1,"47.65"
"s38584_nan_explicit_26_0.wcnf","Open.WBO.ms",86.08,538.24174420204,640.04217434734,118.43,14.72,2,"118.43"
"s38584_nan_explicit_26_0.wcnf","Open.WBO.g",14.72,604.538060372782,625.664775465896,18.04,14.72,3,"18.04"
"s38584_nan_explicit_26_0.wcnf","Open.WBO.ms.pre",148.86,906.221823606639,995.331091668858,170.47,14.72,4,"170.47"
"s38584_nan_explicit_26_0.wcnf","maxino2018",28.28,1052.61707631532,1201.05193114728,45.1,14.72,5,"45.1"
