"InstanceName","Solver","SequentialRuntime","PredictedRuntime","Prediction_StandardError","ParallelRuntime","VBSRuntime","cores","ResultingTime"
"s38584_nan_explicit_34_0.wcnf","Open.WBO.ms.pre",89.72,344.228978173264,366.354313156928,104.32,18.96,1,"104.32"
"s38584_nan_explicit_34_0.wcnf","UWrMaxSat.1.0",25.22,399.313543318814,461.134965652081,35.69,18.96,2,"35.69"
"s38584_nan_explicit_34_0.wcnf","maxino2018",18.96,472.108672270723,478.560144915168,30.39,18.96,3,"30.39"
"s38584_nan_explicit_34_0.wcnf","Open.WBO.ms",51.76,497.547244314578,535.661069985401,71.71,18.96,4,"71.71"
"s38584_nan_explicit_34_0.wcnf","Open.WBO.g",23.5,586.479280793554,686.364542109845,29.99,18.96,5,"29.99"
