"InstanceName","Solver","SequentialRuntime","PredictedRuntime","Prediction_StandardError","ParallelRuntime","VBSRuntime","cores","ResultingTime"
"s38584_nan_explicit_49_0.wcnf","Open.WBO.ms.pre",18.95,579.823720856997,522.818100081469,21.79,10.32,1,"21.79"
"s38584_nan_explicit_49_0.wcnf","UWrMaxSat.1.0",19.87,591.626031543934,440.836946671358,28.69,10.32,2,"28.69"
"s38584_nan_explicit_49_0.wcnf","Open.WBO.g",10.32,745.268531339365,651.128549170585,12.4,10.32,3,"12.4"
"s38584_nan_explicit_49_0.wcnf","maxino2018",14.82,758.32113089077,455.927212446556,23.06,10.32,4,"23.06"
"s38584_nan_explicit_49_0.wcnf","Open.WBO.ms",22.21,789.236803768429,516.636284349589,29.01,10.32,5,"29.01"
"s38584_nan_explicit_49_0.wcnf","QMaxSAT2018",13.2,1014.21808319307,685.145554016139,17.3,10.32,6,"17.3"
