"InstanceName","Solver","SequentialRuntime","PredictedRuntime","Prediction_StandardError","ParallelRuntime","VBSRuntime","cores","ResultingTime"
"san1000clq.wcnf","Open.WBO.ms.pre",216.72,873.590110992646,546.530422536888,228.01,2.02,1,"228.01"
"san1000clq.wcnf","UWrMaxSat.1.0",3.35,1038.72182657785,609.356647489624,3.43,2.02,2,"3.43"
"san1000clq.wcnf","MaxHS",2.02,1262.27487725684,735.755315115981,2.1,2.02,3,"2.1"
"san1000clq.wcnf","Open.WBO.ms",61.94,1268.91767593207,653.575433444591,62.58,2.02,4,"62.58"
"san1000clq.wcnf","maxino2018",3600,1305.05468668796,764.234343643998,3600,2.02,5,"Inf"
"san1000clq.wcnf","Open.WBO.g",41.14,1446.76290105683,682.469650759691,41.38,2.02,6,"41.38"
