"InstanceName","Solver","SequentialRuntime","PredictedRuntime","Prediction_StandardError","ParallelRuntime","VBSRuntime","cores","ResultingTime"
"TWComp_oesoca+_N67.wcnf","QMaxSAT2018",94.26,1160.42008173202,739.901210102164,104.24,79.29,1,"104.24"
"TWComp_oesoca+_N67.wcnf","maxino2018",79.29,1206.59764561115,837.254125529888,88,79.29,2,"88"
"TWComp_oesoca+_N67.wcnf","Open.WBO.ms.pre",87.95,1219.24067659014,900.72532613107,96.95,79.29,3,"96.95"
"TWComp_oesoca+_N67.wcnf","Open.WBO.ms",169.99,1251.50463431775,812.185399177831,177.84,79.29,4,"177.84"
"TWComp_oesoca+_N67.wcnf","UWrMaxSat.1.0",104.93,1270.88648275076,785.307439515777,110.52,79.29,5,"110.52"
"TWComp_oesoca+_N67.wcnf","Open.WBO.g",108.61,1318.91630029765,822.297848188421,125.54,79.29,6,"125.54"
