"InstanceName","Solver","SequentialRuntime","PredictedRuntime","Prediction_StandardError","ParallelRuntime","VBSRuntime","delta","delta_prime","alpha","method_number","orderBy"
"sat/sin2.c.20.smt2-cvc4.cnf","CHBR_glucose_tuned",5000,1980.71854544025,2039.01940488238,4996.04720943912,1930.237,0,0,0,5,"pred"
"sat/sin2.c.20.smt2-cvc4.cnf","glucose",5000,2063.98049386792,2077.39970706925,4996.6123435663,1930.237,0,0,0,5,"pred"
"sat/sin2.c.20.smt2-cvc4.cnf","Glucose_nbSat",5000,2095.24709811321,2131.8042329224,4995.11522949139,1930.237,0,0,0,5,"pred"
"sat/sin2.c.20.smt2-cvc4.cnf","MapleCOMSPS_LRB_DRUP",1930.237,2174.14556949686,2181.84127358261,1928.48635544615,1930.237,0,0,0,5,"pred"
"sat/sin2.c.20.smt2-cvc4.cnf","CHBR_glucose",5000,2198.25557783019,2112.86471286452,4997.1613585584,1930.237,0,0,0,5,"pred"
"sat/sin2.c.20.smt2-cvc4.cnf","BeansAndEggs",5000,2274.18974512579,2036.7280276972,4995.04317812119,1930.237,0,0,0,5,"pred"
"sat/sin2.c.20.smt2-cvc4.cnf","MapleCOMSPS_CHB_DRUP",5000,2277.88471823899,2038.95831702496,4996.06662427931,1930.237,0,0,0,5,"pred"
"sat/sin2.c.20.smt2-cvc4.cnf","YALSAT03r",5000,5000,0,5000,1930.237,0,0,0,5,"pred"
