"InstanceName","Solver","SequentialRuntime","PredictedRuntime","Prediction_StandardError","ParallelRuntime","VBSRuntime","delta","delta_prime","alpha","method_number","orderBy"
"sat/snw_13_8_CCSEncnopre.cnf","MapleGlucose",314.418,479.935219514768,1302.21043337046,3636.51,284.21,0,0,0,5,"pred"
"sat/snw_13_8_CCSEncnopre.cnf","COMiniSatPSChandrasekharDRUP",289.807,507.47211128692,1335.99878894119,4824.29,284.21,0,0,0,5,"pred"
"sat/snw_13_8_CCSEncnopre.cnf","BeansAndEggs",284.21,509.157866772152,1430.8193097697,328.876000200242,284.21,0,0,0,5,"pred"
"sat/snw_13_8_CCSEncnopre.cnf","cmsat5_main2",363.295,522.88688649789,1436.82863341405,3218.83,284.21,0,0,0,5,"pred"
"sat/snw_13_8_CCSEncnopre.cnf","gulch",374.706,536.493396413502,1379.38235627492,3297.77,284.21,0,0,0,5,"pred"
"sat/snw_13_8_CCSEncnopre.cnf","glucose",353.516,558.211461181435,1380.40027925259,2489.9,284.21,0,0,0,5,"pred"
"sat/snw_13_8_CCSEncnopre.cnf","tb_glucose",321.774,565.928954008439,1456.42836013242,2616.14,284.21,0,0,0,5,"pred"
"sat/snw_13_8_CCSEncnopre.cnf","Splatz06vmain",871.104,582.491695886076,1499.05478889456,4734.271083173,284.21,0,0,0,5,"pred"
"sat/snw_13_8_CCSEncnopre.cnf","glueminisat.2210.81.main",533.643,591.354081329114,1508.23359972574,3868.12,284.21,0,0,0,5,"pred"
