"InstanceName","Solver","SequentialRuntime","PredictedRuntime","Prediction_StandardError","ParallelRuntime","VBSRuntime","cores","ResultingTime"
"10tree730p.wcnf","UWrMaxSat.1.0",387.11,533.548819489728,950.401166408093,410.48,63.4,1,"410.48"
"10tree730p.wcnf","QMaxSAT2018",88.28,643.005918828151,1101.64694084284,89.08,63.4,2,"89.08"
"10tree730p.wcnf","maxino2018",66.33,666.571082468267,928.87306419589,66.67,63.4,3,"66.67"
"10tree730p.wcnf","MaxHS",107.24,670.645478904346,868.332901028723,108.4,63.4,4,"108.4"
"10tree730p.wcnf","Open.WBO.ms.pre",63.4,877.046584959166,1154.82146549263,62.8,63.4,5,"62.8"
"10tree730p.wcnf","Open.WBO.g",77.82,1062.61122265799,1305.21922427183,78.48,63.4,1,"Inf"
"10tree730p.wcnf","Open.WBO.ms",135.43,1305.29169076114,1470.31190342349,136.54,63.4,2,"Inf"
