"InstanceName","Solver","SequentialRuntime","PredictedRuntime","Prediction_StandardError","ParallelRuntime","VBSRuntime","cores","ResultingTime"
"3col140_5_4shuffledcnf.wcnf","UWrMaxSat.1.0",9.69,55.5576289048073,327.438927307424,9.54,2.58,1,"9.54"
"3col140_5_4shuffledcnf.wcnf","QMaxSAT2018",2.58,61.8260358376511,405.917767308922,2.49,2.58,2,"2.49"
"3col140_5_4shuffledcnf.wcnf","maxino2018",7.21,62.6560172711571,445.741050565973,6.96,2.58,3,"6.96"
"3col140_5_4shuffledcnf.wcnf","Open.WBO.ms",26.29,63.927336144917,267.407922757055,25.85,2.58,4,"25.85"
"3col140_5_4shuffledcnf.wcnf","MaxHS",33.51,71.205795366982,130.270059554356,33.49,2.58,5,"33.49"
"3col140_5_4shuffledcnf.wcnf","Open.WBO.g",13.45,90.395296430447,462.681010155321,13.22,2.58,1,"Inf"
"3col140_5_4shuffledcnf.wcnf","Open.WBO.ms.pre",36.09,113.668449913644,397.235388459912,36.26,2.58,2,"Inf"
