"InstanceName","Solver","SequentialRuntime","PredictedRuntime","Prediction_StandardError","ParallelRuntime","VBSRuntime","cores","ResultingTime"
"AES1-30-5.wcnf","maxino2018",0.69,172.501663326614,452.06944672132,0.93,0.69,1,"0.93"
"AES1-30-5.wcnf","Open.WBO.ms.pre",25.4,212.755437400462,471.004689016703,44.16,0.69,2,"44.16"
"AES1-30-5.wcnf","Open.WBO.ms",25.5,274.500862116882,518.151415948702,43.9,0.69,3,"43.9"
"AES1-30-5.wcnf","Open.WBO.g",15.19,276.387788206803,516.418023813577,26.35,0.69,4,"26.35"
"AES1-30-5.wcnf","UWrMaxSat.1.0",1.23,367.589198636105,697.820573171656,1.95,0.69,5,"1.95"
"AES1-30-5.wcnf","MaxHS",2.39,440.896281666022,590.66322879392,3.57,0.69,1,"Inf"
"AES1-30-5.wcnf","QMaxSAT2018",216.91,2838.99380389121,734.461970836192,352.42,0.69,2,"Inf"
