"InstanceName","Solver","SequentialRuntime","PredictedRuntime","Prediction_StandardError","ParallelRuntime","VBSRuntime","cores","ResultingTime"
"AES2-50-52.wcnf","Open.WBO.ms.pre",24.05,261.397657956104,411.343771437201,26.1,1.22,1,"26.1"
"AES2-50-52.wcnf","UWrMaxSat.1.0",1.22,315.471696660839,469.044642828816,1.25,1.22,2,"1.25"
"AES2-50-52.wcnf","Open.WBO.g",16.28,326.146172315745,531.95810743354,18.58,1.22,3,"18.58"
"AES2-50-52.wcnf","Open.WBO.ms",26.64,329.37596601845,539.452979581604,29.83,1.22,4,"29.83"
"AES2-50-52.wcnf","maxino2018",1.33,342.153307531926,529.30102372023,1.4,1.22,5,"1.4"
"AES2-50-52.wcnf","MaxHS",12.36,363.77019523487,519.664775213766,13.04,1.22,1,"Inf"
"AES2-50-52.wcnf","QMaxSAT2018",3600,3239.60610484001,644.105859042492,3600,1.22,2,"Inf"
