"InstanceName","Solver","SequentialRuntime","PredictedRuntime","Prediction_StandardError","ParallelRuntime","VBSRuntime","cores","ResultingTime"
"cnf18t9.wcnf","Open.WBO.ms.pre",70.68,571.120427259552,559.180415560765,82.03,5.26,1,"82.03"
"cnf18t9.wcnf","Open.WBO.ms",68.26,635.489988402947,651.190868156935,84.48,5.26,2,"84.48"
"cnf18t9.wcnf","maxino2018",11.61,689.37433704195,489.316676788843,14.24,5.26,3,"14.24"
"cnf18t9.wcnf","Open.WBO.g",17.4,740.559250890005,603.13290720921,21.95,5.26,4,"21.95"
"cnf18t9.wcnf","UWrMaxSat.1.0",5.26,754.086455832903,665.84285529711,6.2,5.26,5,"6.2"
"cnf18t9.wcnf","QMaxSAT2018",8.99,1065.05033443,723.065705415621,10.97,5.26,1,"Inf"
"cnf18t9.wcnf","MaxHS",42.06,1499.16466139099,726.551748313898,39.84,5.26,2,"Inf"
