"InstanceName","Solver","SequentialRuntime","PredictedRuntime","Prediction_StandardError","ParallelRuntime","VBSRuntime","cores","ResultingTime"
"frb35-17-3partial.wcnf","UWrMaxSat.1.0",1.8,21.031074915825,29.938963555111,1.83,1.8,1,"1.83"
"frb35-17-3partial.wcnf","Open.WBO.ms",13.98,40.6482752525253,107.609931770032,14.36,1.8,2,"14.36"
"frb35-17-3partial.wcnf","Open.WBO.g",3.63,105.159492424242,176.637085207071,3.69,1.8,3,"3.69"
"frb35-17-3partial.wcnf","QMaxSAT2018",11.19,232.352996212121,581.129432502609,11.42,1.8,4,"11.42"
"frb35-17-3partial.wcnf","MaxHS",32.25,596.227818181818,986.929389696099,30.38,1.8,5,"30.38"
"frb35-17-3partial.wcnf","Open.WBO.ms.pre",3600,3545.98189285714,415.229452563459,3600,1.8,1,"Inf"
"frb35-17-3partial.wcnf","maxino2018",3600,3600,4.56479728020326e-13,3600,1.8,2,"Inf"
