"InstanceName","Solver","SequentialRuntime","PredictedRuntime","Prediction_StandardError","ParallelRuntime","VBSRuntime","cores","ResultingTime"
"g3_n26e25_n27e26_n42e48.wcnf","UWrMaxSat.1.0",2170.78,1399.7523877485,1289.770014131,2288.34,821.54,1,"Inf"
"g3_n26e25_n27e26_n42e48.wcnf","maxino2018",2459.77,1669.78387541916,1245.38600731725,2869.82,821.54,2,"Inf"
"g3_n26e25_n27e26_n42e48.wcnf","Open.WBO.ms",1265.5,1710.13271412198,1405.93367851756,1354.37,821.54,3,"1354.37"
"g3_n26e25_n27e26_n42e48.wcnf","Open.WBO.ms.pre",821.54,1782.93544081301,1446.32876012096,872.26,821.54,4,"872.26"
"g3_n26e25_n27e26_n42e48.wcnf","QMaxSAT2018",1671.01,1958.54604492207,1287.61208724561,1810.83,821.54,5,"1810.83"
"g3_n26e25_n27e26_n42e48.wcnf","MaxHS",3600,2303.99117906241,1238.82281796122,3600,821.54,1,"Inf"
"g3_n26e25_n27e26_n42e48.wcnf","Open.WBO.g",3600,2810.99438101972,1150.96377268833,3600,821.54,2,"Inf"
