"InstanceName","Solver","SequentialRuntime","PredictedRuntime","Prediction_StandardError","ParallelRuntime","VBSRuntime","cores","ResultingTime"
"g3_n34e43_n59e60_n71e84.wcnf","Open.WBO.ms.pre",35.1,805.252572595157,481.117407839356,35.41,35.1,1,"35.41"
"g3_n34e43_n59e60_n71e84.wcnf","Open.WBO.ms",38.24,863.134856591477,508.018078498026,38.74,35.1,2,"38.74"
"g3_n34e43_n59e60_n71e84.wcnf","UWrMaxSat.1.0",98.12,898.784731228236,461.1324110272,99.19,35.1,3,"99.19"
"g3_n34e43_n59e60_n71e84.wcnf","Open.WBO.g",468.97,1036.06436779975,473.155653854039,494.44,35.1,4,"494.44"
"g3_n34e43_n59e60_n71e84.wcnf","QMaxSAT2018",197.13,1227.2622635147,658.096551098265,204.89,35.1,5,"204.89"
"g3_n34e43_n59e60_n71e84.wcnf","maxino2018",148.19,1287.4107840271,744.984377129621,150.86,35.1,1,"Inf"
"g3_n34e43_n59e60_n71e84.wcnf","MaxHS",393.28,1502.0881362172,715.220616989304,397.09,35.1,2,"Inf"
