"InstanceName","Solver","SequentialRuntime","PredictedRuntime","Prediction_StandardError","ParallelRuntime","VBSRuntime","cores","ResultingTime"
"g4_n58e71_n61e85_n100e127_n104e131.wcnf","Open.WBO.ms.pre",24,967.649728987537,756.336383121254,24.3,12.45,1,"24.3"
"g4_n58e71_n61e85_n100e127_n104e131.wcnf","UWrMaxSat.1.0",12.45,1033.57967772807,589.823684957119,12.71,12.45,2,"12.71"
"g4_n58e71_n61e85_n100e127_n104e131.wcnf","Open.WBO.ms",21.82,1071.82761381929,678.019665979793,22.54,12.45,3,"22.54"
"g4_n58e71_n61e85_n100e127_n104e131.wcnf","MaxHS",433.32,1076.6007138398,558.561235556256,411.42,12.45,4,"411.42"
"g4_n58e71_n61e85_n100e127_n104e131.wcnf","maxino2018",18.29,1109.81504754506,704.325823747693,18.33,12.45,5,"18.33"
"g4_n58e71_n61e85_n100e127_n104e131.wcnf","Open.WBO.g",133.36,1304.82542765574,566.206763160472,135.91,12.45,1,"Inf"
"g4_n58e71_n61e85_n100e127_n104e131.wcnf","QMaxSAT2018",30.6,2006.11763401406,874.809483784322,31.67,12.45,2,"Inf"
