"InstanceName","Solver","SequentialRuntime","PredictedRuntime","Prediction_StandardError","ParallelRuntime","VBSRuntime","cores","ResultingTime"
"rev66-28.wcnf","UWrMaxSat.1.0",3600,1032.14325076164,530.20878435936,3600,3600,1,"Inf"
"rev66-28.wcnf","MaxHS",3600,1135.95238529703,658.214650865269,3600,3600,2,"Inf"
"rev66-28.wcnf","maxino2018",3600,1154.40500199537,496.353101775223,3600,3600,3,"Inf"
"rev66-28.wcnf","Open.WBO.ms.pre",3600,1199.06985665501,699.38590395282,3600,3600,4,"Inf"
"rev66-28.wcnf","Open.WBO.ms",3600,1272.41506254558,640.116382558977,3600,3600,5,"Inf"
"rev66-28.wcnf","Open.WBO.g",3600,1321.89570143581,673.99074234002,3600,3600,1,"Inf"
"rev66-28.wcnf","QMaxSAT2018",3600,1994.10160894526,908.258587774028,3600,3600,2,"Inf"
