"InstanceName","Solver","SequentialRuntime","PredictedRuntime","Prediction_StandardError","ParallelRuntime","VBSRuntime","cores","ResultingTime"
"wolfram80_9.wcnf","UWrMaxSat.1.0",31.98,12.8164027777778,2.11262320995157,33.11,5.14,1,"Inf"
"wolfram80_9.wcnf","MaxHS",5.14,22.6586341765873,5.02996971958574,5.43,5.14,2,"5.43"
"wolfram80_9.wcnf","Open.WBO.g",30.22,49.643361111111,16.7753180276679,30.84,5.14,3,"30.84"
"wolfram80_9.wcnf","Open.WBO.ms",116.17,82.5149806547619,12.9531767095838,121.02,5.14,4,"Inf"
"wolfram80_9.wcnf","maxino2018",8.09,93.6858913690476,44.7241742713627,8.5,5.14,5,"8.5"
"wolfram80_9.wcnf","Open.WBO.ms.pre",3600,3525.59383333333,515.501044252418,3600,5.14,1,"Inf"
"wolfram80_9.wcnf","QMaxSAT2018",3600,3600,3.03970120868686e-13,3600,5.14,2,"Inf"
