"InstanceName","Solver","SequentialRuntime","PredictedRuntime","Prediction_StandardError","ParallelRuntime","VBSRuntime","delta","delta_prime","alpha","method_number","orderBy"
"b21_C-mbd14-0295.wcnf","Open.WBO.ms.pre",64.57,614.501241343149,493.745660868197,68.81,10.38,0,0,0,5,"pred"
"b21_C-mbd14-0295.wcnf","Open.WBO.ms",36.7,675.088382603024,535.915049077884,39.38,10.38,0,0,0,5,"pred"
"b21_C-mbd14-0295.wcnf","QMaxSAT2018",500.79,746.766121171946,680.445253905074,540.71,10.38,0,0,0,5,"pred"
"b21_C-mbd14-0295.wcnf","Open.WBO.g",16.32,754.60503119969,569.316139977617,16.59,10.38,0,0,0,5,"pred"
"b21_C-mbd14-0295.wcnf","UWrMaxSat.1.0",10.38,857.900308761211,446.433709785882,10.59,10.38,0,0,0,5,"pred"
"b21_C-mbd14-0295.wcnf","maxino2018",13.71,890.6987809563,514.97797461462,13.78,10.38,0,0,0,5,"pred"
