"InstanceName","Solver","SequentialRuntime","PredictedRuntime","Prediction_StandardError","ParallelRuntime","VBSRuntime","delta","delta_prime","alpha","method_number","orderBy"
"sat/20180326_095805836_p_cnf_320_1120.cnf","Sparrow2Riss.2018.fixfix",11.635,40.6802981012657,49.7945340674402,12.94,3.063,0,0,0,5,"pred"
"sat/20180326_095805836_p_cnf_320_1120.cnf","YalSAT",3.886,97.2379170886076,125.270759094434,4.36,3.063,0,0,0,5,"pred"
"sat/20180326_095805836_p_cnf_320_1120.cnf","Maple_CM_ordUIP",1440.762,2319.90061118144,2243.48229054096,5000,3.063,0,0,0,5,"pred"
"sat/20180326_095805836_p_cnf_320_1120.cnf","Maple_CM",1440.438,2320.28028523207,2048.22676092692,5000,3.063,0,0,0,5,"pred"
"sat/20180326_095805836_p_cnf_320_1120.cnf","Maple_CM_ordUIP.",1392.801,2839.97761244726,2055.57986477449,5000,3.063,0,0,0,5,"pred"
"sat/20180326_095805836_p_cnf_320_1120.cnf","Maple_LCM_M1",593.838,5000,0,5000,3.063,0,0,0,5,"pred"
