"InstanceName","Solver","SequentialRuntime","PredictedRuntime","Prediction_StandardError","ParallelRuntime","VBSRuntime","delta","delta_prime","alpha","method_number","orderBy"
"nurikabe_p11.pddl","Delfi1",139.91,477.805218390805,359.006532152018,142.2,139.91,0,0,0,5,"pred"
"nurikabe_p11.pddl","Complementary2",1065.02,819.526040229885,585.023570860756,1079.45,139.91,0,0,0,5,"pred"
"nurikabe_p11.pddl","FDMS1",587.66,846.056287356322,679.501753840466,1800,139.91,0,0,0,5,"pred"
"nurikabe_p11.pddl","Scorpion",241.26,878.293666666667,758.427986531421,240.15,139.91,0,0,0,5,"pred"
"nurikabe_p11.pddl","Metis1",759.27,897.928942528736,731.162168774963,819.27,139.91,0,0,0,5,"pred"
"nurikabe_p11.pddl","Delfi2",775.89,946.476620689655,681.772987234576,814.91,139.91,0,0,0,5,"pred"
"nurikabe_p11.pddl","Planning.PDBs",1001.97,1021.72252298851,598.260789756769,1068.28,139.91,0,0,0,5,"pred"
"nurikabe_p11.pddl","blind",475.49,1040.93293678161,731.524410607376,1800,139.91,0,0,0,5,"pred"
"nurikabe_p11.pddl","Metis2",932.85,1128.28247126437,703.406754926702,923.61,139.91,0,0,0,5,"pred"
