"InstanceName","Solver","SequentialRuntime","PredictedRuntime","Prediction_StandardError","ParallelRuntime","VBSRuntime","cores","ResultingTime"
"g3_n52e77_n57e74_n58e75.wcnf","Open.WBO.ms.pre",23.91,552.990665094937,538.470985811483,23.68,10.53,1,"23.68"
"g3_n52e77_n57e74_n58e75.wcnf","Open.WBO.ms",123.33,724.360990730726,543.3343036037,122.75,10.53,2,"122.75"
"g3_n52e77_n57e74_n58e75.wcnf","UWrMaxSat.1.0",29.5,1008.54899269671,824.301971232094,29.34,10.53,3,"29.34"
"g3_n52e77_n57e74_n58e75.wcnf","maxino2018",10.53,1159.12427864114,726.076534767553,10.66,10.53,5,"10.66"
"g3_n52e77_n57e74_n58e75.wcnf","Open.WBO.g",81.33,1084.9507874641,811.645892190282,81.22,10.53,4,"81.22"
"g3_n52e77_n57e74_n58e75.wcnf","MaxHS",3600,1804.08176230363,988.199440904232,3600,10.53,2,"Inf"
"g3_n52e77_n57e74_n58e75.wcnf","QMaxSAT2018",308.63,1734.42324399956,1112.44516158824,312.87,10.53,1,"Inf"
