"InstanceName","Solver","SequentialRuntime","PredictedRuntime","Prediction_StandardError","ParallelRuntime","VBSRuntime","cores","ResultingTime"
"ram_k3_n16ra0.wcnf","QMaxSAT2018",3600,3600,0,3600,3600,2,"Inf"
"ram_k3_n16ra0.wcnf","MaxHS",3600,3600,3.00787099952753e-13,3600,3600,4,"3600"
"ram_k3_n16ra0.wcnf","Open.WBO.g",3600,3600,3.00787099952753e-13,3600,3600,5,"3600"
"ram_k3_n16ra0.wcnf","Open.WBO.ms",3600,3600,3.72747224690897e-13,3600,3600,1,"Inf"
"ram_k3_n16ra0.wcnf","Open.WBO.ms.pre",3600,3557.70592307692,340.985749380212,3600,3600,3,"3600"
"ram_k3_n16ra0.wcnf","maxino2018",3600,3544.69043076923,445.920003085824,3600,3600,2,"3600"
"ram_k3_n16ra0.wcnf","UWrMaxSat.1.0",3600,3501.79107472527,559.675338025742,3600,3600,1,"3600"
