"InstanceName","Solver","SequentialRuntime","PredictedRuntime","Prediction_StandardError","ParallelRuntime","VBSRuntime","delta","delta_prime","alpha","method_number","orderBy"
"sat/prime_200560490131.cnf","smallsat",142.718,704.841959111111,1290.57833600058,164.4,84.747,0,0,0,5,"pred"
"sat/prime_200560490131.cnf","Maple_LCM_Scavel_fix2",91.747,847.187938,1529.93109136933,103.5,84.747,0,0,0,5,"pred"
"sat/prime_200560490131.cnf","Maple_CM_ordUIP.",88.465,874.950356444444,1505.91805818132,98.67,84.747,0,0,0,5,"pred"
"sat/prime_200560490131.cnf","cms55.main.all4fixed",95.056,878.100575333334,1628.8141341653,113.41,84.747,0,0,0,5,"pred"
"sat/prime_200560490131.cnf","MapleCOMSPS_CHB_VSIDS_drup",138.901,886.626647333333,1442.16982686667,162.6,84.747,0,0,0,5,"pred"
"sat/prime_200560490131.cnf","Maple_LCM.BCrestart",86.634,929.766679777778,1534.86821381287,99.69,84.747,0,0,0,5,"pred"
"sat/prime_200560490131.cnf","Lingeling",132.997,980.530339111111,1429.75917864779,157.27,84.747,0,0,0,5,"pred"
"sat/prime_200560490131.cnf","YalSAT",5000,5000,0,5000,84.747,0,0,0,5,"pred"
