"InstanceName","Solver","SequentialRuntime","PredictedRuntime","Prediction_StandardError","ParallelRuntime","VBSRuntime","cores","ResultingTime"
"3ebx_1era_gwcnft.wcnf","Open.WBO.ms.pre",340.84,1306.28652969431,248.721447089724,317.35,100.68,1,"317.35"
"3ebx_1era_gwcnft.wcnf","maxino2018",625.89,1466.87453950701,264.572458385969,663.14,100.68,4,"663.14"
"3ebx_1era_gwcnft.wcnf","Open.WBO.ms",354.14,1438.33061048563,297.717820756332,357.52,100.68,2,"357.52"
"3ebx_1era_gwcnft.wcnf","UWrMaxSat.1.0",369.67,1458.43950640856,281.533912087144,383.52,100.68,3,"383.52"
"3ebx_1era_gwcnft.wcnf","Open.WBO.g",529.53,1576.56939570991,312.513706278468,558.9,100.68,1,"Inf"
"3ebx_1era_gwcnft.wcnf","QMaxSAT2018",100.68,1817.54776047873,277.759552349434,105.61,100.68,2,"Inf"
"3ebx_1era_gwcnft.wcnf","MaxHS",3600,2038.88061539403,282.550901330234,3600,100.68,3,"Inf"
