"InstanceName","Solver","SequentialRuntime","PredictedRuntime","Prediction_StandardError","ParallelRuntime","VBSRuntime","cores","ResultingTime"
"AES1-40-7.wcnf","UWrMaxSat.1.0",1.05,435.994674647885,501.479477261877,1.04,0.92,2,"1.04"
"AES1-40-7.wcnf","maxino2018",0.92,405.169749005401,533.797731548544,0.95,0.92,1,"0.95"
"AES1-40-7.wcnf","Open.WBO.ms.pre",30.32,564.333538552109,516.365763360356,33.33,0.92,4,"33.33"
"AES1-40-7.wcnf","Open.WBO.g",15.18,564.190190402523,601.939398126533,16.86,0.92,3,"16.86"
"AES1-40-7.wcnf","MaxHS",2.37,570.528189314531,642.304975569874,2.37,0.92,1,"Inf"
"AES1-40-7.wcnf","Open.WBO.ms",24.29,719.73495898062,573.092508875567,26.86,0.92,2,"Inf"
"AES1-40-7.wcnf","QMaxSAT2018",2050.01,2746.41659174464,1092.81501407728,2342.01,0.92,3,"Inf"
