"InstanceName","Solver","SequentialRuntime","PredictedRuntime","Prediction_StandardError","ParallelRuntime","VBSRuntime","cores","ResultingTime"
"cnf20p5.wcnf","UWrMaxSat.1.0",176.06,908.2669336119,641.773976517268,193.61,62.1,1,"193.61"
"cnf20p5.wcnf","Open.WBO.g",62.1,934.243014981132,725.144496008,68.52,62.1,2,"68.52"
"cnf20p5.wcnf","Open.WBO.ms.pre",63.96,940.028384315546,819.377120413634,70.58,62.1,3,"70.58"
"cnf20p5.wcnf","Open.WBO.ms",103.84,942.606032520606,820.092288255966,117.53,62.1,4,"117.53"
"cnf20p5.wcnf","maxino2018",71.15,995.437986417615,813.202199003923,80.77,62.1,1,"Inf"
"cnf20p5.wcnf","QMaxSAT2018",77.3,1117.80361468515,781.094626169034,86.08,62.1,2,"Inf"
"cnf20p5.wcnf","MaxHS",682.06,1495.13547874411,739.368788089431,690.99,62.1,3,"Inf"
