"InstanceName","Solver","SequentialRuntime","PredictedRuntime","Prediction_StandardError","ParallelRuntime","VBSRuntime","cores","ResultingTime"
"SAT_RACE08__cnf__ibm-2004-01-k90cnfwcnf10.wcnf","UWrMaxSat.1.0",1.03,401.148850324362,767.392336829042,1.11,1.03,1,"1.11"
"SAT_RACE08__cnf__ibm-2004-01-k90cnfwcnf10.wcnf","MaxHS",9.47,593.62553650199,750.094545556335,9.75,1.03,4,"9.75"
"SAT_RACE08__cnf__ibm-2004-01-k90cnfwcnf10.wcnf","Open.WBO.ms.pre",319.06,498.32000822531,873.690692244825,359.24,1.03,2,"359.24"
"SAT_RACE08__cnf__ibm-2004-01-k90cnfwcnf10.wcnf","maxino2018",2.66,510.83695005085,949.83982138392,2.8,1.03,3,"2.8"
"SAT_RACE08__cnf__ibm-2004-01-k90cnfwcnf10.wcnf","Open.WBO.g",257.04,710.567869101637,1052.53015259297,280.93,1.03,1,"Inf"
"SAT_RACE08__cnf__ibm-2004-01-k90cnfwcnf10.wcnf","Open.WBO.ms",421.56,736.573248940875,1073.64474206253,440.06,1.03,2,"Inf"
"SAT_RACE08__cnf__ibm-2004-01-k90cnfwcnf10.wcnf","QMaxSAT2018",3600,1169.91137584644,1413.2340773005,3600,1.03,3,"Inf"
