"InstanceName","Solver","SequentialRuntime","PredictedRuntime","Prediction_StandardError","ParallelRuntime","VBSRuntime","cores","ResultingTime"
"sudoku.wcnf","Open.WBO.ms.pre",20.39,1426.34317506459,237.420410753625,21.32,2.92,1,"21.32"
"sudoku.wcnf","UWrMaxSat.1.0",4.73,1544.36233767516,288.512869043072,5.04,2.92,2,"5.04"
"sudoku.wcnf","Open.WBO.ms",148.85,1560.81607857354,292.689804161149,204.05,2.92,3,"204.05"
"sudoku.wcnf","maxino2018",2.92,1593.38920866015,317.513910326626,3.22,2.92,4,"3.22"
"sudoku.wcnf","Open.WBO.g",6.35,1652.6968720397,297.746089955992,8.74,2.92,1,"Inf"
"sudoku.wcnf","QMaxSAT2018",3.37,1953.2529526774,248.537641132614,4.24,2.92,2,"Inf"
"sudoku.wcnf","MaxHS",2371.9,2039.85684986264,292.779955472216,3217.64,2.92,3,"Inf"
