"InstanceName","Solver","SequentialRuntime","PredictedRuntime","Prediction_StandardError","ParallelRuntime","VBSRuntime","cores","ResultingTime"
"wolfram80_1.wcnf","UWrMaxSat.1.0",16.29,15.8708377128053,6.71217154977353,16.83,16.29,1,"16.83"
"wolfram80_1.wcnf","MaxHS",23.57,17.7855074019245,7.90888306852024,25.54,16.29,2,"25.54"
"wolfram80_1.wcnf","Open.WBO.g",62.31,38.6247702936096,13.163422912149,66.28,16.29,3,"Inf"
"wolfram80_1.wcnf","Open.WBO.ms",94.87,93.4548791018998,18.23926219338,102.04,16.29,1,"Inf"
"wolfram80_1.wcnf","maxino2018",96.44,64.0490354058721,52.6672459478519,101.77,16.29,4,"101.77"
"wolfram80_1.wcnf","QMaxSAT2018",3600,3562.7930224525,364.54757555919,3600,16.29,3,"Inf"
"wolfram80_1.wcnf","Open.WBO.ms.pre",3600,3525.88144041451,510.812735948361,3600,16.29,2,"Inf"
