"InstanceName","Solver","SequentialRuntime","PredictedRuntime","Prediction_StandardError","ParallelRuntime","VBSRuntime","cores","ResultingTime"
"15tree101p.wcnf","Open.WBO.ms.pre",21.59,679.881354816025,1032.37436447874,22.5,2.45,1,"22.5"
"15tree101p.wcnf","Open.WBO.ms",13.87,709.408877338532,1074.66703483432,14.5,2.45,2,"14.5"
"15tree101p.wcnf","MaxHS",2.93,809.13958414953,1017.56544643309,2.96,2.45,3,"2.96"
"15tree101p.wcnf","UWrMaxSat.1.0",5.04,889.265527556826,1102.319577362,5.12,2.45,4,"5.12"
"15tree101p.wcnf","QMaxSAT2018",36.66,905.623331453952,1192.57481957576,37.66,2.45,5,"37.66"
