"InstanceName","Solver","SequentialRuntime","PredictedRuntime","Prediction_StandardError","ParallelRuntime","VBSRuntime","cores","ResultingTime"
"2knt_5pti_gwcnft.wcnf","Open.WBO.ms.pre",232.97,1429.68420764956,284.793675352747,262.07,58.63,1,"262.07"
"2knt_5pti_gwcnft.wcnf","UWrMaxSat.1.0",125.31,1522.39923484355,295.969361003596,131.5,58.63,2,"131.5"
"2knt_5pti_gwcnft.wcnf","maxino2018",322.08,1561.97618555406,290.638788099158,342.88,58.63,3,"342.88"
"2knt_5pti_gwcnft.wcnf","Open.WBO.ms",97.69,1573.00444748967,256.352940456841,100.12,58.63,4,"100.12"
"2knt_5pti_gwcnft.wcnf","Open.WBO.g",124.11,1665.27157160866,302.735198266221,128.51,58.63,5,"128.51"
