"InstanceName","Solver","SequentialRuntime","PredictedRuntime","Prediction_StandardError","ParallelRuntime","VBSRuntime","cores","ResultingTime"
"3col140_5_3shuffledcnf.wcnf","MaxHS",43.47,54.7534987373737,121.606878899599,43.5,3.23,1,"43.5"
"3col140_5_3shuffledcnf.wcnf","maxino2018",4.26,81.6435429292929,460.131967068789,4.26,3.23,2,"4.26"
"3col140_5_3shuffledcnf.wcnf","Open.WBO.ms",33.86,106.744767676768,456.038436555829,33.61,3.23,3,"33.61"
"3col140_5_3shuffledcnf.wcnf","Open.WBO.g",13.1,114.637362373737,539.748396619086,13.16,3.23,4,"13.16"
"3col140_5_3shuffledcnf.wcnf","QMaxSAT2018",3.23,163.153556818182,689.983104421069,3.13,3.23,5,"3.13"
