"InstanceName","Solver","SequentialRuntime","PredictedRuntime","Prediction_StandardError","ParallelRuntime","VBSRuntime","cores","ResultingTime"
"AES1-60-17.wcnf","MaxHS",3.32,866.533452076408,628.860936077446,3.35,0.96,1,"3.35"
"AES1-60-17.wcnf","Open.WBO.ms.pre",38.32,938.313263390663,474.637121559542,42.24,0.96,2,"42.24"
"AES1-60-17.wcnf","UWrMaxSat.1.0",1.11,1004.93307470492,391.867017793198,1.13,0.96,3,"1.13"
"AES1-60-17.wcnf","maxino2018",0.96,1019.44829882446,455.155042864696,0.98,0.96,4,"0.98"
"AES1-60-17.wcnf","Open.WBO.ms",28.57,1116.57491432414,500.618531241784,31.54,0.96,5,"31.54"
