"InstanceName","Solver","SequentialRuntime","PredictedRuntime","Prediction_StandardError","ParallelRuntime","VBSRuntime","cores","ResultingTime"
"b21_C-mbd14-0205.wcnf","Open.WBO.ms.pre",15.43,892.822849136589,453.754598510765,16,0.95,1,"16"
"b21_C-mbd14-0205.wcnf","QMaxSAT2018",159.16,915.364359400509,622.55054743238,163.74,0.95,2,"163.74"
"b21_C-mbd14-0205.wcnf","UWrMaxSat.1.0",1.33,952.169410997087,344.424415521568,1.36,0.95,3,"1.36"
"b21_C-mbd14-0205.wcnf","Open.WBO.ms",20.48,962.134509460829,470.864075569151,20.99,0.95,4,"20.99"
"b21_C-mbd14-0205.wcnf","maxino2018",0.95,1023.8723593642,397.806682209851,0.95,0.95,5,"0.95"
