"InstanceName","Solver","SequentialRuntime","PredictedRuntime","Prediction_StandardError","ParallelRuntime","VBSRuntime","cores","ResultingTime"
"cnf18p4.wcnf","Open.WBO.ms.pre",61.02,703.455996700912,702.421067322668,67.9,18.38,1,"67.9"
"cnf18p4.wcnf","maxino2018",18.38,754.549289773717,630.811265698162,20.47,18.38,2,"20.47"
"cnf18p4.wcnf","Open.WBO.g",27.7,899.279115376721,829.103914781499,31.61,18.38,3,"31.61"
"cnf18p4.wcnf","UWrMaxSat.1.0",68.3,929.458176155602,669.120605419376,77.29,18.38,4,"77.29"
"cnf18p4.wcnf","Open.WBO.ms",138.09,946.18231490195,719.268716911766,154.5,18.38,5,"154.5"
