"InstanceName","Solver","SequentialRuntime","PredictedRuntime","Prediction_StandardError","ParallelRuntime","VBSRuntime","cores","ResultingTime"
"cnf8p7.wcnf","UWrMaxSat.1.0",1.64,473.508169710973,874.245307266848,1.87,1.64,1,"1.87"
"cnf8p7.wcnf","MaxHS",93.48,481.107407085881,686.677005570262,112.91,1.64,2,"112.91"
"cnf8p7.wcnf","Open.WBO.ms.pre",49.89,482.007377127272,902.449808358242,55.78,1.64,3,"55.78"
"cnf8p7.wcnf","maxino2018",12.01,599.882327244951,1074.59788830547,12.93,1.64,4,"12.93"
"cnf8p7.wcnf","Open.WBO.ms",56.47,905.902070362771,1217.75331587035,61.36,1.64,5,"61.36"
