"InstanceName","Solver","SequentialRuntime","PredictedRuntime","Prediction_StandardError","ParallelRuntime","VBSRuntime","cores","ResultingTime"
"cnf9p8.wcnf","MaxHS",98.03,1026.66131265493,636.705637912349,128.26,5.76,1,"128.26"
"cnf9p8.wcnf","UWrMaxSat.1.0",5.76,1034.00800493035,525.382078589331,6.33,5.76,2,"6.33"
"cnf9p8.wcnf","Open.WBO.ms.pre",35.74,1109.27495385213,581.330027159273,37.81,5.76,3,"37.81"
"cnf9p8.wcnf","maxino2018",10.22,1128.98181448449,533.937414575739,11.22,5.76,4,"11.22"
"cnf9p8.wcnf","Open.WBO.ms",60.45,1170.88675748577,466.371924193215,65.7,5.76,5,"65.7"
