"InstanceName","Solver","SequentialRuntime","PredictedRuntime","Prediction_StandardError","ParallelRuntime","VBSRuntime","cores","ResultingTime"
"g3_n66e77_n66e72_n94e112.wcnf","Open.WBO.ms.pre",233.49,642.051701689833,760.775544737397,238.07,50.52,1,"238.07"
"g3_n66e77_n66e72_n94e112.wcnf","maxino2018",109.65,716.494761315193,778.086406234364,112.8,50.52,2,"112.8"
"g3_n66e77_n66e72_n94e112.wcnf","UWrMaxSat.1.0",50.52,791.59375245574,822.314129950829,51.55,50.52,3,"51.55"
"g3_n66e77_n66e72_n94e112.wcnf","Open.WBO.g",502.25,1052.78026032861,1056.10967420008,535.86,50.52,4,"535.86"
"g3_n66e77_n66e72_n94e112.wcnf","Open.WBO.ms",181.65,1093.35739402619,1078.91909329049,186.47,50.52,5,"186.47"
