"InstanceName","Solver","SequentialRuntime","PredictedRuntime","Prediction_StandardError","ParallelRuntime","VBSRuntime","cores","ResultingTime"
"gen_mult_3_5_991.wcnf","MaxHS",33.32,1175.30752695966,993.22302085048,33.01,33.32,1,"33.01"
"gen_mult_3_5_991.wcnf","Open.WBO.ms.pre",3600,1175.89535359065,826.168426481535,3600,33.32,2,"Inf"
"gen_mult_3_5_991.wcnf","maxino2018",3600,1736.99140608417,1112.08521079143,3600,33.32,3,"Inf"
"gen_mult_3_5_991.wcnf","Open.WBO.ms",3600,1815.38316079779,1077.13495331643,3600,33.32,4,"Inf"
"gen_mult_3_5_991.wcnf","UWrMaxSat.1.0",3600,1913.91753641307,1099.48734386899,3600,33.32,5,"Inf"
