"InstanceName","Solver","SequentialRuntime","PredictedRuntime","Prediction_StandardError","ParallelRuntime","VBSRuntime","cores","ResultingTime"
"rand290_l2.wcnf","Open.WBO.ms.pre",0.63,457.640214283069,450.976786979494,0.64,0.45,1,"0.64"
"rand290_l2.wcnf","UWrMaxSat.1.0",1.95,551.201233061419,452.104436075227,1.96,0.45,2,"1.96"
"rand290_l2.wcnf","maxino2018",1.01,570.533261327412,427.470390138223,1.02,0.45,3,"1.02"
"rand290_l2.wcnf","Open.WBO.g",0.45,574.100340311126,566.251867981381,0.47,0.45,4,"0.47"
"rand290_l2.wcnf","MaxHS",1.06,622.803038510928,508.83667499492,1.07,0.45,5,"1.07"
