"InstanceName","Solver","SequentialRuntime","PredictedRuntime","Prediction_StandardError","ParallelRuntime","VBSRuntime","cores","ResultingTime"
"rand21_l2.wcnf","Open.WBO.ms",0.84,219.501305786833,538.265634371947,0.84,0.54,1,"0.84"
"rand21_l2.wcnf","Open.WBO.ms.pre",0.64,311.599932675907,807.568907681042,0.64,0.54,2,"0.64"
"rand21_l2.wcnf","QMaxSAT2018",26.53,443.742960009706,985.962444334396,28.82,0.54,3,"28.82"
"rand21_l2.wcnf","Open.WBO.g",0.54,510.746715032701,986.990671087518,0.55,0.54,4,"0.55"
"rand21_l2.wcnf","maxino2018",1.25,542.356356822921,937.912707426627,1.28,0.54,5,"1.28"
