"InstanceName","Solver","SequentialRuntime","PredictedRuntime","Prediction_StandardError","ParallelRuntime","VBSRuntime","cores","ResultingTime"
"s38584_nan_explicit_33_0.wcnf","UWrMaxSat.1.0",16.81,239.008224241168,451.175616193016,23.82,11.94,1,"23.82"
"s38584_nan_explicit_33_0.wcnf","maxino2018",12.91,253.020244616589,487.650694648197,20.36,11.94,2,"20.36"
"s38584_nan_explicit_33_0.wcnf","Open.WBO.g",11.94,280.139511702974,457.972731867425,14.12,11.94,3,"14.12"
"s38584_nan_explicit_33_0.wcnf","Open.WBO.ms.pre",33.15,296.844097709397,590.461882016436,37.83,11.94,4,"37.83"
"s38584_nan_explicit_33_0.wcnf","Open.WBO.ms",109.76,309.240960927461,622.009313999295,151.3,11.94,5,"151.3"
