"InstanceName","Solver","SequentialRuntime","PredictedRuntime","Prediction_StandardError","ParallelRuntime","VBSRuntime","delta","delta_prime","alpha","method_number","orderBy"
"nurikabe_p13.pddl","Delfi1",641.73,647.417174019608,333.737923448762,503.8,641.73,0,0,0,5,"pred"
"nurikabe_p13.pddl","Delfi2",1800,1005.29313235294,555.848231034753,1800,641.73,0,0,0,5,"pred"
"nurikabe_p13.pddl","Complementary1",1800,1288.60869607843,373.527488904195,1800,641.73,0,0,0,5,"pred"
"nurikabe_p13.pddl","FDMS1",1800,1475.66464705882,532.486944538188,1800,641.73,0,0,0,5,"pred"
"nurikabe_p13.pddl","Scorpion",1733.42,1505.98353676471,589.030111457869,1800,641.73,0,0,0,5,"pred"
"nurikabe_p13.pddl","Metis1",1800,1507.25527941176,523.590075620565,1800,641.73,0,0,0,5,"pred"
