"InstanceName","Solver","SequentialRuntime","PredictedRuntime","Prediction_StandardError","ParallelRuntime","VBSRuntime","cores","ResultingTime"
"cnf16p7.wcnf","Open.WBO.ms.pre",91.81,923.133587540258,559.333985240576,104.91,27.88,1,"104.91"
"cnf16p7.wcnf","UWrMaxSat.1.0",33.93,1057.46672561228,551.157895811785,38.21,27.88,5,"38.21"
"cnf16p7.wcnf","Open.WBO.ms",156.35,986.739062323882,627.34183926707,185.03,27.88,2,"185.03"
"cnf16p7.wcnf","Open.WBO.g",71.29,1006.9261537026,648.009087437369,84.88,27.88,3,"84.88"
"cnf16p7.wcnf","maxino2018",36.21,1051.92340077607,659.308438429175,42.68,27.88,4,"42.68"
"cnf16p7.wcnf","QMaxSAT2018",27.88,1123.44215547483,764.404975134393,33.64,27.88,1,"Inf"
"cnf16p7.wcnf","MaxHS",272.11,1387.48822700187,767.212134573911,364.74,27.88,2,"Inf"
