"InstanceName","Solver","SequentialRuntime","PredictedRuntime","Prediction_StandardError","ParallelRuntime","VBSRuntime","delta","delta_prime","alpha","method_number","orderBy"
"caldera_p09.pddl","Metis2",38.03,467.32025245098,641.442533131673,38.33,38.03,0,0,0,5,"pred"
"caldera_p09.pddl","Metis1",47.94,580.89725245098,802.665448587057,48.22,38.03,0,0,0,5,"pred"
"caldera_p09.pddl","Scorpion",553.17,833.584718137255,545.638063973335,563.88,38.03,0,0,0,5,"pred"
"caldera_p09.pddl","Delfi1",48.02,885.625370098039,805.964698180727,49.09,38.03,0,0,0,5,"pred"
"caldera_p09.pddl","FDMS1",1103.61,942.096495098039,625.575758758446,1102.11,38.03,0,0,0,5,"pred"
"caldera_p09.pddl","Complementary2",980.62,1048.7847254902,537.817268266375,1018.45,38.03,0,0,0,5,"pred"
"caldera_p09.pddl","FDMS2",1290.72,1075.7131372549,603.146274589773,1297.92,38.03,0,0,0,5,"pred"
"caldera_p09.pddl","Planning.PDBs",994.95,1174.52052205882,621.716727837279,1032.29,38.03,0,0,0,5,"pred"
