"InstanceName","Solver","SequentialRuntime","PredictedRuntime","Prediction_StandardError","ParallelRuntime","VBSRuntime","delta","delta_prime","alpha","method_number","orderBy"
"snake_p02.pddl","blind",18.4,84.3529852507375,266.59931402038,18.83,18.4,0,0,0,5,"pred"
"snake_p02.pddl","DecStar",388.71,291.518250737463,393.509761658891,389.16,18.4,0,0,0,5,"pred"
"snake_p02.pddl","Scorpion",320.98,402.207365781711,229.046713257583,321.6,18.4,0,0,0,5,"pred"
"snake_p02.pddl","FDMS1",416.69,519.098880530973,304.124780038978,445.31,18.4,0,0,0,5,"pred"
"snake_p02.pddl","Delfi1",289.21,627.0442640118,324.151642954078,293.1,18.4,0,0,0,5,"pred"
"snake_p02.pddl","Metis1",1631.16,836.576067846608,832.336313611937,1800,18.4,0,0,0,5,"pred"
"snake_p02.pddl","Delfi2",1622.75,846.510724188791,781.105838967182,1800,18.4,0,0,0,5,"pred"
"snake_p02.pddl","Metis2",1559.76,887.732396755162,833.628009801736,1548.25,18.4,0,0,0,5,"pred"
"snake_p02.pddl","symbolic.bidirectional",1800,927.026551622419,802.598487233503,1800,18.4,0,0,0,5,"pred"
