"InstanceName","Solver","SequentialRuntime","PredictedRuntime","Prediction_StandardError","ParallelRuntime","VBSRuntime","cores","ResultingTime"
"3col140_5_7shuffledcnf.wcnf","maxino2018",5.56,6.21877906976743,5.01480160549629,5.51,2.85,1,"5.51"
"3col140_5_7shuffledcnf.wcnf","Open.WBO.ms.pre",28.25,127.351434108527,314.693487424883,28.36,2.85,2,"28.36"
"3col140_5_7shuffledcnf.wcnf","QMaxSAT2018",2.85,86.9378100775194,548.493429286603,2.78,2.85,3,"2.78"
"3col140_5_7shuffledcnf.wcnf","Open.WBO.g",14.82,101.909468992248,546.848496076276,14.64,2.85,4,"14.64"
"3col140_5_7shuffledcnf.wcnf","MaxHS",21.29,133.173143410853,541.544537994688,21.32,2.85,5,"21.32"
"3col140_5_7shuffledcnf.wcnf","Open.WBO.ms",31.19,283.337829457364,919.388154065127,31.31,2.85,6,"31.31"
"3col140_5_7shuffledcnf.wcnf","UWrMaxSat.1.0",10.86,328.895465802398,968.193072969997,10.72,2.85,7,"10.72"
