"InstanceName","Solver","SequentialRuntime","PredictedRuntime","Prediction_StandardError","ParallelRuntime","VBSRuntime","cores","ResultingTime"
"atcoss_mesat_06.wcnf","QMaxSAT2018",215.95,2529.57102713178,1231.60913609,332.37,51.59,1,"332.37"
"atcoss_mesat_06.wcnf","Open.WBO.g",241.15,2610.52681395349,1220.12211401649,376.33,51.59,2,"376.33"
"atcoss_mesat_06.wcnf","MaxHS",86.35,2681.4148501292,1240.46752063631,112.19,51.59,3,"112.19"
"atcoss_mesat_06.wcnf","maxino2018",70.79,2981.66400387597,999.593750267354,86.79,51.59,4,"86.79"
"atcoss_mesat_06.wcnf","UWrMaxSat.1.0",51.59,3109.19249612403,877.565661497498,60.22,51.59,5,"60.22"
"atcoss_mesat_06.wcnf","Open.WBO.ms.pre",112.61,2785.90272093023,1271.0811040466,136.4,51.59,6,"136.4"
"atcoss_mesat_06.wcnf","Open.WBO.ms",352.91,3204.03396511628,929.513424497327,561.19,51.59,7,"561.19"
