"InstanceName","Solver","SequentialRuntime","PredictedRuntime","Prediction_StandardError","ParallelRuntime","VBSRuntime","cores","ResultingTime"
"cnf14t7.wcnf","maxino2018",10.74,872.449382146215,512.590586824407,13.71,3.83,1,"13.71"
"cnf14t7.wcnf","Open.WBO.ms.pre",68.81,860.723446273827,579.232588768367,84.91,3.83,2,"84.91"
"cnf14t7.wcnf","Open.WBO.ms",66.58,966.211646072317,485.843504018201,87.25,3.83,3,"87.25"
"cnf14t7.wcnf","UWrMaxSat.1.0",3.83,1000.938204918,512.617969573902,4.62,3.83,4,"4.62"
"cnf14t7.wcnf","Open.WBO.g",10.41,980.141136106401,561.281551648094,13.91,3.83,5,"13.91"
"cnf14t7.wcnf","MaxHS",21.27,1155.00275526038,699.018587534558,36.26,3.83,6,"36.26"
"cnf14t7.wcnf","QMaxSAT2018",8.27,1158.31277301629,730.828517902982,10.81,3.83,7,"10.81"
