"InstanceName","Solver","SequentialRuntime","PredictedRuntime","Prediction_StandardError","ParallelRuntime","VBSRuntime","cores","ResultingTime"
"g3_n52e77_n57e74_n58e75.wcnf","Open.WBO.ms.pre",23.91,552.990665094937,538.470985811483,24.1,10.53,1,"24.1"
"g3_n52e77_n57e74_n58e75.wcnf","Open.WBO.ms",123.33,724.360990730726,543.3343036037,124.3,10.53,2,"124.3"
"g3_n52e77_n57e74_n58e75.wcnf","UWrMaxSat.1.0",29.5,1008.54899269671,824.301971232094,30.28,10.53,3,"30.28"
"g3_n52e77_n57e74_n58e75.wcnf","maxino2018",10.53,1159.12427864114,726.076534767553,10.5,10.53,4,"10.5"
"g3_n52e77_n57e74_n58e75.wcnf","Open.WBO.g",81.33,1084.9507874641,811.645892190282,82.52,10.53,5,"82.52"
"g3_n52e77_n57e74_n58e75.wcnf","MaxHS",3600,1804.08176230363,988.199440904232,3600,10.53,6,"Inf"
"g3_n52e77_n57e74_n58e75.wcnf","QMaxSAT2018",308.63,1734.42324399956,1112.44516158824,318.67,10.53,7,"318.67"
