"InstanceName","Solver","SequentialRuntime","PredictedRuntime","Prediction_StandardError","ParallelRuntime","VBSRuntime","cores","ResultingTime"
"rand179_l2.wcnf","Open.WBO.ms.pre",0.42,222.677489556818,394.479964348523,0.49,0.35,1,"0.49"
"rand179_l2.wcnf","Open.WBO.ms",0.47,251.588193014889,459.261363288716,0.48,0.35,2,"0.48"
"rand179_l2.wcnf","QMaxSAT2018",7.66,237.132003818875,481.988278936964,9.99,0.35,3,"9.99"
"rand179_l2.wcnf","UWrMaxSat.1.0",1.42,315.479209376767,451.479040098778,1.48,0.35,4,"1.48"
"rand179_l2.wcnf","Open.WBO.g",0.35,285.990665125668,494.065786060011,0.36,0.35,5,"0.36"
"rand179_l2.wcnf","MaxHS",1.19,338.735883478099,494.093491324419,1.21,0.35,6,"1.21"
"rand179_l2.wcnf","maxino2018",0.78,375.955782536379,496.422733864769,0.79,0.35,7,"0.79"
