"InstanceName","Solver","SequentialRuntime","PredictedRuntime","Prediction_StandardError","ParallelRuntime","VBSRuntime","cores","ResultingTime"
"rev66-8.wcnf","Open.WBO.ms",50.06,760.361949215634,665.889003550104,50.14,19.5,1,"50.14"
"rev66-8.wcnf","Open.WBO.ms.pre",44.79,852.336138619726,888.693489632768,45.59,19.5,2,"45.59"
"rev66-8.wcnf","UWrMaxSat.1.0",42.99,900.206646230397,849.57717951537,45.53,19.5,3,"45.53"
"rev66-8.wcnf","maxino2018",53.78,977.636396108899,814.843637069281,56.23,19.5,4,"56.23"
"rev66-8.wcnf","QMaxSAT2018",19.5,1114.98993312107,769.009221476096,20.16,19.5,5,"20.16"
"rev66-8.wcnf","MaxHS",3600,1290.11100311237,736.884204561011,3600,19.5,6,"Inf"
"rev66-8.wcnf","Open.WBO.g",36.98,1150.77956871027,984.102224304754,37.22,19.5,7,"37.22"
