"InstanceName","Solver","SequentialRuntime","PredictedRuntime","Prediction_StandardError","ParallelRuntime","VBSRuntime","cores","ResultingTime"
"s38584_nan_explicit_34_0.wcnf","Open.WBO.ms.pre",89.72,344.228978173264,366.354313156928,110.17,18.96,1,"110.17"
"s38584_nan_explicit_34_0.wcnf","UWrMaxSat.1.0",25.22,399.313543318814,461.134965652081,37.25,18.96,2,"37.25"
"s38584_nan_explicit_34_0.wcnf","maxino2018",18.96,472.108672270723,478.560144915168,30.97,18.96,3,"30.97"
"s38584_nan_explicit_34_0.wcnf","Open.WBO.ms",51.76,497.547244314578,535.661069985401,75.98,18.96,4,"75.98"
"s38584_nan_explicit_34_0.wcnf","Open.WBO.g",23.5,586.479280793554,686.364542109845,30.64,18.96,5,"30.64"
"s38584_nan_explicit_34_0.wcnf","QMaxSAT2018",52.68,899.001240246732,690.9188880321,70.32,18.96,6,"70.32"
"s38584_nan_explicit_34_0.wcnf","MaxHS",3600,2032.33311662546,1004.14421012581,3600,18.96,7,"Inf"
