"InstanceName","Solver","SequentialRuntime","PredictedRuntime","Prediction_StandardError","ParallelRuntime","VBSRuntime","cores","ResultingTime"
"san400_05_1clq.wcnf","Open.WBO.ms.pre",978.92,2564.80207575758,1139.29536387883,1050.29,478.04,1,"1050.29"
"san400_05_1clq.wcnf","Open.WBO.ms",3600,3545.95196969697,439.088273876746,3600,478.04,2,"3600"
"san400_05_1clq.wcnf","UWrMaxSat.1.0",3600,3545.65196969697,441.525485398137,3600,478.04,3,"3600"
"san400_05_1clq.wcnf","QMaxSAT2018",3600,3467.65223450723,557.285434997324,3600,478.04,4,"3600"
"san400_05_1clq.wcnf","MaxHS",478.04,3379.09485258838,838.543541062641,485.23,478.04,5,"485.23"
"san400_05_1clq.wcnf","Open.WBO.g",3600,3035.83939690003,1265.19862085574,3600,478.04,6,"3600"
"san400_05_1clq.wcnf","maxino2018",3600,3095.23080808081,1223.94165233769,3600,478.04,7,"3600"
