"InstanceName","Solver","SequentialRuntime","PredictedRuntime","Prediction_StandardError","ParallelRuntime","VBSRuntime","cores","ResultingTime"
"TWComp_celar02_N100.wcnf","Open.WBO.ms.pre",26.92,1456.90478532287,264.299613017685,32.49,0.94,1,"32.49"
"TWComp_celar02_N100.wcnf","UWrMaxSat.1.0",9.22,1571.78398096909,269.118890440139,11.5,0.94,2,"11.5"
"TWComp_celar02_N100.wcnf","Open.WBO.g",1.62,1548.79654703501,310.680526194455,2.1,0.94,3,"2.1"
"TWComp_celar02_N100.wcnf","Open.WBO.ms",38.15,1545.22377620604,319.460126196448,51.66,0.94,4,"51.66"
"TWComp_celar02_N100.wcnf","maxino2018",7.73,1556.8440108787,318.06576409471,9.59,0.94,5,"9.59"
"TWComp_celar02_N100.wcnf","QMaxSAT2018",0.94,1969.63189656229,268.928083695217,1.18,0.94,6,"1.18"
"TWComp_celar02_N100.wcnf","MaxHS",16.69,2105.32950190283,324.647031794924,20.32,0.94,7,"20.32"
