"InstanceName","Solver","SequentialRuntime","PredictedRuntime","Prediction_StandardError","ParallelRuntime","VBSRuntime","cores","ResultingTime"
"TWComp_oesoca+_N67.wcnf","QMaxSAT2018",94.26,1160.42008173202,739.901210102164,107.39,79.29,1,"107.39"
"TWComp_oesoca+_N67.wcnf","maxino2018",79.29,1206.59764561115,837.254125529888,90.28,79.29,2,"90.28"
"TWComp_oesoca+_N67.wcnf","UWrMaxSat.1.0",104.93,1270.88648275076,785.307439515777,115.84,79.29,3,"115.84"
"TWComp_oesoca+_N67.wcnf","Open.WBO.ms",169.99,1251.50463431775,812.185399177831,200.6,79.29,4,"200.6"
"TWComp_oesoca+_N67.wcnf","Open.WBO.ms.pre",87.95,1219.24067659014,900.72532613107,96.81,79.29,5,"96.81"
"TWComp_oesoca+_N67.wcnf","Open.WBO.g",108.61,1318.91630029765,822.297848188421,133.46,79.29,6,"133.46"
"TWComp_oesoca+_N67.wcnf","MaxHS",238.89,2198.84982371787,716.668969666842,192.11,79.29,7,"192.11"
