"InstanceName","Solver","SequentialRuntime","PredictedRuntime","Prediction_StandardError","ParallelRuntime","VBSRuntime","delta","delta_prime","alpha","method_number","orderBy"
"sat/gto_p60c231_1.cnf","Maple_CM_ordUIP.",53.112,97.0914093062604,148.477316787482,64.47,34.945,0,0,0,5,"pred"
"sat/gto_p60c231_1.cnf","expMC_LRB_VSIDS_Switch_2500",34.945,122.825464382403,404.18991570604,39.03,34.945,0,0,0,5,"pred"
"sat/gto_p60c231_1.cnf","Maple_CM_Dist",55.77,142.4367035533,429.282996716258,66.01,34.945,0,0,0,5,"pred"
"sat/gto_p60c231_1.cnf","Maple_LCM.BCrestart",48.74,148.554034433164,397.608004415747,56.37,34.945,0,0,0,5,"pred"
"sat/gto_p60c231_1.cnf","expMC_LRB_VSIDS_Switch",82.268,153.597392470389,269.091209408038,97.63,34.945,0,0,0,5,"pred"
"sat/gto_p60c231_1.cnf","MapleLCMDistChronoBT",53.999,155.804120896785,470.310338662021,62.15,34.945,0,0,0,5,"pred"
"sat/gto_p60c231_1.cnf","Lingeling",73.638,165.303679441624,370.513098578692,85.39,34.945,0,0,0,5,"pred"
"sat/gto_p60c231_1.cnf","Maple_LCM_M1",45.83,169.305878595601,505.348650410424,52.43,34.945,0,0,0,5,"pred"
"sat/gto_p60c231_1.cnf","cms55.main.all4fixed",62.63,215.282929949239,354.585000288689,72.24,34.945,0,0,0,5,"pred"
