"InstanceName","Solver","SequentialRuntime","PredictedRuntime","Prediction_StandardError","ParallelRuntime","VBSRuntime","delta","delta_prime","alpha","method_number","orderBy"
"sat/sted1_0x0-420.cnf","MapleCOMSPS_CHB_VSIDS_drup",5000,4225.14899015152,1671.17550584201,5000,5000,0,0,0,5,"pred"
"sat/sted1_0x0-420.cnf","glu_mix",5000,4313.92668060606,1443.52089309899,5000,5000,0,0,0,5,"pred"
"sat/sted1_0x0-420.cnf","glucose.3.0_PADC_3",5000,4319.63022015152,1507.25303368922,5000,5000,0,0,0,5,"pred"
"sat/sted1_0x0-420.cnf","GHackCOMSPS_drup",5000,4359.71371727273,1558.69379972371,5000,5000,0,0,0,5,"pred"
"sat/sted1_0x0-420.cnf","cms55.main.all4fixed",5000,4360.68565393939,1461.39951694751,5000,5000,0,0,0,5,"pred"
"sat/sted1_0x0-420.cnf","CaDiCaL",5000,4363.33200848485,1489.27603920797,5000,5000,0,0,0,5,"pred"
"sat/sted1_0x0-420.cnf","MapleCOMSPS_LRB_VSIDS_drup",5000,4373.69506818182,1522.00853004628,5000,5000,0,0,0,5,"pred"
"sat/sted1_0x0-420.cnf","Maple_LCM.BCrestart",5000,4381.06507439394,1511.55565635731,5000,5000,0,0,0,5,"pred"
