"InstanceName","Solver","SequentialRuntime","PredictedRuntime","Prediction_StandardError","ParallelRuntime","VBSRuntime","delta","delta_prime","alpha","method_number","orderBy"
"g2_n45e48_n47e54.wcnf","UWrMaxSat.1.0",64.6,1385.07342290513,1138.79087092725,65.21,33.19,0,0,0,0,"pred"
"g2_n45e48_n47e54.wcnf","Open.WBO.ms.pre",46.54,1403.30543580865,1267.45800205464,46.08,33.19,0,0,0,0,"pred"
"g2_n45e48_n47e54.wcnf","Open.WBO.ms",33.19,1670.66947634257,1228.02717254989,33.31,33.19,0,0,0,0,"pred"
"g2_n45e48_n47e54.wcnf","maxino2018",173.88,1790.30965008485,1193.41074958841,177.73,33.19,0,0,0,0,"pred"
"g2_n45e48_n47e54.wcnf","QMaxSAT2018",227.25,2093.84468971642,1145.10674615445,229.42,33.19,0,0,0,0,"pred"
