"InstanceName","Solver","SequentialRuntime","PredictedRuntime","Prediction_StandardError","ParallelRuntime","VBSRuntime","delta","delta_prime","alpha","method_number","orderBy"
"g8_n44e59_n44e58_n47e63_n58e76_n67e94_n75e107_n123e161_n133e175.wcnf","UWrMaxSat.1.0",10.03,1647.45841342515,947.571651848384,10.19,10.03,0,0,0,0,"pred"
"g8_n44e59_n44e58_n47e63_n58e76_n67e94_n75e107_n123e161_n133e175.wcnf","Open.WBO.ms.pre",29.22,1676.96824921649,999.101250886636,29.49,10.03,0,0,0,0,"pred"
"g8_n44e59_n44e58_n47e63_n58e76_n67e94_n75e107_n123e161_n133e175.wcnf","Open.WBO.ms",18.42,1731.76902050257,955.191368864228,18.82,10.03,0,0,0,0,"pred"
"g8_n44e59_n44e58_n47e63_n58e76_n67e94_n75e107_n123e161_n133e175.wcnf","maxino2018",10.68,1776.08923486388,938.181611452179,10.82,10.03,0,0,0,0,"pred"
"g8_n44e59_n44e58_n47e63_n58e76_n67e94_n75e107_n123e161_n133e175.wcnf","Open.WBO.g",15.58,1843.69278683674,901.860814654856,15.98,10.03,0,0,0,0,"pred"
