"InstanceName","Solver","SequentialRuntime","PredictedRuntime","Prediction_StandardError","ParallelRuntime","VBSRuntime","delta","delta_prime","alpha","method_number","orderBy"
"rev66-32.wcnf","UWrMaxSat.1.0",3600,1088.72153060728,567.113818230441,3600,3600,0,0,0,0,"pred"
"rev66-32.wcnf","MaxHS",3600,1117.78833644069,625.508464232088,3600,3600,0,0,0,0,"pred"
"rev66-32.wcnf","Open.WBO.ms.pre",3600,1211.31901382697,687.989512961973,3600,3600,0,0,0,0,"pred"
"rev66-32.wcnf","maxino2018",3600,1222.22733814133,586.493684954159,3600,3600,0,0,0,0,"pred"
"rev66-32.wcnf","Open.WBO.ms",3600,1409.49337834893,707.767245321178,3600,3600,0,0,0,0,"pred"
