"InstanceName","Solver","SequentialRuntime","PredictedRuntime","Prediction_StandardError","ParallelRuntime","VBSRuntime","cores","ResultingTime"
"g2_n38e52_n53e67.wcnf","Open.WBO.ms.pre",13.28,982.605675284387,667.71114726765,13.28,11.07,1,"13.28"
"g2_n38e52_n53e67.wcnf","Open.WBO.ms",24.02,1199.99926143606,681.409607206999,24.02,11.07,1,"Inf"
"g2_n38e52_n53e67.wcnf","UWrMaxSat.1.0",11.07,1291.36966464674,837.731188212215,11.07,11.07,1,"Inf"
"g2_n38e52_n53e67.wcnf","maxino2018",54.13,1367.59377452486,778.787518353652,54.13,11.07,1,"Inf"
"g2_n38e52_n53e67.wcnf","MaxHS",3600,1655.40375115382,833.970242657336,3600,11.07,1,"Inf"
"g2_n38e52_n53e67.wcnf","Open.WBO.g",19.09,1601.60463019514,907.284932841922,19.09,11.07,1,"Inf"
"g2_n38e52_n53e67.wcnf","QMaxSAT2018",54.19,1849.19169053396,824.482550922505,54.19,11.07,1,"Inf"
