"InstanceName","Solver","SequentialRuntime","PredictedRuntime","Prediction_StandardError","ParallelRuntime","VBSRuntime","delta","delta_prime","alpha","method_number","orderBy"
"UCG-15-10p0.cnf","MPhaseSAT64",292.07,595.520280092593,1124.32361609114,305.78,134.82,0,0,0,5,"pred"
"UCG-15-10p0.cnf","glueminisat.2.2.5",205.6,642.515445601852,1060.92442385133,279.24,134.82,0,0,0,5,"pred"
"UCG-15-10p0.cnf","lingeling.587f.4882048.110513",134.82,669.570349537037,1213.03153990745,143.93,134.82,0,0,0,5,"pred"
"UCG-15-10p0.cnf","SAT09referencesolverprecosat_236",192.78,711.900170138889,1233.06625023362,239.23,134.82,0,0,0,5,"pred"
"UCG-15-10p0.cnf","minisathackEBMiniSAT_2011.03.02",191.94,714.262869212963,1269.16793450841,273.91,134.82,0,0,0,5,"pred"
