"InstanceName","Solver","SequentialRuntime","PredictedRuntime","Prediction_StandardError","ParallelRuntime","VBSRuntime","delta","delta_prime","alpha","method_number","orderBy"
"agricola_p11.pddl","symbolic.bidirectional",286.59,323.150066666667,200.922600648081,344.38,286.59,0,0,0,0,"pred"
"agricola_p11.pddl","Delfi2",376.8,845.658541666667,501.658140327467,410.1,286.59,0,0,0,0,"pred"
"agricola_p11.pddl","Delfi1",298.97,884.181925,413.506962739983,336.58,286.59,0,0,0,0,"pred"
"agricola_p11.pddl","FDMS2",674.71,999.167683333333,560.084199203266,782.47,286.59,0,0,0,0,"pred"
"agricola_p11.pddl","Complementary1",1800,1295.288175,246.787713837818,1800,286.59,0,0,0,0,"pred"
"agricola_p11.pddl","FDMS1",1339.04,1661.1845,427.280725401623,1800,286.59,0,0,0,0,"pred"
"agricola_p11.pddl","Planning.PDBs",1800,1682.24568333333,197.08301985003,1800,286.59,0,0,0,0,"pred"
"agricola_p11.pddl","blind",1800,1779.2461,92.8142623964658,1800,286.59,0,0,0,0,"pred"
"agricola_p11.pddl","Complementary2",1800,1781.3158,70.3531029859193,1800,286.59,0,0,0,0,"pred"
