"InstanceName","Solver","SequentialRuntime","PredictedRuntime","Prediction_StandardError","ParallelRuntime","VBSRuntime","delta","delta_prime","alpha","method_number","orderBy"
"caldera_p02.pddl","Metis2",0.33,8.7874839572192,86.6736810219992,0.33,0.29,0,0,0,0,"pred"
"caldera_p02.pddl","Delfi1",1.37,10.5110748663101,71.5932479210383,1.47,0.29,0,0,0,0,"pred"
"caldera_p02.pddl","Metis1",0.3,13.8320356506239,139.541844509949,0.35,0.29,0,0,0,0,"pred"
"caldera_p02.pddl","FDMS2",2.11,16.4368609625668,58.8626307535678,2.11,0.29,0,0,0,0,"pred"
"caldera_p02.pddl","Symple.1",3.86,21.0475204991087,91.0581834096607,4.91,0.29,0,0,0,0,"pred"
"caldera_p02.pddl","symbolic.bidirectional",1.1,25.4630855614974,186.981667388421,1.14,0.29,0,0,0,0,"pred"
"caldera_p02.pddl","Delfi2",2.74,26.4442923351159,123.119212861362,2.84,0.29,0,0,0,0,"pred"
"caldera_p02.pddl","Complementary1",1.95,27.7147789661319,127.033790098131,1.9,0.29,0,0,0,0,"pred"
"caldera_p02.pddl","Symple.2",4.06,39.8726622103387,165.10678351737,4.65,0.29,0,0,0,0,"pred"
