"InstanceName","Solver","SequentialRuntime","PredictedRuntime","Prediction_StandardError","ParallelRuntime","VBSRuntime","delta","delta_prime","alpha","method_number","orderBy"
"data-network_p06.pddl","Delfi1",62.39,618.632122410546,809.529376264637,68.4,52.84,0,0,0,0,"pred"
"data-network_p06.pddl","DecStar",1800,667.928811676083,808.989553271022,1800,52.84,0,0,0,0,"pred"
"data-network_p06.pddl","Metis1",1800,688.268845574388,813.766926120447,1800,52.84,0,0,0,0,"pred"
"data-network_p06.pddl","Delfi2",52.84,698.942743879473,818.55533321349,65.6,52.84,0,0,0,0,"pred"
"data-network_p06.pddl","symbolic.bidirectional",82.06,771.3279086629,845.177297232839,103.6,52.84,0,0,0,0,"pred"
"data-network_p06.pddl","Metis2",1800,779.442024482109,831.793278338955,1800,52.84,0,0,0,0,"pred"
"data-network_p06.pddl","FDMS1",1800,836.645214689265,825.26923633999,1800,52.84,0,0,0,0,"pred"
"data-network_p06.pddl","Complementary2",916.81,1005.54562806026,576.514758711919,913.15,52.84,0,0,0,0,"pred"
"data-network_p06.pddl","Scorpion",344.51,1029.70277589454,750.793103604449,360.7,52.84,0,0,0,0,"pred"
