"InstanceName","Solver","SequentialRuntime","PredictedRuntime","Prediction_StandardError","ParallelRuntime","VBSRuntime","delta","delta_prime","alpha","method_number","orderBy"
"nurikabe_p08.pddl","blind",1.81,110.271732931727,395.772686883772,1.83,1.81,0,0,0,0,"pred"
"nurikabe_p08.pddl","Delfi2",25.09,137.06250502008,366.059652807974,28.81,1.81,0,0,0,0,"pred"
"nurikabe_p08.pddl","Delfi1",3.05,177.113569277108,445.366114959362,3.14,1.81,0,0,0,0,"pred"
"nurikabe_p08.pddl","symbolic.bidirectional",2.78,230.250700803213,499.369753993066,3.03,1.81,0,0,0,0,"pred"
"nurikabe_p08.pddl","DecStar",6.61,236.557107429719,471.050424169769,7.3,1.81,0,0,0,0,"pred"
"nurikabe_p08.pddl","Metis2",2.05,253.239941767068,577.740474565986,2.06,1.81,0,0,0,0,"pred"
"nurikabe_p08.pddl","Metis1",1.96,278.962046184739,625.755994865233,1.96,1.81,0,0,0,0,"pred"
"nurikabe_p08.pddl","FDMS1",3.25,307.052267068273,555.660123834649,3.31,1.81,0,0,0,0,"pred"
"nurikabe_p08.pddl","Scorpion",201.75,387.843715863454,437.137349176644,201.8,1.81,0,0,0,0,"pred"
