"InstanceName","Solver","SequentialRuntime","PredictedRuntime","Prediction_StandardError","ParallelRuntime","VBSRuntime","delta","delta_prime","alpha","method_number","orderBy"
"nurikabe_p12.pddl","Delfi1",494.43,396.321065062389,398.869248192985,496.86,228.65,0,0,0,0,"pred"
"nurikabe_p12.pddl","Scorpion",228.65,839.75957486631,714.32377209013,228.83,228.65,0,0,0,0,"pred"
"nurikabe_p12.pddl","blind",244.89,897.418691622103,691.533380529751,1800,228.65,0,0,0,0,"pred"
"nurikabe_p12.pddl","Metis1",456.12,1045.69509893048,613.619411833437,437.79,228.65,0,0,0,0,"pred"
"nurikabe_p12.pddl","Delfi2",484.05,1047.91394919786,615.116330328619,566.84,228.65,0,0,0,0,"pred"
"nurikabe_p12.pddl","Complementary1",572.43,1059.47743850267,427.80175358404,1800,228.65,0,0,0,0,"pred"
"nurikabe_p12.pddl","FDMS1",304.51,1073.88948930481,584.643048077349,312.87,228.65,0,0,0,0,"pred"
"nurikabe_p12.pddl","Complementary2",569.93,1154.84773529412,475.387701322548,1800,228.65,0,0,0,0,"pred"
"nurikabe_p12.pddl","Planning.PDBs",571.5,1165.62785026738,479.612115659409,1800,228.65,0,0,0,0,"pred"
