"InstanceName","Solver","SequentialRuntime","PredictedRuntime","Prediction_StandardError","ParallelRuntime","VBSRuntime","delta","delta_prime","alpha","method_number","orderBy"
"settlers_p07.pddl","Scorpion",1800,1116.1434468911,559.422134274686,1800,1800,0,0,0,0,"pred"
"settlers_p07.pddl","Delfi2",1800,1418.78702214708,561.638236077223,1800,1800,0,0,0,0,"pred"
"settlers_p07.pddl","symbolic.bidirectional",1800,1480.13077867173,530.574279616292,1800,1800,0,0,0,0,"pred"
"settlers_p07.pddl","Delfi1",1800,1483.09029573568,545.32260179078,1800,1800,0,0,0,0,"pred"
"settlers_p07.pddl","Metis1",1800,1487.51780541285,520.166742919257,1800,1800,0,0,0,0,"pred"
"settlers_p07.pddl","blind",1800,1546.88289895954,506.274476499718,1800,1800,0,0,0,0,"pred"
"settlers_p07.pddl","FDMS1",1800,1568.77984309453,385.085758891082,1800,1800,0,0,0,0,"pred"
"settlers_p07.pddl","Complementary2",1800,1576.71565787882,324.036691185882,1800,1800,0,0,0,0,"pred"
"settlers_p07.pddl","Planning.PDBs",1800,1591.11477500821,276.627387068836,1800,1800,0,0,0,0,"pred"
