"InstanceName","Solver","SequentialRuntime","PredictedRuntime","Prediction_StandardError","ParallelRuntime","VBSRuntime","delta","delta_prime","alpha","method_number","orderBy"
"snake_p04.pddl","blind",2,60.675236346516,282.381246560449,2.1,2,0,0,0,0,"pred"
"snake_p04.pddl","DecStar",6.21,168.942174199623,333.222076450564,6.32,2,0,0,0,0,"pred"
"snake_p04.pddl","Metis1",4.41,181.16524952919,400.949345846077,4.47,2,0,0,0,0,"pred"
"snake_p04.pddl","Metis2",4.34,192.933760828625,430.011552344946,4.45,2,0,0,0,0,"pred"
"snake_p04.pddl","Delfi2",90.98,322.705083131558,455.632047096604,117.35,2,0,0,0,0,"pred"
"snake_p04.pddl","Scorpion",314.33,330.467327683616,144.675147598745,313.26,2,0,0,0,0,"pred"
"snake_p04.pddl","symbolic.bidirectional",76.03,347.712531073446,517.082323066283,76.94,2,0,0,0,0,"pred"
"snake_p04.pddl","FDMS1",295.57,424.506491525424,311.537765461237,305.88,2,0,0,0,0,"pred"
"snake_p04.pddl","Planning.PDBs",962.22,631.836785310734,345.551279854244,1800,2,0,0,0,0,"pred"
