"InstanceName","Solver","SequentialRuntime","PredictedRuntime","Prediction_StandardError","ParallelRuntime","VBSRuntime","delta","delta_prime","alpha","method_number","orderBy"
"snake_p18.pddl","Delfi2",425.27,872.798920138889,461.400573375227,1091.95,425.27,0,0,0,0,"pred"
"snake_p18.pddl","blind",1800,1551.21281944444,477.828881652265,1800,425.27,0,0,0,0,"pred"
"snake_p18.pddl","Delfi1",1800,1557.25133333333,440.058889501841,1800,425.27,0,0,0,0,"pred"
"snake_p18.pddl","Scorpion",1800,1557.67075694444,439.500268247022,1800,425.27,0,0,0,0,"pred"
"snake_p18.pddl","DecStar",1800,1655.45801388889,349.579143448785,1800,425.27,0,0,0,0,"pred"
"snake_p18.pddl","Complementary2",1800,1675.35887152778,313.90121875289,1800,425.27,0,0,0,0,"pred"
"snake_p18.pddl","Complementary1",1800,1695.99369791667,279.976155962598,1800,425.27,0,0,0,0,"pred"
"snake_p18.pddl","FDMS2",1800,1715.76180902778,229.030955925839,1800,425.27,0,0,0,0,"pred"
"snake_p18.pddl","Metis2",1800,1733.63758333333,299.986846472197,1800,425.27,0,0,0,0,"pred"
