"InstanceName","Solver","SequentialRuntime","PredictedRuntime","Prediction_StandardError","ParallelRuntime","VBSRuntime","delta","delta_prime","alpha","method_number","orderBy"
"spider_p05.pddl","Scorpion",438.62,711.30752228164,465.073215378947,441.24,438.62,0,0,0,0,"pred"
"spider_p05.pddl","blind",1800,1645.79505614973,466.781046234014,1800,438.62,0,0,0,0,"pred"
"spider_p05.pddl","Metis2",1800,1663.71256417112,393.770635899707,1800,438.62,0,0,0,0,"pred"
"spider_p05.pddl","Metis1",1800,1703.26892780749,314.11499879017,1800,438.62,0,0,0,0,"pred"
"spider_p05.pddl","DecStar",730.79,1704.70595989305,328.797126026089,1800,438.62,0,0,0,0,"pred"
"spider_p05.pddl","Delfi2",1800,1716.79511586453,229.078137934443,1800,438.62,0,0,0,0,"pred"
"spider_p05.pddl","FDMS2",1800,1733.67007308378,256.996302768393,1800,438.62,0,0,0,0,"pred"
"spider_p05.pddl","Complementary2",1644.83,1740.29790819964,210.811685281562,1800,438.62,0,0,0,0,"pred"
"spider_p05.pddl","Delfi1",1800,1757.13052762923,152.965008787642,1800,438.62,0,0,0,0,"pred"
