"InstanceName","Solver","SequentialRuntime","PredictedRuntime","Prediction_StandardError","ParallelRuntime","VBSRuntime","delta","delta_prime","alpha","method_number","orderBy"
"spider_p14.pddl","symbolic.bidirectional",33.49,94.4663200589971,330.651491539388,38.22,1.31,0,0,0,0,"pred"
"spider_p14.pddl","blind",1.31,125.855914454277,429.969420453356,1.37,1.31,0,0,0,0,"pred"
"spider_p14.pddl","Metis1",4.81,132.531483775811,421.595341494751,4.77,1.31,0,0,0,0,"pred"
"spider_p14.pddl","DecStar",5.35,158.868933628319,467.338951027529,5.2,1.31,0,0,0,0,"pred"
"spider_p14.pddl","Delfi2",7.06,181.872159292035,484.168061733725,11.73,1.31,0,0,0,0,"pred"
"spider_p14.pddl","Metis2",5.05,333.065036873157,665.776314601177,4.98,1.31,0,0,0,0,"pred"
"spider_p14.pddl","Scorpion",211.21,379.82897640118,437.693724615631,211.36,1.31,0,0,0,0,"pred"
"spider_p14.pddl","FDMS1",441.8,542.136407079646,432.164162329883,457.23,1.31,0,0,0,0,"pred"
"spider_p14.pddl","Delfi1",1001.35,840.742002949853,296.409675847668,921.04,1.31,0,0,0,0,"pred"
