"InstanceName","Solver","SequentialRuntime","PredictedRuntime","Prediction_StandardError","ParallelRuntime","VBSRuntime","delta","delta_prime","alpha","method_number","orderBy"
"termes_p05.pddl","Delfi2",28.57,114.374885057471,96.7974000335247,42.9,26.22,0,0,0,0,"pred"
"termes_p05.pddl","symbolic.bidirectional",26.22,163.100396551724,225.882952839248,30.17,26.22,0,0,0,0,"pred"
"termes_p05.pddl","Delfi1",430.15,306.076350574713,165.180448780046,1800,26.22,0,0,0,0,"pred"
"termes_p05.pddl","Complementary2",939.97,877.419879310345,434.422224899159,956.67,26.22,0,0,0,0,"pred"
"termes_p05.pddl","Planning.PDBs",917.25,907.912436781609,360.308143971341,913.73,26.22,0,0,0,0,"pred"
"termes_p05.pddl","Complementary1",1103.36,1081.66988505747,481.530461586713,1141.59,26.22,0,0,0,0,"pred"
"termes_p05.pddl","Scorpion",671.91,1091.24624712644,533.682903154605,1800,26.22,0,0,0,0,"pred"
"termes_p05.pddl","blind",1571.81,1529.81977011494,604.078157442521,1800,26.22,0,0,0,0,"pred"
"termes_p05.pddl","FDMS1",1800,1541.83965517241,623.823861481306,1800,26.22,0,0,0,0,"pred"
