"InstanceName","Solver","SequentialRuntime","PredictedRuntime","Prediction_StandardError","ParallelRuntime","VBSRuntime","delta","delta_prime","alpha","method_number","orderBy"
"sat/gto_p60c234.cnf","Maple_CM_Dist",107.187,182.435476019185,461.261695882518,121.37,86.948,0,0,0,5,"pred"
"sat/gto_p60c234.cnf","MapleLCMDistChronoBT",105.593,208.284070383693,564.376809471342,124.82,86.948,0,0,0,5,"pred"
"sat/gto_p60c234.cnf","Maple_LCM_Scavel_fix2",118.274,249.476231654676,714.16984042361,135.44,86.948,0,0,0,5,"pred"
"sat/gto_p60c234.cnf","Maple_CM",113.553,260.915787769784,823.981234630328,133.24,86.948,0,0,0,5,"pred"
"sat/gto_p60c234.cnf","Maple_LCM.BCrestart",98.504,284.010264388489,790.641965650596,111.37,86.948,0,0,0,5,"pred"
"sat/gto_p60c234.cnf","expMC_LRB_VSIDS_Switch_2500",86.948,319.433259472422,1033.90051300846,103.34,86.948,0,0,0,5,"pred"
"sat/gto_p60c234.cnf","smallsat",152.27,347.500599760192,995.967899037926,173.3,86.948,0,0,0,5,"pred"
"sat/gto_p60c234.cnf","Maple_LCM_Scavel_200_fix2",101.739,354.320041127098,1012.82683556477,113.95,86.948,0,0,0,5,"pred"
"sat/gto_p60c234.cnf","glu_mix",135.128,367.433945923261,1035.09974888222,162.6,86.948,0,0,0,5,"pred"
