"InstanceName","Solver","SequentialRuntime","PredictedRuntime","Prediction_StandardError","ParallelRuntime","VBSRuntime","cores","ResultingTime"
"3col140_5_7shuffledcnf.wcnf","maxino2018",5.56,6.21877906976743,5.01480160549629,5.57,2.85,1,"5.57"
"3col140_5_7shuffledcnf.wcnf","Open.WBO.ms.pre",28.25,127.351434108527,314.693487424883,28.25,2.85,2,"28.25"
"3col140_5_7shuffledcnf.wcnf","QMaxSAT2018",2.85,86.9378100775194,548.493429286603,2.79,2.85,3,"2.79"
"3col140_5_7shuffledcnf.wcnf","Open.WBO.g",14.82,101.909468992248,546.848496076276,14.92,2.85,4,"14.92"
"3col140_5_7shuffledcnf.wcnf","MaxHS",21.29,133.173143410853,541.544537994688,21.3,2.85,1,"Inf"
"3col140_5_7shuffledcnf.wcnf","Open.WBO.ms",31.19,283.337829457364,919.388154065127,31.25,2.85,2,"Inf"
"3col140_5_7shuffledcnf.wcnf","UWrMaxSat.1.0",10.86,328.895465802398,968.193072969997,10.7,2.85,3,"Inf"
