"InstanceName","Solver","SequentialRuntime","PredictedRuntime","Prediction_StandardError","ParallelRuntime","VBSRuntime","cores","ResultingTime"
"AES1-30-5.wcnf","maxino2018",0.69,172.501663326614,452.06944672132,0.68,0.69,1,"0.68"
"AES1-30-5.wcnf","Open.WBO.ms.pre",25.4,212.755437400462,471.004689016703,28.59,0.69,2,"28.59"
"AES1-30-5.wcnf","Open.WBO.ms",25.5,274.500862116882,518.151415948702,28.83,0.69,3,"28.83"
"AES1-30-5.wcnf","Open.WBO.g",15.19,276.387788206803,516.418023813577,17.2,0.69,4,"17.2"
"AES1-30-5.wcnf","MaxHS",2.39,440.896281666022,590.66322879392,2.41,0.69,1,"Inf"
"AES1-30-5.wcnf","UWrMaxSat.1.0",1.23,367.589198636105,697.820573171656,1.27,0.69,2,"Inf"
"AES1-30-5.wcnf","QMaxSAT2018",216.91,2838.99380389121,734.461970836192,250.34,0.69,3,"Inf"
