"InstanceName","Solver","SequentialRuntime","PredictedRuntime","Prediction_StandardError","ParallelRuntime","VBSRuntime","cores","ResultingTime"
"b21_C-mbd14-0217.wcnf","MaxHS",19.02,776.037500718604,1015.42065930566,48.81,0.36,1,"48.81"
"b21_C-mbd14-0217.wcnf","Open.WBO.g",1.24,759.955735942293,1234.80329252949,1.28,0.36,2,"1.28"
"b21_C-mbd14-0217.wcnf","QMaxSAT2018",17.59,866.311557371972,1242.96475977699,17.77,0.36,3,"17.77"
"b21_C-mbd14-0217.wcnf","Open.WBO.ms.pre",16.88,846.44371641079,1308.01977952811,17.27,0.36,4,"17.27"
"b21_C-mbd14-0217.wcnf","maxino2018",0.36,876.175583347895,1315.66152845545,0.37,0.36,1,"Inf"
"b21_C-mbd14-0217.wcnf","Open.WBO.ms",14.3,865.996245097802,1340.2129819738,14.89,0.36,2,"Inf"
"b21_C-mbd14-0217.wcnf","UWrMaxSat.1.0",0.88,1155.44456586965,1450.61633484515,0.9,0.36,3,"Inf"
