"InstanceName","Solver","SequentialRuntime","PredictedRuntime","Prediction_StandardError","ParallelRuntime","VBSRuntime","cores","ResultingTime"
"cnf10p8.wcnf","maxino2018",68.64,1264.50768328568,1113.97090298244,73.35,14.69,1,"73.35"
"cnf10p8.wcnf","UWrMaxSat.1.0",14.69,1202.25172799196,1176.51134450088,16.24,14.69,2,"16.24"
"cnf10p8.wcnf","Open.WBO.ms.pre",91.75,1335.24268974642,1272.20273271341,99.55,14.69,3,"99.55"
"cnf10p8.wcnf","Open.WBO.g",29,1437.11887215034,1277.03341780324,32.96,14.69,4,"32.96"
"cnf10p8.wcnf","Open.WBO.ms",135.48,1474.08024338907,1242.67085870183,148.85,14.69,1,"Inf"
"cnf10p8.wcnf","MaxHS",244.93,1524.56886783797,1260.36053606346,353.47,14.69,2,"Inf"
"cnf10p8.wcnf","QMaxSAT2018",21.79,1802.54958372005,1363.17071466791,24.57,14.69,3,"Inf"
