"InstanceName","Solver","SequentialRuntime","PredictedRuntime","Prediction_StandardError","ParallelRuntime","VBSRuntime","cores","ResultingTime"
"cnf20p7.wcnf","Open.WBO.ms.pre",121.6,736.262581190857,670.196193273062,133.62,93.9,1,"133.62"
"cnf20p7.wcnf","Open.WBO.g",223.28,847.375444383005,656.897655590948,243.94,93.9,2,"243.94"
"cnf20p7.wcnf","UWrMaxSat.1.0",372.65,829.506596510453,678.063566320735,416.47,93.9,3,"416.47"
"cnf20p7.wcnf","Open.WBO.ms",122.82,1040.37041499664,648.392509897314,140.22,93.9,4,"140.22"
"cnf20p7.wcnf","QMaxSAT2018",239.4,1023.69366140557,672.425496810683,280.03,93.9,1,"Inf"
"cnf20p7.wcnf","maxino2018",93.9,1058.84115237333,708.472403592582,102.41,93.9,2,"Inf"
"cnf20p7.wcnf","MaxHS",559.11,1459.90310377606,859.170105462109,605.85,93.9,3,"Inf"
