"InstanceName","Solver","SequentialRuntime","PredictedRuntime","Prediction_StandardError","ParallelRuntime","VBSRuntime","cores","ResultingTime"
"cnf_12_center.wcnf","Open.WBO.ms.pre",109.6,424.257321077569,552.118761489306,113.45,22.09,1,"113.45"
"cnf_12_center.wcnf","Open.WBO.ms",322.75,516.76828318682,611.433336238792,356.41,22.09,2,"356.41"
"cnf_12_center.wcnf","UWrMaxSat.1.0",22.09,577.88432037307,1040.36611229898,23.12,22.09,3,"23.12"
"cnf_12_center.wcnf","maxino2018",43.1,666.499560726387,1103.61061293559,46.73,22.09,4,"46.73"
"cnf_12_center.wcnf","Open.WBO.g",235.64,947.391740698495,1249.93603339364,257.14,22.09,1,"Inf"
"cnf_12_center.wcnf","MaxHS",1535.43,1410.83787567504,1341.04848614037,2406.96,22.09,2,"Inf"
"cnf_12_center.wcnf","QMaxSAT2018",208.42,2067.43838522289,1337.9468486465,232.33,22.09,3,"Inf"
