"InstanceName","Solver","SequentialRuntime","PredictedRuntime","Prediction_StandardError","ParallelRuntime","VBSRuntime","cores","ResultingTime"
"ff4a1d84-d490-11df-9e6c-00163e3d3b7c_l3.wcnf","Open.WBO.ms.pre",8.92,483.832674499895,511.528348864245,0.07,1.27,1,"0.07"
"ff4a1d84-d490-11df-9e6c-00163e3d3b7c_l3.wcnf","UWrMaxSat.1.0",1.27,530.659881389974,496.421867003454,1.28,1.27,2,"1.28"
"ff4a1d84-d490-11df-9e6c-00163e3d3b7c_l3.wcnf","Open.WBO.ms",10.88,556.025751472259,533.218512084089,11.26,1.27,3,"11.26"
"ff4a1d84-d490-11df-9e6c-00163e3d3b7c_l3.wcnf","maxino2018",5.32,533.01535975132,634.590510092759,5.4,1.27,4,"5.4"
"ff4a1d84-d490-11df-9e6c-00163e3d3b7c_l3.wcnf","Open.WBO.g",2.92,570.204053173593,626.766688277392,0.61,1.27,1,"Inf"
"ff4a1d84-d490-11df-9e6c-00163e3d3b7c_l3.wcnf","MaxHS",3.63,604.648091667465,598.734131175939,3.74,1.27,2,"Inf"
"ff4a1d84-d490-11df-9e6c-00163e3d3b7c_l3.wcnf","QMaxSAT2018",4.15,868.060316059843,924.300867359241,4.3,1.27,3,"Inf"
