"InstanceName","Solver","SequentialRuntime","PredictedRuntime","Prediction_StandardError","ParallelRuntime","VBSRuntime","cores","ResultingTime"
"g3_n67e86_n89e98_n130e150.wcnf","UWrMaxSat.1.0",2.54,872.649018629409,416.39275368311,2.53,2.54,1,"2.53"
"g3_n67e86_n89e98_n130e150.wcnf","Open.WBO.ms.pre",60.97,828.642552735188,538.061032313344,62.05,2.54,2,"62.05"
"g3_n67e86_n89e98_n130e150.wcnf","maxino2018",8.57,915.396761069644,453.790653064988,8.67,2.54,3,"8.67"
"g3_n67e86_n89e98_n130e150.wcnf","MaxHS",572.31,1057.59406786414,449.452025789787,456.75,2.54,4,"456.75"
"g3_n67e86_n89e98_n130e150.wcnf","Open.WBO.ms",133.95,1008.64137013127,620.050873590102,136.11,2.54,1,"Inf"
"g3_n67e86_n89e98_n130e150.wcnf","Open.WBO.g",280.34,1196.44073911032,529.998471221406,291.77,2.54,2,"Inf"
"g3_n67e86_n89e98_n130e150.wcnf","QMaxSAT2018",3600,1566.45471354815,815.018270232339,3600,2.54,3,"Inf"
