"InstanceName","Solver","SequentialRuntime","PredictedRuntime","Prediction_StandardError","ParallelRuntime","VBSRuntime","cores","ResultingTime"
"mul_8_13.wcnf","MaxHS",3600,2287.38298699235,1054.82559933981,3600,3600,1,"Inf"
"mul_8_13.wcnf","QMaxSAT2018",3600,2508.51565495943,1130.30173238007,3600,3600,2,"3600"
"mul_8_13.wcnf","UWrMaxSat.1.0",3600,2467.530132844,1196.40500068902,3600,3600,3,"3600"
"mul_8_13.wcnf","Open.WBO.ms",3600,2454.67782777995,1213.99295985982,3600,3600,4,"3600"
"mul_8_13.wcnf","maxino2018",3600,2654.09803217977,1022.59492018179,3600,3600,1,"Inf"
"mul_8_13.wcnf","Open.WBO.g",3600,2629.31802176463,1089.09392110771,3600,3600,2,"Inf"
"mul_8_13.wcnf","Open.WBO.ms.pre",3600,2581.19883126505,1168.52113854044,3600,3600,3,"Inf"
