"InstanceName","Solver","SequentialRuntime","PredictedRuntime","Prediction_StandardError","ParallelRuntime","VBSRuntime","cores","ResultingTime"
"rand984_l2.wcnf","Open.WBO.ms",0.35,691.225936126126,524.645632432051,0.36,0.3,1,"0.36"
"rand984_l2.wcnf","UWrMaxSat.1.0",1.22,823.947516380021,406.490701073136,1.25,0.3,2,"1.25"
"rand984_l2.wcnf","Open.WBO.ms.pre",0.39,650.846993929406,597.101751747069,0.4,0.3,3,"0.4"
"rand984_l2.wcnf","MaxHS",1.14,984.503051307789,412.419597473666,1.16,0.3,4,"1.16"
"rand984_l2.wcnf","QMaxSAT2018",4.91,738.260770421902,665.749147869228,5.58,0.3,1,"Inf"
"rand984_l2.wcnf","maxino2018",0.67,1010.16640752738,444.624778841452,0.67,0.3,2,"Inf"
"rand984_l2.wcnf","Open.WBO.g",0.3,892.401756081806,569.258777684313,0.3,0.3,3,"Inf"
