"InstanceName","Solver","SequentialRuntime","PredictedRuntime","Prediction_StandardError","ParallelRuntime","VBSRuntime","cores","ResultingTime"
"rev66-10.wcnf","UWrMaxSat.1.0",161.91,1338.92568791855,1401.76758094432,159.11,89.78,1,"159.11"
"rev66-10.wcnf","MaxHS",3600,1518.39354044173,1244.39383946063,3600,89.78,2,"Inf"
"rev66-10.wcnf","QMaxSAT2018",89.78,1777.87754993965,1231.31806523167,88.95,89.78,3,"88.95"
"rev66-10.wcnf","maxino2018",247.69,1727.07922723637,1387.87407615097,240.89,89.78,4,"240.89"
"rev66-10.wcnf","Open.WBO.ms.pre",109.82,1764.32817887114,1489.52068670783,110.65,89.78,1,"Inf"
"rev66-10.wcnf","Open.WBO.g",116.59,1854.83705787247,1422.62621709928,117.89,89.78,2,"2880.67737990236"
"rev66-10.wcnf","Open.WBO.ms",103.04,1899.04054324502,1439.81666146766,104.02,89.78,3,"Inf"
