"InstanceName","Solver","SequentialRuntime","PredictedRuntime","Prediction_StandardError","ParallelRuntime","VBSRuntime","cores","ResultingTime"
"wolfram72_5.wcnf","MaxHS",14.84,4.24941566866265,3.40947707056905,15.58,4.77,1,"Inf"
"wolfram72_5.wcnf","UWrMaxSat.1.0",8.71,5.92100798403193,8.93601495766646,8.86,4.77,2,"8.86"
"wolfram72_5.wcnf","maxino2018",4.77,9.2333238522954,9.15950490437803,4.9,4.77,3,"4.9"
"wolfram72_5.wcnf","Open.WBO.g",23.63,23.947999572284,7.71115497397048,24.07,4.77,4,"24.07"
"wolfram72_5.wcnf","Open.WBO.ms",82.57,62.2775758483033,13.5049652418568,84.32,4.77,1,"Inf"
"wolfram72_5.wcnf","Open.WBO.ms.pre",3600,3595.68901796407,55.7101655091232,3600,4.77,2,"Inf"
"wolfram72_5.wcnf","QMaxSAT2018",3600,3557.42071595939,387.925786264101,3600,4.77,3,"Inf"
