"InstanceName","Solver","SequentialRuntime","PredictedRuntime","Prediction_StandardError","ParallelRuntime","VBSRuntime","delta","delta_prime","alpha","method_number","orderBy"
"caldera-split_p15.pddl","Delfi2",1800,1049.04860338681,655.756360865246,1800,1800,0,0,0,5,"pred"
"caldera-split_p15.pddl","Metis1",1800,1391.51675490196,716.68433002434,1800,1800,0,0,0,5,"pred"
"caldera-split_p15.pddl","FDMS1",1800,1503.14581461676,524.074981878077,1800,1800,0,0,0,5,"pred"
"caldera-split_p15.pddl","blind",1800,1506.0600258467,625.021029227735,1800,1800,0,0,0,5,"pred"
"caldera-split_p15.pddl","Metis2",1800,1531.86490196078,569.17418843379,1800,1800,0,0,0,5,"pred"
"caldera-split_p15.pddl","Scorpion",1800,1567.63479322638,516.416937342102,1800,1800,0,0,0,5,"pred"
"caldera-split_p15.pddl","Complementary1",1800,1573.09146434938,430.408703067398,1800,1800,0,0,0,5,"pred"
"caldera-split_p15.pddl","DecStar",1800,1584.91955347594,515.055103988278,1800,1800,0,0,0,5,"pred"
