"InstanceName","Solver","SequentialRuntime","PredictedRuntime","Prediction_StandardError","ParallelRuntime","VBSRuntime","cores","ResultingTime"
"c5315_F1@0.wcnf","MaxHS",0,256.296944172639,686.190890105461,0,0,1,"0"
"c5315_F1@0.wcnf","Open.WBO.ms.pre",0.01,497.983615487384,761.716173726166,0.01,0,2,"0.01"
"c5315_F1@0.wcnf","UWrMaxSat.1.0",0,469.075062149826,1117.5736975174,0,0,1,"Inf"
"c5315_F1@0.wcnf","maxino2018",0,970.477845215812,1495.99354047976,0,0,2,"Inf"
"c5315_F1@0.wcnf","Open.WBO.g",0,1863.3287340645,1364.44787672757,0,0,1,"Inf"
"c5315_F1@0.wcnf","Open.WBO.ms",0.01,1817.99279973606,1479.20471355121,0.01,0,2,"Inf"
"c5315_F1@0.wcnf","QMaxSAT2018",3600,2645.60226755752,1414.81609798596,3600,0,1,"Inf"
