"InstanceName","Solver","SequentialRuntime","PredictedRuntime","Prediction_StandardError","ParallelRuntime","VBSRuntime","cores","ResultingTime"
"cnf10p8.wcnf","maxino2018",68.64,1264.50768328568,1113.97090298244,68.91,14.69,1,"68.91"
"cnf10p8.wcnf","UWrMaxSat.1.0",14.69,1202.25172799196,1176.51134450088,15.03,14.69,2,"15.03"
"cnf10p8.wcnf","Open.WBO.ms.pre",91.75,1335.24268974642,1272.20273271341,93.84,14.69,1,"Inf"
"cnf10p8.wcnf","Open.WBO.g",29,1437.11887215034,1277.03341780324,29.88,14.69,2,"Inf"
"cnf10p8.wcnf","Open.WBO.ms",135.48,1474.08024338907,1242.67085870183,138.76,14.69,1,"Inf"
"cnf10p8.wcnf","MaxHS",244.93,1524.56886783797,1260.36053606346,242.35,14.69,2,"Inf"
"cnf10p8.wcnf","QMaxSAT2018",21.79,1802.54958372005,1363.17071466791,22.09,14.69,1,"Inf"
