"InstanceName","Solver","SequentialRuntime","PredictedRuntime","Prediction_StandardError","ParallelRuntime","VBSRuntime","delta","delta_prime","alpha","method_number","orderBy"
"sat/CNP-5-1400.cnf","Sparrow2Riss.2018.fixfix",1.499,1.70070443037976,0.192462977138935,1.82,1.499,0,0,0,5,"pred"
"sat/CNP-5-1400.cnf","YalSAT",7.898,4.30030274261629,4.52488601463545,9.16,1.499,0,0,0,5,"pred"
"sat/CNP-5-1400.cnf","COMiniSatPS_Pulsar_drup",35.635,127.546879957806,557.748276190784,42.71,1.499,0,0,0,5,"pred"
"sat/CNP-5-1400.cnf","expMC_LRB_VSIDS_Switch",106.523,224.715359493671,554.413078788293,123.79,1.499,0,0,0,5,"pred"
"sat/CNP-5-1400.cnf","cms55.main.all4fixed",1620.027,294.84975021097,535.681769858048,5000,1.499,0,0,0,5,"pred"
"sat/CNP-5-1400.cnf","glucose3.0",301.824,418.911283966245,889.789289849775,380.46,1.499,0,0,0,5,"pred"
"sat/CNP-5-1400.cnf","smallsat",752.283,606.29087257384,1044.4843541895,5000,1.499,0,0,0,5,"pred"
"sat/CNP-5-1400.cnf","Glucose_Hack_Kiel_fastBVE",303.429,678.139116455696,1201.28687609098,376.04,1.499,0,0,0,5,"pred"
"sat/CNP-5-1400.cnf","glu_mix",3622.005,958.344212236287,1688.61818210417,5000,1.499,0,0,0,5,"pred"
