"InstanceName","Solver","SequentialRuntime","PredictedRuntime","Prediction_StandardError","ParallelRuntime","VBSRuntime","delta","delta_prime","alpha","method_number","orderBy"
"sat/modgen-n200-m90860q08c40-2087.cnf","CHBR_glucose_tuned",1136.453,113.290478522337,339.708227662829,1157.61,75.02,0,0,0,5,"pred"
"sat/modgen-n200-m90860q08c40-2087.cnf","MapleCOMSPS_DRUP",75.02,236.556499656357,832.984142566826,75.41,75.02,0,0,0,5,"pred"
"sat/modgen-n200-m90860q08c40-2087.cnf","cmsat5_main2",1658.571,292.559269415808,910.390089348349,1705.26,75.02,0,0,0,5,"pred"
"sat/modgen-n200-m90860q08c40-2087.cnf","MapleGlucose",406.766,320.626826975945,823.873363621422,417.69,75.02,0,0,0,5,"pred"
"sat/modgen-n200-m90860q08c40-2087.cnf","cmsat5_autotune2",1667.286,357.447541237113,966.287151389702,1772.33,75.02,0,0,0,5,"pred"
