"InstanceName","Solver","SequentialRuntime","PredictedRuntime","Prediction_StandardError","ParallelRuntime","VBSRuntime","delta","delta_prime","alpha","method_number","orderBy"
"sat/course0.2_2018_3_5.cnf","Maple_LCM.BCrestart_M1",168.076,1963.69688066667,1724.75399079632,247.44,56.418,0,0,0,5,"pred"
"sat/course0.2_2018_3_5.cnf","Riss7.1.fix",207.594,2063.881531,1664.66266273739,288.57,56.418,0,0,0,5,"pred"
"sat/course0.2_2018_3_5.cnf","Maple_LCM_Scavel_200_fix2",399.69,2160.945224,1782.70783482868,5000,56.418,0,0,0,5,"pred"
"sat/course0.2_2018_3_5.cnf","MapleCOMSPS_LRB_VSIDS_drup",195.415,2170.540771,1686.30380629195,305.52,56.418,0,0,0,5,"pred"
"sat/course0.2_2018_3_5.cnf","Maple_CM_ordUIP.",176.78,2232.579011,1710.99274202973,257.34,56.418,0,0,0,5,"pred"
"sat/course0.2_2018_3_5.cnf","Maple_CM_ordUIP",177.572,2312.66687566667,1631.09434017108,257.38,56.418,0,0,0,5,"pred"
"sat/course0.2_2018_3_5.cnf","Maple_CM",179.462,2316.574938,1753.50843401392,258.51,56.418,0,0,0,5,"pred"
"sat/course0.2_2018_3_5.cnf","GHackCOMSPS_drup",220.487,2431.84180633333,1762.06892737219,326.18,56.418,0,0,0,5,"pred"
"sat/course0.2_2018_3_5.cnf","Maple_LCM.BCrestart",167.918,2554.370933,1753.52754729723,245.39,56.418,0,0,0,5,"pred"
