"InstanceName","Solver","SequentialRuntime","PredictedRuntime","Prediction_StandardError","ParallelRuntime","VBSRuntime","cores","ResultingTime"
"geffe128_5.wcnf","Open.WBO.ms",51.05,36.9159355590063,18.2321319583324,50.55,6.92,1,"50.55"
"geffe128_5.wcnf","UWrMaxSat.1.0",25.92,119.415485507246,143.929492215389,26.17,6.92,3,"26.17"
"geffe128_5.wcnf","maxino2018",6.92,217.002462925058,67.8433188902265,6.83,6.92,1,"Inf"
"geffe128_5.wcnf","MaxHS",18.66,47.5111259057971,263.542060649428,18.47,6.92,2,"18.47"
"geffe128_5.wcnf","Open.WBO.g",11.37,186.785038517943,201.850835704375,11.22,6.92,4,"11.22"
"geffe128_5.wcnf","Open.WBO.ms.pre",3600,3585.94534782609,190.646577683054,3600,6.92,3,"Inf"
"geffe128_5.wcnf","QMaxSAT2018",3600,3580.44997282609,265.189470945088,3600,6.92,2,"Inf"
