"InstanceName","Solver","SequentialRuntime","PredictedRuntime","Prediction_StandardError","ParallelRuntime","VBSRuntime","cores","ResultingTime"
"gen_mult_4_4_9999.wcnf","Open.WBO.ms.pre",218.58,1213.21172334895,760.421411276466,217.28,2.94,1,"217.28"
"gen_mult_4_4_9999.wcnf","MaxHS",2.94,1291.18446868101,912.226953050352,2.98,2.94,2,"2.98"
"gen_mult_4_4_9999.wcnf","UWrMaxSat.1.0",3600,1761.90161808526,1060.35212952424,3600,2.94,3,"Inf"
"gen_mult_4_4_9999.wcnf","Open.WBO.ms",1586.25,1798.19992102081,1129.3261332643,1588.57,2.94,4,"1588.57"
"gen_mult_4_4_9999.wcnf","maxino2018",3600,2125.36181667683,1170.27913461796,3600,2.94,2,"Inf"
"gen_mult_4_4_9999.wcnf","Open.WBO.g",3600,2016.90864459995,1291.28721720798,3600,2.94,1,"Inf"
"gen_mult_4_4_9999.wcnf","QMaxSAT2018",3600,2589.71077598628,1022.83131486222,3600,2.94,3,"Inf"
