"InstanceName","Solver","SequentialRuntime","PredictedRuntime","Prediction_StandardError","ParallelRuntime","VBSRuntime","cores","ResultingTime"
"p1wcnft.wcnf","Open.WBO.ms.pre",349.39,1456.90478532287,264.299613017685,324.6,62,1,"324.6"
"p1wcnft.wcnf","UWrMaxSat.1.0",238.54,1571.78398096909,269.118890440139,249.95,62,1,"Inf"
"p1wcnft.wcnf","Open.WBO.g",337.53,1548.79654703501,310.680526194455,357.27,62,3,"357.27"
"p1wcnft.wcnf","Open.WBO.ms",161.14,1545.22377620604,319.460126196448,165.98,62,2,"165.98"
"p1wcnft.wcnf","maxino2018",305.19,1556.8440108787,318.06576409471,331.24,62,4,"331.24"
"p1wcnft.wcnf","QMaxSAT2018",62,1969.63189656229,268.928083695217,63.8,62,2,"Inf"
"p1wcnft.wcnf","MaxHS",3600,2105.32950190283,324.647031794924,3600,62,3,"Inf"
