"InstanceName","Solver","SequentialRuntime","PredictedRuntime","Prediction_StandardError","ParallelRuntime","VBSRuntime","cores","ResultingTime"
"synthetic-12.wcnf","MaxHS",0.21,291.107047982118,818.385073858503,0.22,0.08,1,"0.22"
"synthetic-12.wcnf","maxino2018",0.95,447.287272622242,1059.24740664137,1,0.08,2,"1"
"synthetic-12.wcnf","Open.WBO.ms.pre",0.33,627.936883950696,1142.77972969336,0.39,0.08,3,"0.39"
"synthetic-12.wcnf","Open.WBO.g",0.08,748.922795120053,1299.89481024722,0.09,0.08,4,"0.09"
"synthetic-12.wcnf","Open.WBO.ms",0.11,754.088481631647,1312.73952790201,0.11,0.08,1,"Inf"
"synthetic-12.wcnf","UWrMaxSat.1.0",0.19,950.088811645589,1466.557712824,0.21,0.08,2,"Inf"
"synthetic-12.wcnf","QMaxSAT2018",20.08,1220.02374903101,1558.30291041985,25.31,0.08,3,"Inf"
