"InstanceName","Solver","SequentialRuntime","PredictedRuntime","Prediction_StandardError","ParallelRuntime","VBSRuntime","delta","delta_prime","alpha","method_number","orderBy"
"sat/9dlx_vliw_at_b_iq4.used-as.sat04-345.cnf","Glucose_nbSat",221.26,1193.97604827044,1619.49601822638,250.427807645915,104.143,0,0,0,5,"pred"
"sat/9dlx_vliw_at_b_iq4.used-as.sat04-345.cnf","BeansAndEggs",223.602,1411.45512311321,1824.35545304316,258.074909486319,104.143,0,0,0,5,"pred"
"sat/9dlx_vliw_at_b_iq4.used-as.sat04-345.cnf","MapleCOMSPS_LRB_DRUP",173.613,1538.27262814465,1961.30452955205,187.796152416735,104.143,0,0,0,5,"pred"
"sat/9dlx_vliw_at_b_iq4.used-as.sat04-345.cnf","glueminisat.2210.81.main",247.497,1551.97683600629,1896.94150660125,273.08,104.143,0,0,0,5,"pred"
"sat/9dlx_vliw_at_b_iq4.used-as.sat04-345.cnf","CHBR_glucose",177.025,1561.65554213837,1918.17649605463,199.560712639319,104.143,0,0,0,5,"pred"
"sat/9dlx_vliw_at_b_iq4.used-as.sat04-345.cnf","GHackCOMSPS_DRUP",210.192,1579.94860534591,1856.72429787398,241.665733049715,104.143,0,0,0,5,"pred"
"sat/9dlx_vliw_at_b_iq4.used-as.sat04-345.cnf","tb_glucose",153.616,1614.86406933962,1945.76491853918,166.22,104.143,0,0,0,5,"pred"
"sat/9dlx_vliw_at_b_iq4.used-as.sat04-345.cnf","Splatz06vmain",104.143,1632.21812908805,1902.97842078192,113.247016897807,104.143,0,0,0,5,"pred"
"sat/9dlx_vliw_at_b_iq4.used-as.sat04-345.cnf","cmsat5_autotune2",218.858,1650.94090518868,1831.45195400553,233.759637175185,104.143,0,0,0,5,"pred"
