"InstanceName","Solver","SequentialRuntime","PredictedRuntime","Prediction_StandardError","ParallelRuntime","VBSRuntime","delta","delta_prime","alpha","method_number","orderBy"
"sat/barman-pfile10-040.sas.cr.21.cnf","glueminisat.2210.81.main",8.267,192.90715625,635.028086028286,8.64675208043254,4.826,0,0,0,5,"pred"
"sat/barman-pfile10-040.sas.cr.21.cnf","Glucose_nbSat",12.047,219.847434681373,675.458112501251,12.479473123802,4.826,0,0,0,5,"pred"
"sat/barman-pfile10-040.sas.cr.21.cnf","MapleCOMSPS_CHB_DRUP",34.557,226.433336029412,717.124666657596,35.1235679963071,4.826,0,0,0,5,"pred"
"sat/barman-pfile10-040.sas.cr.21.cnf","COMiniSatPSChandrasekharDRUP",33.885,227.482570955882,648.932724418693,34.1796356150533,4.826,0,0,0,5,"pred"
"sat/barman-pfile10-040.sas.cr.21.cnf","GHackCOMSPS_DRUP",39.329,245.516429166667,697.996586208976,38.9342980003576,4.826,0,0,0,5,"pred"
"sat/barman-pfile10-040.sas.cr.21.cnf","tb_glucose",5.547,260.758879656863,870.951768960502,5.48652488688993,4.826,0,0,0,5,"pred"
"sat/barman-pfile10-040.sas.cr.21.cnf","MapleCMS",13.889,267.90346372549,913.348510847152,13.443619833857,4.826,0,0,0,5,"pred"
"sat/barman-pfile10-040.sas.cr.21.cnf","cmsat5_main2",10.135,268.276358455882,867.798327928048,9.48385943695051,4.826,0,0,0,5,"pred"
"sat/barman-pfile10-040.sas.cr.21.cnf","CHBR_glucose_tuned",4.908,271.493120588235,888.145293925329,4.89180361464507,4.826,0,0,0,5,"pred"
