"InstanceName","Solver","SequentialRuntime","PredictedRuntime","Prediction_StandardError","ParallelRuntime","VBSRuntime","delta","delta_prime","alpha","method_number","orderBy"
"sat/newton.2.2.i.smt2-cvc4.cnf","MapleCOMSPS_CHB_DRUP",238.557,1040.93595808581,1758.45772390578,279.611891841948,103.241,0,0,0,5,"pred"
"sat/newton.2.2.i.smt2-cvc4.cnf","glucose_hack_kiel_newScript",145.61,1219.61537706271,1777.29774578843,170.386592126212,103.241,0,0,0,5,"pred"
"sat/newton.2.2.i.smt2-cvc4.cnf","tb_glucose",128.831,1229.95802260726,1816.27855042993,157.245410854818,103.241,0,0,0,5,"pred"
"sat/newton.2.2.i.smt2-cvc4.cnf","MapleCOMSPS_LRB_DRUP",126.214,1286.61414207921,1925.55244255059,134.776578648481,103.241,0,0,0,5,"pred"
"sat/newton.2.2.i.smt2-cvc4.cnf","Lingelingbbcmain",205.16,1300.19754488449,1792.77738253692,238.500203995975,103.241,0,0,0,5,"pred"
"sat/newton.2.2.i.smt2-cvc4.cnf","BeansAndEggs",243.496,1347.98067128713,1829.49021298083,287.257422148479,103.241,0,0,0,5,"pred"
"sat/newton.2.2.i.smt2-cvc4.cnf","cmsat5_main2",280.187,1349.99794554455,1867.22386071238,307.552271619726,103.241,0,0,0,5,"pred"
"sat/newton.2.2.i.smt2-cvc4.cnf","COMiniSatPSChandrasekharDRUP",194.542,1440.1693990099,1920.98177358757,232.824976241956,103.241,0,0,0,5,"pred"
"sat/newton.2.2.i.smt2-cvc4.cnf","abcdSAT_drup",126.524,1473.50605643564,1893.31280111349,133.232963464145,103.241,0,0,0,5,"pred"
