"InstanceName","Solver","SequentialRuntime","PredictedRuntime","Prediction_StandardError","ParallelRuntime","VBSRuntime","delta","delta_prime","alpha","method_number","orderBy"
"sat/snw_13_9_Encpre.cnf","CHBR_glucose",2.65,61.2536333333333,392.239279290413,2.61274521584879,1.355,0,0,0,5,"pred"
"sat/snw_13_9_Encpre.cnf","cmsat5_main2",7.893,81.1507482758621,390.623755020563,8.41007849552117,1.355,0,0,0,5,"pred"
"sat/snw_13_9_Encpre.cnf","GHackCOMSPS_DRUP",4.388,94.5019181034483,538.924495103408,4.43387548974857,1.355,0,0,0,5,"pred"
"sat/snw_13_9_Encpre.cnf","tb_glucose",4.092,108.224002011494,430.012554756728,4.16848070488404,1.355,0,0,0,5,"pred"
"sat/snw_13_9_Encpre.cnf","CHBR_glucose_tuned",2.666,110.900191762452,480.42699820858,2.56544056543653,1.355,0,0,0,5,"pred"
"sat/snw_13_9_Encpre.cnf","Glucose_nbSat",7.659,111.48156848659,442.5719343093,8.04192727767417,1.355,0,0,0,5,"pred"
"sat/snw_13_9_Encpre.cnf","abcdSAT_drup",63.847,114.367247701149,386.610477951025,63.3426275297316,1.355,0,0,0,5,"pred"
"sat/snw_13_9_Encpre.cnf","COMiniSatPSChandrasekharDRUP",4.149,120.710011877395,605.879786646253,4.05474211909491,1.355,0,0,0,5,"pred"
"sat/snw_13_9_Encpre.cnf","gulch",1.355,144.387849425287,660.328732816899,1.2875629564312,1.355,0,0,0,5,"pred"
