"InstanceName","Solver","SequentialRuntime","PredictedRuntime","Prediction_StandardError","ParallelRuntime","VBSRuntime","delta","delta_prime","alpha","method_number","orderBy"
"sat/sokoban-p20.sas.cr.27.cnf","MapleCMS",3402.599,2293.38450189004,1868.19623955084,3842.87150645573,2830.265,0,0,0,5,"pred"
"sat/sokoban-p20.sas.cr.27.cnf","abcdSAT_drup",2830.265,2487.6619185567,2115.32741009518,3276.53345096311,2830.265,0,0,0,5,"pred"
"sat/sokoban-p20.sas.cr.27.cnf","cmsat5_main2",5000,2566.13720103093,1939.19557007532,5000,2830.265,0,0,0,5,"pred"
"sat/sokoban-p20.sas.cr.27.cnf","Lingelingbbcmain",4297.725,2718.37673487972,2075.39087766398,4674.12251456847,2830.265,0,0,0,5,"pred"
"sat/sokoban-p20.sas.cr.27.cnf","Glucose_nbSat",5000,2735.80794621993,1997.01406127484,5000,2830.265,0,0,0,5,"pred"
"sat/sokoban-p20.sas.cr.27.cnf","CHBR_glucose",4353.375,2828.09485206185,1880.15469773231,5000,2830.265,0,0,0,5,"pred"
"sat/sokoban-p20.sas.cr.27.cnf","Splatz06vmain",4020.519,2862.0344024055,1957.45104934498,4952.78628103078,2830.265,0,0,0,5,"pred"
"sat/sokoban-p20.sas.cr.27.cnf","MapleCOMSPS_LRB_DRUP",3109.321,2864.29568642612,1904.2671334523,3622.99950984245,2830.265,0,0,0,5,"pred"
"sat/sokoban-p20.sas.cr.27.cnf","MapleCOMSPS_DRUP",5000,2937.61558814433,2014.44325790991,5000,2830.265,0,0,0,5,"pred"
