"InstanceName","Solver","SequentialRuntime","PredictedRuntime","Prediction_StandardError","ParallelRuntime","VBSRuntime","delta","delta_prime","alpha","method_number","orderBy"
"sat/sokoban-p20.sas.cr.21.cnf","abcdSAT_drup",155.988,986.214732954546,1382.00685749496,631.67,155.988,0,0,0,5,"pred"
"sat/sokoban-p20.sas.cr.21.cnf","Lingelingbbcmain",257.842,1007.01868194444,1298.74891406909,524.11,155.988,0,0,0,5,"pred"
"sat/sokoban-p20.sas.cr.21.cnf","tb_glucose",243.121,1110.82840631313,1389.74285283436,323.39,155.988,0,0,0,5,"pred"
"sat/sokoban-p20.sas.cr.21.cnf","Glucose_nbSat",191.077,1144.40336729798,1275.70890533685,395.64,155.988,0,0,0,5,"pred"
"sat/sokoban-p20.sas.cr.21.cnf","MapleCMS",443.054,1179.41091906566,1453.14214255033,639.68,155.988,0,0,0,5,"pred"
"sat/sokoban-p20.sas.cr.21.cnf","glucose",193.176,1216.09734242424,1417.52997667119,319.16,155.988,0,0,0,5,"pred"
"sat/sokoban-p20.sas.cr.21.cnf","Splatz06vmain",419.985,1260.96596603535,1436.77846312294,633.39,155.988,0,0,0,5,"pred"
"sat/sokoban-p20.sas.cr.21.cnf","COMiniSatPSChandrasekharDRUP",185.217,1283.14244457071,1437.51648506305,207.586991116731,155.988,0,0,0,5,"pred"
"sat/sokoban-p20.sas.cr.21.cnf","glucose_hack_kiel_newScript",341.336,1286.03699469697,1420.45128153551,398.230196751328,155.988,0,0,0,5,"pred"
