"InstanceName","Solver","SequentialRuntime","PredictedRuntime","Prediction_StandardError","ParallelRuntime","VBSRuntime","delta","delta_prime","alpha","method_number","orderBy"
"sat/UTI-20-5p1.cnf","MapleCOMSPS_LRB_DRUP",144.915,533.185494157088,1096.17509110146,151.91218285584,80.095,0,0,0,5,"pred"
"sat/UTI-20-5p1.cnf","MapleCOMSPS_CHB_DRUP",84.757,548.760787931034,1061.51365400618,101.275840789828,80.095,0,0,0,5,"pred"
"sat/UTI-20-5p1.cnf","CHBR_glucose_tuned",496.466,563.127811015325,1161.7858875909,541.553220000525,80.095,0,0,0,5,"pred"
"sat/UTI-20-5p1.cnf","MapleCOMSPS_DRUP",268.509,638.496327681993,1307.62778648284,292.501761718378,80.095,0,0,0,5,"pred"
"sat/UTI-20-5p1.cnf","glueminisat.2210.81.main",157.246,650.458499712644,1199.11067323771,180.7740934312,80.095,0,0,0,5,"pred"
"sat/UTI-20-5p1.cnf","glucose",320.606,654.888113409961,1117.14512030186,375.937232299278,80.095,0,0,0,5,"pred"
"sat/UTI-20-5p1.cnf","COMiniSatPSChandrasekharDRUP",80.095,661.453041379311,1252.61861661734,90.6885339835414,80.095,0,0,0,5,"pred"
"sat/UTI-20-5p1.cnf","CHBR_glucose",513.585,749.107118678161,1353.49339202575,572.762208039516,80.095,0,0,0,5,"pred"
"sat/UTI-20-5p1.cnf","cmsat5_main2",344.441,758.46008908046,1253.95771811014,382.623426641001,80.095,0,0,0,5,"pred"
