"InstanceName","Solver","SequentialRuntime","PredictedRuntime","Prediction_StandardError","ParallelRuntime","VBSRuntime","delta","delta_prime","alpha","method_number","orderBy"
"sat/sokoban-p20.sas.ex.13.cnf","Splatz06vmain",2812.467,1726.88913487972,1566.55597350611,3172.08,1984.009,0,0,0,5,"pred"
"sat/sokoban-p20.sas.ex.13.cnf","MapleCOMSPS_CHB_DRUP",2032.084,1937.62078024055,1823.79002627092,2210.45,1984.009,0,0,0,5,"pred"
"sat/sokoban-p20.sas.ex.13.cnf","glucose",2250.895,1951.96459312715,1895.28306092269,2421.12,1984.009,0,0,0,5,"pred"
"sat/sokoban-p20.sas.ex.13.cnf","cmsat5_autotune2",2782.527,1975.73525154639,1765.53844387542,3108.29,1984.009,0,0,0,5,"pred"
"sat/sokoban-p20.sas.ex.13.cnf","abcdSAT_drup",2988.281,1986.61211305842,1925.52771601317,3145.92,1984.009,0,0,0,5,"pred"
"sat/sokoban-p20.sas.ex.13.cnf","tc_glucose",2536.729,1988.17515790378,1762.21473024799,2838.71,1984.009,0,0,0,5,"pred"
"sat/sokoban-p20.sas.ex.13.cnf","cmsat5_main2",2825.869,1995.51460773196,1629.69884095427,3246,1984.009,0,0,0,5,"pred"
"sat/sokoban-p20.sas.ex.13.cnf","MapleGlucose",3302.949,2050.10508213058,1823.25042347718,3337.87,1984.009,0,0,0,5,"pred"
