"InstanceName","Solver","SequentialRuntime","PredictedRuntime","Prediction_StandardError","ParallelRuntime","VBSRuntime","delta","delta_prime","alpha","method_number","orderBy"
"termes_p03.pddl","symbolic.bidirectional",1.27,5.67418333333335,3.83757335792886,1.43,1.27,0,0,0,5,"pred"
"termes_p03.pddl","Delfi2",3.03,49.8721333333333,99.8303876872876,4.9,1.27,0,0,0,5,"pred"
"termes_p03.pddl","FDMS2",16.52,64.08655,40.2415904530419,17.97,1.27,0,0,0,5,"pred"
"termes_p03.pddl","FDMS1",14.68,64.8819,45.904892998109,15.87,1.27,0,0,0,5,"pred"
"termes_p03.pddl","Delfi1",17.76,91.3565666666667,54.903720362774,19.84,1.27,0,0,0,5,"pred"
"termes_p03.pddl","Symple.2",26.16,154.981583333333,105.038034403298,34.51,1.27,0,0,0,5,"pred"
"termes_p03.pddl","Symple.1",25.66,203.01405,152.43519497933,35.43,1.27,0,0,0,5,"pred"
"termes_p03.pddl","blind",47.76,252.859333333333,344.002455008065,49.05,1.27,0,0,0,5,"pred"
"termes_p03.pddl","Metis2",1255.61,1444.24429166667,730.038731156767,1800,1.27,0,0,0,5,"pred"
