"InstanceName","Solver","SequentialRuntime","PredictedRuntime","Prediction_StandardError","ParallelRuntime","VBSRuntime","delta","delta_prime","alpha","method_number","orderBy"
"sat/dist7.c.cnf","CaDiCaL",87.069,154.895534248142,391.822623691546,101.36,83.256,0,0,0,5,"pred"
"sat/dist7.c.cnf","Maple_CM_ordUIP.",123.4,167.597035324947,400.69954622966,140.46,83.256,0,0,0,5,"pred"
"sat/dist7.c.cnf","Maple_CM_Dist",128.624,178.912754926625,449.685073183721,147.68,83.256,0,0,0,5,"pred"
"sat/dist7.c.cnf","Maple_LCM_M1",138.569,207.467021907757,363.71343982312,156.03,83.256,0,0,0,5,"pred"
"sat/dist7.c.cnf","Maple_CM",119.607,211.160618763103,525.221938079173,141.92,83.256,0,0,0,5,"pred"
"sat/dist7.c.cnf","Lingeling",124.271,215.981751310273,578.084896824447,143.74,83.256,0,0,0,5,"pred"
"sat/dist7.c.cnf","MapleCOMSPS_LRB_VSIDS_2_fix",173.496,222.033017505241,407.069228281216,197.4,83.256,0,0,0,5,"pred"
"sat/dist7.c.cnf","Maple_LCM_Scavel_200_fix2",140.293,252.034016771488,504.014467918153,162.79,83.256,0,0,0,5,"pred"
"sat/dist7.c.cnf","MapleCOMSPS_CHB_VSIDS_drup",189.778,261.459110377358,457.102298578859,219.22,83.256,0,0,0,5,"pred"
