"InstanceName","Solver","SequentialRuntime","PredictedRuntime","Prediction_StandardError","ParallelRuntime","VBSRuntime","delta","delta_prime","alpha","method_number","orderBy"
"sat/Nb8T63.cnf","abcdsat_r18",0.84,251.420638784067,850.274433025889,1.06,0.325,0,0,0,5,"pred"
"sat/Nb8T63.cnf","smallsat",127.829,364.069479769392,908.2388886716,172.49,0.325,0,0,0,5,"pred"
"sat/Nb8T63.cnf","YalSAT",70.125,491.273127987421,1197.99591530046,86.09,0.325,0,0,0,5,"pred"
"sat/Nb8T63.cnf","glu_mix",559.881,690.744630503145,1006.82434676665,5000,0.325,0,0,0,5,"pred"
"sat/Nb8T63.cnf","cms55.main.all4fixed",0.325,921.237725338288,1509.31536039286,0.25,0.325,0,0,0,5,"pred"
"sat/Nb8T63.cnf","CaDiCaL",51.75,2585.61958238994,1053.47070981937,61.44,0.325,0,0,0,5,"pred"
"sat/Nb8T63.cnf","gluHack",0.75,3845.66325974843,1835.35406146429,0.7,0.325,0,0,0,5,"pred"
"sat/Nb8T63.cnf","Lingeling",5000,4685.18942767296,1032.39613274912,5000,0.325,0,0,0,5,"pred"
