"InstanceName","Solver","SequentialRuntime","PredictedRuntime","Prediction_StandardError","ParallelRuntime","VBSRuntime","delta","delta_prime","alpha","method_number","orderBy"
"g7_n13e12_n13e12_n13e12_n13e12_n14e13_n15e14_n24e31.wcnf","MaxHS",386.35,1123.55615249716,1165.24254136848,435.99,39.62,0,0,0,5,"pred"
"g7_n13e12_n13e12_n13e12_n13e12_n14e13_n15e14_n24e31.wcnf","UWrMaxSat.1.0",57.08,1412.26888432638,1333.88697556893,57.41,39.62,0,0,0,5,"pred"
"g7_n13e12_n13e12_n13e12_n13e12_n14e13_n15e14_n24e31.wcnf","maxino2018",48.13,1571.29291351233,1328.32385151271,48.17,39.62,0,0,0,5,"pred"
"g7_n13e12_n13e12_n13e12_n13e12_n14e13_n15e14_n24e31.wcnf","QMaxSAT2018",3600,1693.18629343052,1341.57522616772,3600,39.62,0,0,0,5,"pred"
