"InstanceName","Solver","SequentialRuntime","PredictedRuntime","Prediction_StandardError","ParallelRuntime","VBSRuntime","cores","ResultingTime"
"AES1-30-5.wcnf","maxino2018",0.69,172.501663326614,452.06944672132,0.69,0.69,1,"0.69"
"AES1-30-5.wcnf","Open.WBO.ms.pre",25.4,212.755437400462,471.004689016703,27.49,0.69,2,"27.49"
"AES1-30-5.wcnf","Open.WBO.ms",25.5,274.500862116882,518.151415948702,27.73,0.69,3,"27.73"
"AES1-30-5.wcnf","Open.WBO.g",15.19,276.387788206803,516.418023813577,16.45,0.69,1,"Inf"
"AES1-30-5.wcnf","UWrMaxSat.1.0",1.23,367.589198636105,697.820573171656,1.25,0.69,2,"Inf"
"AES1-30-5.wcnf","MaxHS",2.39,440.896281666022,590.66322879392,2.38,0.69,3,"Inf"
"AES1-30-5.wcnf","QMaxSAT2018",216.91,2838.99380389121,734.461970836192,237.86,0.69,1,"Inf"
