"InstanceName","Solver","SequentialRuntime","PredictedRuntime","Prediction_StandardError","ParallelRuntime","VBSRuntime","cores","ResultingTime"
"cnf18p8.wcnf","Open.WBO.ms.pre",102.61,688.666728842973,627.756143514748,111.1,49.93,1,"111.1"
"cnf18p8.wcnf","UWrMaxSat.1.0",49.93,804.51436481783,564.954784081352,53.72,49.93,2,"53.72"
"cnf18p8.wcnf","Open.WBO.g",284.76,871.04361949123,642.929043690691,313.34,49.93,3,"313.34"
"cnf18p8.wcnf","maxino2018",145.66,884.26139145631,451.55436764752,158.16,49.93,1,"Inf"
"cnf18p8.wcnf","Open.WBO.ms",214.3,986.1403595437,590.075063919969,238.28,49.93,2,"Inf"
"cnf18p8.wcnf","QMaxSAT2018",194.48,1023.69366140557,672.425496810683,220.16,49.93,3,"Inf"
"cnf18p8.wcnf","MaxHS",588.63,1384.6885011526,814.73369502358,574.82,49.93,1,"Inf"
