"InstanceName","Solver","SequentialRuntime","PredictedRuntime","Prediction_StandardError","ParallelRuntime","VBSRuntime","cores","ResultingTime"
"cnf18p5.wcnf","Open.WBO.ms.pre",121.32,756.016967192158,620.49088292156,129.19,44.09,1,"129.19"
"cnf18p5.wcnf","UWrMaxSat.1.0",118.42,825.239143435038,412.89301184428,125.77,44.09,2,"125.77"
"cnf18p5.wcnf","maxino2018",44.09,896.219091728831,455.759459740473,47.47,44.09,3,"47.47"
"cnf18p5.wcnf","Open.WBO.g",96.94,939.304152542762,684.103910068956,103.28,44.09,1,"Inf"
"cnf18p5.wcnf","QMaxSAT2018",83.24,1018.49206845685,679.162374767959,90.35,44.09,2,"Inf"
"cnf18p5.wcnf","Open.WBO.ms",134.36,1052.58927286706,676.191696941537,143.13,44.09,3,"Inf"
"cnf18p5.wcnf","MaxHS",508.33,1318.28595575787,722.978614921219,466.23,44.09,1,"Inf"
