"InstanceName","Solver","SequentialRuntime","PredictedRuntime","Prediction_StandardError","ParallelRuntime","VBSRuntime","cores","ResultingTime"
"cnf9p10.wcnf","Open.WBO.ms.pre",36.82,929.75968230825,713.693768946373,38.01,4.6,1,"38.01"
"cnf9p10.wcnf","UWrMaxSat.1.0",4.6,991.419573496667,545.894858682537,4.83,4.6,2,"4.83"
"cnf9p10.wcnf","maxino2018",32.14,1124.02814637803,653.969447775662,33.54,4.6,3,"33.54"
"cnf9p10.wcnf","MaxHS",146.93,1133.70071439539,827.166958628122,164.3,4.6,1,"Inf"
"cnf9p10.wcnf","Open.WBO.ms",84.2,1264.83715535337,581.904519585008,88.97,4.6,2,"Inf"
"cnf9p10.wcnf","Open.WBO.g",12.79,1380.90020305071,917.845883872713,13.7,4.6,3,"Inf"
"cnf9p10.wcnf","QMaxSAT2018",18.73,1829.93914709361,908.707717256793,19.33,4.6,1,"Inf"
