"InstanceName","Solver","SequentialRuntime","PredictedRuntime","Prediction_StandardError","ParallelRuntime","VBSRuntime","cores","ResultingTime"
"g3_n39e42_n61e85_n72e77.wcnf","Open.WBO.ms.pre",129.66,478.952373722289,528.121750779119,132.03,121.69,1,"132.03"
"g3_n39e42_n61e85_n72e77.wcnf","Open.WBO.ms",121.69,673.709085007643,641.128845984841,122.29,121.69,2,"122.29"
"g3_n39e42_n61e85_n72e77.wcnf","Open.WBO.g",1052.12,876.550327016408,758.103055050098,1073.64,121.69,3,"Inf"
"g3_n39e42_n61e85_n72e77.wcnf","QMaxSAT2018",3329.46,922.416943679359,774.374326164576,3423.68,121.69,1,"Inf"
"g3_n39e42_n61e85_n72e77.wcnf","UWrMaxSat.1.0",2362.01,953.082717858822,839.404962620437,2375.61,121.69,2,"Inf"
"g3_n39e42_n61e85_n72e77.wcnf","maxino2018",2031.82,987.214432489365,842.099375079509,2085.4,121.69,3,"Inf"
"g3_n39e42_n61e85_n72e77.wcnf","MaxHS",440.65,1237.22893612387,817.650879657668,353.66,121.69,1,"Inf"
