"InstanceName","Solver","SequentialRuntime","PredictedRuntime","Prediction_StandardError","ParallelRuntime","VBSRuntime","cores","ResultingTime"
"s38584_nan_explicit_35_0.wcnf","maxino2018",25.43,89.216227646021,205.409460665459,26.29,23.98,1,"26.29"
"s38584_nan_explicit_35_0.wcnf","Open.WBO.ms.pre",24.37,116.456277490403,354.416464601049,24.88,23.98,2,"24.88"
"s38584_nan_explicit_35_0.wcnf","UWrMaxSat.1.0",26.84,124.105772882141,403.506916102964,27.99,23.98,3,"27.99"
"s38584_nan_explicit_35_0.wcnf","Open.WBO.g",23.98,167.759382929499,451.497118863397,24.46,23.98,1,"Inf"
"s38584_nan_explicit_35_0.wcnf","QMaxSAT2018",143.23,186.958945936192,458.645881751866,152.71,23.98,2,"Inf"
"s38584_nan_explicit_35_0.wcnf","Open.WBO.ms",30.99,206.984967493247,372.397720115228,32.97,23.98,3,"Inf"
"s38584_nan_explicit_35_0.wcnf","MaxHS",3600,2015.22519533235,1233.87549720135,3600,23.98,1,"Inf"
