"InstanceName","Solver","SequentialRuntime","PredictedRuntime","Prediction_StandardError","ParallelRuntime","VBSRuntime","cores","ResultingTime"
"s38584_nan_explicit_34_0.wcnf","Open.WBO.ms.pre",89.72,344.228978173264,366.354313156928,92.07,18.96,1,"92.07"
"s38584_nan_explicit_34_0.wcnf","UWrMaxSat.1.0",25.22,399.313543318814,461.134965652081,27.65,18.96,2,"27.65"
"s38584_nan_explicit_34_0.wcnf","maxino2018",18.96,472.108672270723,478.560144915168,21.49,18.96,3,"21.49"
"s38584_nan_explicit_34_0.wcnf","Open.WBO.ms",51.76,497.547244314578,535.661069985401,54.32,18.96,1,"Inf"
"s38584_nan_explicit_34_0.wcnf","Open.WBO.g",23.5,586.479280793554,686.364542109845,24.6,18.96,2,"Inf"
"s38584_nan_explicit_34_0.wcnf","QMaxSAT2018",52.68,899.001240246732,690.9188880321,58.81,18.96,3,"Inf"
"s38584_nan_explicit_34_0.wcnf","MaxHS",3600,2032.33311662546,1004.14421012581,3600,18.96,1,"Inf"
