"InstanceName","Solver","SequentialRuntime","PredictedRuntime","Prediction_StandardError","ParallelRuntime","VBSRuntime","delta","delta_prime","alpha","method_number","orderBy"
"nurikabe_p15.pddl","Delfi1",352.14,888.598508849558,468.478123347649,403.15,352.14,0,0,0,5,"pred"
"nurikabe_p15.pddl","Delfi2",400.67,956.169137168141,618.311177497945,404.35,352.14,0,0,0,5,"pred"
"nurikabe_p15.pddl","Complementary1",1800,1596.05459144543,364.131990652316,1800,352.14,0,0,0,5,"pred"
"nurikabe_p15.pddl","Scorpion",1800,1660.54115339233,387.106369880591,1800,352.14,0,0,0,5,"pred"
"nurikabe_p15.pddl","Metis1",1800,1661.57324778761,379.607084394163,1800,352.14,0,0,0,5,"pred"
"nurikabe_p15.pddl","blind",1800,1668.12196755162,396.158491704313,1800,352.14,0,0,0,5,"pred"
"nurikabe_p15.pddl","Planning.PDBs",1800,1706.52552359882,305.968894634652,1800,352.14,0,0,0,5,"pred"
"nurikabe_p15.pddl","Metis2",1800,1713.01528761062,281.764317784811,1800,352.14,0,0,0,5,"pred"
