"InstanceName","Solver","SequentialRuntime","PredictedRuntime","Prediction_StandardError","ParallelRuntime","VBSRuntime","delta","delta_prime","alpha","method_number","orderBy"
"sat/20180322_164241329_p_cnf_320_1120.cnf","YalSAT",0.355,0.410234233184657,0.772995893106481,0.41,0.173,0,0,0,5,"pred"
"sat/20180322_164241329_p_cnf_320_1120.cnf","Sparrow2Riss.2018.fixfix",0.173,0.953082182801185,1.24534669372836,0.2,0.173,0,0,0,5,"pred"
"sat/20180322_164241329_p_cnf_320_1120.cnf","Maple_LCM.BCrestart",5000,2452.19128938679,1988.81364388577,5000,0.173,0,0,0,5,"pred"
"sat/20180322_164241329_p_cnf_320_1120.cnf","Maple_CM_ordUIP.",2621.582,3224.22516846114,1938.64520308877,5000,0.173,0,0,0,5,"pred"
"sat/20180322_164241329_p_cnf_320_1120.cnf","expMC_LRB_VSIDS_Switch",5000,5000,0,5000,0.173,0,0,0,5,"pred"
"sat/20180322_164241329_p_cnf_320_1120.cnf","Glucose_Hack_Kiel_fastBVE",5000,5000,0,5000,0.173,0,0,0,5,"pred"
