"InstanceName","Solver","SequentialRuntime","PredictedRuntime","Prediction_StandardError","ParallelRuntime","VBSRuntime","delta","delta_prime","alpha","method_number","orderBy"
"caldera-split_p09.pddl","Delfi1",1446.44,647.628441767068,790.574805205542,1475.77,189.28,0,0,0,5,"pred"
"caldera-split_p09.pddl","symbolic.bidirectional",310.11,745.838009036144,843.324698441366,1800,189.28,0,0,0,5,"pred"
"caldera-split_p09.pddl","Delfi2",1443.69,802.846990963856,854.017812715964,1472.93,189.28,0,0,0,5,"pred"
"caldera-split_p09.pddl","Metis1",1452.11,820.970069277108,872.189668158975,1477.02,189.28,0,0,0,5,"pred"
"caldera-split_p09.pddl","FDMS1",189.28,937.169231927711,648.383732708773,190.17,189.28,0,0,0,5,"pred"
"caldera-split_p09.pddl","Scorpion",1800,981.094948795181,683.457193127144,1800,189.28,0,0,0,5,"pred"
"caldera-split_p09.pddl","Metis2",1515.1,986.321931726908,869.655170464662,1542.79,189.28,0,0,0,5,"pred"
"caldera-split_p09.pddl","Planning.PDBs",1800,1022.04427108434,794.132549992445,1800,189.28,0,0,0,5,"pred"
"caldera-split_p09.pddl","Complementary2",1800,1029.87612349398,816.566905573698,1800,189.28,0,0,0,5,"pred"
