"InstanceName","Solver","SequentialRuntime","PredictedRuntime","Prediction_StandardError","ParallelRuntime","VBSRuntime","delta","delta_prime","alpha","method_number","orderBy"
"termes_p02.pddl","symbolic.bidirectional",0.69,18.2003511586453,112.851809120171,0.79,0.69,0,0,0,5,"pred"
"termes_p02.pddl","FDMS1",3.65,21.947623885918,37.43148557147,3.96,0.69,0,0,0,5,"pred"
"termes_p02.pddl","Delfi1",5.56,25.559949579832,39.3810339602893,6.16,0.69,0,0,0,5,"pred"
"termes_p02.pddl","FDMS2",7.45,25.9863199643493,44.3425720276749,7.78,0.69,0,0,0,5,"pred"
"termes_p02.pddl","Symple.1",7.73,52.0586240132417,115.487457934605,9.98,0.69,0,0,0,5,"pred"
"termes_p02.pddl","blind",13.32,74.2584768270944,128.160315365545,13.93,0.69,0,0,0,5,"pred"
"termes_p02.pddl","Symple.2",7.9,75.2493318478907,174.389602879214,10.1,0.69,0,0,0,5,"pred"
"termes_p02.pddl","Complementary1",14.3,86.0138752228164,136.596330911473,16.63,0.69,0,0,0,5,"pred"
"termes_p02.pddl","Planning.PDBs",10.75,112.265666666667,216.296891751422,12.2,0.69,0,0,0,5,"pred"
