"InstanceName","Solver","SequentialRuntime","PredictedRuntime","Prediction_StandardError","ParallelRuntime","VBSRuntime","cores","ResultingTime"
"AES2-50-52.wcnf","Open.WBO.ms.pre",24.05,261.397657956104,411.343771437201,27.27,1.22,1,"27.27"
"AES2-50-52.wcnf","UWrMaxSat.1.0",1.22,315.471696660839,469.044642828816,1.27,1.22,2,"1.27"
"AES2-50-52.wcnf","Open.WBO.g",16.28,326.146172315745,531.95810743354,19.31,1.22,3,"19.31"
"AES2-50-52.wcnf","Open.WBO.ms",26.64,329.37596601845,539.452979581604,3600,1.22,4,"Inf"
"AES2-50-52.wcnf","maxino2018",1.33,342.153307531926,529.30102372023,1.45,1.22,5,"1.45"
"AES2-50-52.wcnf","MaxHS",12.36,363.77019523487,519.664775213766,13.72,1.22,6,"13.72"
