"InstanceName","Solver","SequentialRuntime","PredictedRuntime","Prediction_StandardError","ParallelRuntime","VBSRuntime","cores","ResultingTime"
"b21_C-mbd14-0205.wcnf","Open.WBO.ms.pre",15.43,892.822849136589,453.754598510765,16.25,0.95,1,"16.25"
"b21_C-mbd14-0205.wcnf","QMaxSAT2018",159.16,915.364359400509,622.55054743238,178.47,0.95,2,"178.47"
"b21_C-mbd14-0205.wcnf","UWrMaxSat.1.0",1.33,952.169410997087,344.424415521568,1.37,0.95,3,"1.37"
"b21_C-mbd14-0205.wcnf","Open.WBO.ms",20.48,962.134509460829,470.864075569151,21.62,0.95,4,"21.62"
"b21_C-mbd14-0205.wcnf","maxino2018",0.95,1023.8723593642,397.806682209851,0.96,0.95,5,"0.96"
"b21_C-mbd14-0205.wcnf","Open.WBO.g",2.27,1040.63171776189,455.726237573255,2.42,0.95,6,"2.42"
"b21_C-mbd14-0205.wcnf","MaxHS",109.72,1072.171016079,360.239617136242,110.63,0.95,7,"110.63"
