"InstanceName","Solver","SequentialRuntime","PredictedRuntime","Prediction_StandardError","ParallelRuntime","VBSRuntime","cores","ResultingTime"
"c-fat500-2clq.wcnf","Open.WBO.ms.pre",24,1078.18441206959,1086.48246843069,24.21,0.36,1,"24.21"
"c-fat500-2clq.wcnf","UWrMaxSat.1.0",0.36,1261.31361820986,1215.81764269144,0.35,0.36,2,"0.35"
"c-fat500-2clq.wcnf","Open.WBO.ms",16.69,1732.89727037777,1284.57058573187,16.59,0.36,3,"16.59"
"c-fat500-2clq.wcnf","Open.WBO.g",12.12,1757.85231659802,1270.78630933368,12.26,0.36,4,"12.26"
"c-fat500-2clq.wcnf","MaxHS",31.63,1896.25944194144,1290.91641112558,32.72,0.36,5,"32.72"
"c-fat500-2clq.wcnf","maxino2018",0.4,1960.47153627258,1386.8712484182,0.42,0.36,6,"0.42"
"c-fat500-2clq.wcnf","QMaxSAT2018",0.39,2349.0417760629,1203.56888515558,0.4,0.36,7,"0.4"
