"InstanceName","Solver","SequentialRuntime","PredictedRuntime","Prediction_StandardError","ParallelRuntime","VBSRuntime","cores","ResultingTime"
"g4_n58e71_n61e85_n100e127_n104e131.wcnf","Open.WBO.ms.pre",24,967.649728987537,756.336383121254,24.14,12.45,1,"24.14"
"g4_n58e71_n61e85_n100e127_n104e131.wcnf","UWrMaxSat.1.0",12.45,1033.57967772807,589.823684957119,12.59,12.45,2,"12.59"
"g4_n58e71_n61e85_n100e127_n104e131.wcnf","Open.WBO.ms",21.82,1071.82761381929,678.019665979793,22.34,12.45,3,"22.34"
"g4_n58e71_n61e85_n100e127_n104e131.wcnf","MaxHS",433.32,1076.6007138398,558.561235556256,503.61,12.45,4,"503.61"
"g4_n58e71_n61e85_n100e127_n104e131.wcnf","maxino2018",18.29,1109.81504754506,704.325823747693,18.87,12.45,5,"18.87"
"g4_n58e71_n61e85_n100e127_n104e131.wcnf","Open.WBO.g",133.36,1304.82542765574,566.206763160472,141.05,12.45,6,"141.05"
