"InstanceName","Solver","SequentialRuntime","PredictedRuntime","Prediction_StandardError","ParallelRuntime","VBSRuntime","cores","ResultingTime"
"p1wcnft.wcnf","Open.WBO.ms.pre",349.39,1456.90478532287,264.299613017685,346.45,62,1,"346.45"
"p1wcnft.wcnf","Open.WBO.ms",161.14,1545.22377620604,319.460126196448,174.08,62,2,"174.08"
"p1wcnft.wcnf","Open.WBO.g",337.53,1548.79654703501,310.680526194455,382.91,62,3,"382.91"
"p1wcnft.wcnf","maxino2018",305.19,1556.8440108787,318.06576409471,348.32,62,4,"348.32"
"p1wcnft.wcnf","UWrMaxSat.1.0",238.54,1571.78398096909,269.118890440139,265.9,62,5,"265.9"
