"InstanceName","Solver","SequentialRuntime","PredictedRuntime","Prediction_StandardError","ParallelRuntime","VBSRuntime","cores","ResultingTime"
"TWComp_eil51tsp_N51.wcnf","MaxHS",1869.15,923.154190338617,584.166057129403,3600,270.25,1,"Inf"
"TWComp_eil51tsp_N51.wcnf","maxino2018",2364.68,1006.4179037111,417.340166310564,3193.5,270.25,2,"Inf"
"TWComp_eil51tsp_N51.wcnf","Open.WBO.ms.pre",796.02,1082.89780057904,430.370887625285,937.78,270.25,3,"937.78"
"TWComp_eil51tsp_N51.wcnf","UWrMaxSat.1.0",302.26,1086.15145898534,405.205074127253,358.44,270.25,4,"358.44"
"TWComp_eil51tsp_N51.wcnf","Open.WBO.ms",1165.04,1196.39173468921,442.358900731799,1461.45,270.25,5,"Inf"
"TWComp_eil51tsp_N51.wcnf","Open.WBO.g",3276.12,1394.41088904956,552.293970826567,3600,270.25,6,"Inf"
