"InstanceName","Solver","SequentialRuntime","PredictedRuntime","Prediction_StandardError","ParallelRuntime","VBSRuntime","delta","delta_prime","alpha","method_number","orderBy"
"sat/ablmulub2x32o.cnf","MapleCOMSPS_DRUP",337.334,3066.71983590687,2034.68387184625,333.630042608275,293.868,0,0,0,5,"pred"
"sat/ablmulub2x32o.cnf","MapleGlucose",339.661,3233.12523590686,2007.84292258736,351.58,293.868,0,0,0,5,"pred"
"sat/ablmulub2x32o.cnf","MapleCOMSPS_LRB_DRUP",815.439,3352.5426377451,1626.04693216932,819.79,293.868,0,0,0,5,"pred"
"sat/ablmulub2x32o.cnf","CHBR_glucose",685.123,3445.05870490196,1693.01988501903,702.2,293.868,0,0,0,5,"pred"
"sat/ablmulub2x32o.cnf","tc_glucose",1022.607,3449.19541997549,1721.48016498101,1053.16,293.868,0,0,0,5,"pred"
"sat/ablmulub2x32o.cnf","glucose_hack_kiel_newScript",1591.347,3478.75616066176,1671.23733665631,1623.53,293.868,0,0,0,5,"pred"
"sat/ablmulub2x32o.cnf","gulch",1622.629,3484.86498541667,1652.333713426,1720.19,293.868,0,0,0,5,"pred"
"sat/ablmulub2x32o.cnf","BeansAndEggs",1634.914,3488.42580955882,1581.3998173726,1680.82,293.868,0,0,0,5,"pred"
