"InstanceName","Solver","SequentialRuntime","PredictedRuntime","Prediction_StandardError","ParallelRuntime","VBSRuntime","delta","delta_prime","alpha","method_number","orderBy"
"sat/k2mul.miter.cnf","CHBR_glucose",1581.029,2576.17710719921,2207.6249273882,1687,203.481,0,0,0,5,"pred"
"sat/k2mul.miter.cnf","gulch",821.007,2581.51314585799,2136.81147489135,848.88,203.481,0,0,0,5,"pred"
"sat/k2mul.miter.cnf","MapleCOMSPS_DRUP",1268.204,2617.56332327416,2185.91017095311,1263.57039803723,203.481,0,0,0,5,"pred"
"sat/k2mul.miter.cnf","BeansAndEggs",717.419,2623.38969013807,2130.76381537079,724.46,203.481,0,0,0,5,"pred"
"sat/k2mul.miter.cnf","MapleCMS",562.27,2668.07213885602,2225.65057804857,563.87,203.481,0,0,0,5,"pred"
"sat/k2mul.miter.cnf","COMiniSatPSChandrasekharDRUP",1427.676,2700.48834654832,2185.67766474869,1423.62515659912,203.481,0,0,0,5,"pred"
"sat/k2mul.miter.cnf","cmsat5_autotune2",362.72,2720.76051153846,2152.50997525198,366.97,203.481,0,0,0,5,"pred"
"sat/k2mul.miter.cnf","cmsat5_main2",357.059,2751.82483284024,2173.1922430431,365.5,203.481,0,0,0,5,"pred"
