"InstanceName","Solver","ActualRuntime","PredictedRuntime","Prediction_StandardError"
"10tree320p.wcnf","MaxHS",10.58,1269.60034340445,404.739139921622
"10tree320p.wcnf","maxino2018",3.74,1280.93622525802,614.230058618673
"10tree320p.wcnf","Open.WBO.g",6.7,1637.80559160731,699.047903115593
"10tree320p.wcnf","Open.WBO.ms",17.78,1423.89376557916,678.819591237927
"10tree320p.wcnf","Open.WBO.ms.pre",7.68,1511.05663377578,678.92055109534
"10tree320p.wcnf","QMaxSAT2018",10.62,1872.48162900309,783.678441080653
"10tree320p.wcnf","UWrMaxSat.1.0",1.94,1328.33684698742,622.147616587487
