"InstanceName","Solver","ActualRuntime","PredictedRuntime","Prediction_StandardError"
"10tree825p.wcnf","MaxHS",10.35,1169.24200121231,1053.23995253507
"10tree825p.wcnf","maxino2018",3.6,1328.49812435984,1098.73394147083
"10tree825p.wcnf","Open.WBO.g",14.78,1546.7106145955,1251.43308234551
"10tree825p.wcnf","Open.WBO.ms",32.73,1494.55726381417,1205.40877320225
"10tree825p.wcnf","Open.WBO.ms.pre",17.35,1529.09575445865,1266.86229288689
"10tree825p.wcnf","QMaxSAT2018",15.33,1820.46529079558,1240.83910701573
"10tree825p.wcnf","UWrMaxSat.1.0",2.48,1331.22975201533,1171.91627475888
