"InstanceName","Solver","ActualRuntime","PredictedRuntime","Prediction_StandardError"
"15tree101p.wcnf","MaxHS",2.93,809.13958414953,1017.56544643309
"15tree101p.wcnf","maxino2018",3.84,927.080476190619,1087.80935954443
"15tree101p.wcnf","Open.WBO.g",2.45,934.394023194025,1238.37866024691
"15tree101p.wcnf","Open.WBO.ms",13.87,709.408877338532,1074.66703483432
"15tree101p.wcnf","Open.WBO.ms.pre",21.59,679.881354816025,1032.37436447874
"15tree101p.wcnf","QMaxSAT2018",36.66,905.623331453952,1192.57481957576
"15tree101p.wcnf","UWrMaxSat.1.0",5.04,889.265527556826,1102.319577362
