"InstanceName","Solver","ActualRuntime","PredictedRuntime","Prediction_StandardError"
"15tree701p.wcnf","MaxHS",22.89,933.159312827206,430.053945468687
"15tree701p.wcnf","maxino2018",9.44,930.188697021551,472.311429992402
"15tree701p.wcnf","Open.WBO.g",13.74,1095.19465073589,568.098999961439
"15tree701p.wcnf","Open.WBO.ms",40.78,1150.34770506411,558.094393804073
"15tree701p.wcnf","Open.WBO.ms.pre",46.09,952.951764903504,536.359171511479
"15tree701p.wcnf","QMaxSAT2018",251.3,1350.41711604629,780.813841474919
"15tree701p.wcnf","UWrMaxSat.1.0",18.95,1036.08127410723,487.4721316265
