"InstanceName","Solver","ActualRuntime","PredictedRuntime","Prediction_StandardError"
"2c3aece6-c8b2-11df-a040-00163e3d3b7c_l3.wcnf","MaxHS",5.58,1545.71073699192,1356.94290430486
"2c3aece6-c8b2-11df-a040-00163e3d3b7c_l3.wcnf","maxino2018",14.66,1373.99046568814,1356.66680081176
"2c3aece6-c8b2-11df-a040-00163e3d3b7c_l3.wcnf","Open.WBO.g",10.3,1200.3885419337,1158.20234218738
"2c3aece6-c8b2-11df-a040-00163e3d3b7c_l3.wcnf","Open.WBO.ms",26.61,1279.79021324976,1050.97355436628
"2c3aece6-c8b2-11df-a040-00163e3d3b7c_l3.wcnf","Open.WBO.ms.pre",14.56,1135.41823006335,1165.31202570226
"2c3aece6-c8b2-11df-a040-00163e3d3b7c_l3.wcnf","QMaxSAT2018",8.35,1252.69498132702,1308.85462715535
"2c3aece6-c8b2-11df-a040-00163e3d3b7c_l3.wcnf","UWrMaxSat.1.0",5.99,1437.37045952338,1228.71610516848
