"InstanceName","Solver","ActualRuntime","PredictedRuntime","Prediction_StandardError"
"3col140_5_10shuffledcnf.wcnf","MaxHS",24.19,273.944151523582,399.394461674022
"3col140_5_10shuffledcnf.wcnf","maxino2018",6.25,1071.37309440083,982.160765935872
"3col140_5_10shuffledcnf.wcnf","Open.WBO.g",13.09,825.133441716851,805.612479248648
"3col140_5_10shuffledcnf.wcnf","Open.WBO.ms",25.87,910.277699697574,811.298349883955
"3col140_5_10shuffledcnf.wcnf","Open.WBO.ms.pre",38.78,1027.60569357788,760.279126760052
"3col140_5_10shuffledcnf.wcnf","QMaxSAT2018",3.02,1712.20755276778,1159.90915669946
"3col140_5_10shuffledcnf.wcnf","UWrMaxSat.1.0",10.29,909.522778452869,865.478495609386
