"InstanceName","Solver","ActualRuntime","PredictedRuntime","Prediction_StandardError"
"3col140_5_7shuffledcnf.wcnf","MaxHS",21.29,133.173143410853,541.544537994688
"3col140_5_7shuffledcnf.wcnf","maxino2018",5.56,6.21877906976743,5.01480160549629
"3col140_5_7shuffledcnf.wcnf","Open.WBO.g",14.82,101.909468992248,546.848496076276
"3col140_5_7shuffledcnf.wcnf","Open.WBO.ms",31.19,283.337829457364,919.388154065127
"3col140_5_7shuffledcnf.wcnf","Open.WBO.ms.pre",28.25,127.351434108527,314.693487424883
"3col140_5_7shuffledcnf.wcnf","QMaxSAT2018",2.85,86.9378100775194,548.493429286603
"3col140_5_7shuffledcnf.wcnf","UWrMaxSat.1.0",10.86,328.895465802398,968.193072969997
