"InstanceName","Solver","ActualRuntime","PredictedRuntime","Prediction_StandardError"
"AES1-70-24.wcnf","MaxHS",110.88,986.944454979944,416.87571974743
"AES1-70-24.wcnf","maxino2018",2.81,1138.78167179056,446.7714080329
"AES1-70-24.wcnf","Open.WBO.g",27.09,1109.54703953271,574.581034852452
"AES1-70-24.wcnf","Open.WBO.ms",37.7,1110.72463919469,388.46885131215
"AES1-70-24.wcnf","Open.WBO.ms.pre",30.54,855.968255093827,453.050121537545
"AES1-70-24.wcnf","QMaxSAT2018",3600,2290.14500388046,673.48506759579
"AES1-70-24.wcnf","UWrMaxSat.1.0",2.72,940.312146327552,299.927051186361
