"InstanceName","Solver","ActualRuntime","PredictedRuntime","Prediction_StandardError"
"AES1-40-6.wcnf","MaxHS",2.4,440.896281666022,590.66322879392
"AES1-40-6.wcnf","maxino2018",0.9,172.501663326614,452.06944672132
"AES1-40-6.wcnf","Open.WBO.g",20.31,276.792354533334,516.238870963487
"AES1-40-6.wcnf","Open.WBO.ms",30.24,274.48272946382,518.160009984844
"AES1-40-6.wcnf","Open.WBO.ms.pre",31.6,213.189168692979,470.835105671209
"AES1-40-6.wcnf","QMaxSAT2018",3600,2838.99380389121,734.461970836192
"AES1-40-6.wcnf","UWrMaxSat.1.0",1.03,367.589198636105,697.820573171656
