"InstanceName","Solver","ActualRuntime","PredictedRuntime","Prediction_StandardError"
"b14_C-mbd14-0225.wcnf","MaxHS",449.63,1318.39889312499,634.412848276251
"b14_C-mbd14-0225.wcnf","maxino2018",172.83,1091.85653590406,310.409574565209
"b14_C-mbd14-0225.wcnf","Open.WBO.g",24.5,1097.49873917224,326.294380891317
"b14_C-mbd14-0225.wcnf","Open.WBO.ms",46.29,893.257951573691,355.6400556081
"b14_C-mbd14-0225.wcnf","Open.WBO.ms.pre",144.85,935.523436957168,371.09608526853
"b14_C-mbd14-0225.wcnf","QMaxSAT2018",2994.23,1181.44889995614,481.050041717791
"b14_C-mbd14-0225.wcnf","UWrMaxSat.1.0",24.54,883.75035109698,349.817297489041
