"InstanceName","Solver","ActualRuntime","PredictedRuntime","Prediction_StandardError"
"b17_C-mbd14-0304.wcnf","MaxHS",2.47,639.639795158024,728.553855174666
"b17_C-mbd14-0304.wcnf","maxino2018",0.29,692.362516003462,763.991117962575
"b17_C-mbd14-0304.wcnf","Open.WBO.g",0.42,712.361736091647,915.523185047522
"b17_C-mbd14-0304.wcnf","Open.WBO.ms",0.44,764.253560008064,958.580235901503
"b17_C-mbd14-0304.wcnf","Open.WBO.ms.pre",0.53,680.181527251333,749.897263521349
"b17_C-mbd14-0304.wcnf","QMaxSAT2018",2.94,834.803012293678,1049.21612270337
"b17_C-mbd14-0304.wcnf","UWrMaxSat.1.0",0.74,724.938879639575,746.571590740748
