"InstanceName","Solver","ActualRuntime","PredictedRuntime","Prediction_StandardError"
"b21_C-mbd14-0267.wcnf","MaxHS",33.5,498.280778477192,650.645831584065
"b21_C-mbd14-0267.wcnf","maxino2018",3.36,280.061443023838,629.586439455962
"b21_C-mbd14-0267.wcnf","Open.WBO.g",3.01,286.054569356256,621.833161646508
"b21_C-mbd14-0267.wcnf","Open.WBO.ms",20.97,175.759736967711,420.577606116009
"b21_C-mbd14-0267.wcnf","Open.WBO.ms.pre",13.86,150.768784050978,375.903370776519
"b21_C-mbd14-0267.wcnf","QMaxSAT2018",69.39,322.659232965437,421.01863663655
"b21_C-mbd14-0267.wcnf","UWrMaxSat.1.0",1.15,262.213516955865,568.259138910565
