"InstanceName","Solver","ActualRuntime","PredictedRuntime","Prediction_StandardError"
"b21_C-mbd14-0349.wcnf","MaxHS",38.2,448.487448505573,666.428645147895
"b21_C-mbd14-0349.wcnf","maxino2018",0.4,337.532651345774,515.148444181318
"b21_C-mbd14-0349.wcnf","Open.WBO.g",1.08,271.22250326103,555.786834495175
"b21_C-mbd14-0349.wcnf","Open.WBO.ms",22.59,250.643211534964,458.946948224818
"b21_C-mbd14-0349.wcnf","Open.WBO.ms.pre",13.51,283.045734690153,493.907385388732
"b21_C-mbd14-0349.wcnf","QMaxSAT2018",16.76,370.825603364257,428.22663505967
"b21_C-mbd14-0349.wcnf","UWrMaxSat.1.0",0.82,359.297963416327,506.069352126698
