"InstanceName","Solver","ActualRuntime","PredictedRuntime","Prediction_StandardError"
"b22_C-mbd14-0300.wcnf","MaxHS",12.12,750.931216448127,697.371042084673
"b22_C-mbd14-0300.wcnf","maxino2018",0.44,710.76534768646,881.797795905624
"b22_C-mbd14-0300.wcnf","Open.WBO.g",0.52,811.141685167282,764.73540688893
"b22_C-mbd14-0300.wcnf","Open.WBO.ms",3.63,754.610729910826,652.289042474284
"b22_C-mbd14-0300.wcnf","Open.WBO.ms.pre",0.75,524.998014682709,581.950070390336
"b22_C-mbd14-0300.wcnf","QMaxSAT2018",6.14,725.475548919901,885.372179526965
"b22_C-mbd14-0300.wcnf","UWrMaxSat.1.0",1.05,716.499900825769,757.871868700525
