"InstanceName","Solver","ActualRuntime","PredictedRuntime","Prediction_StandardError"
"cnf13p9.wcnf","MaxHS",282.84,953.93040408991,692.402509652808
"cnf13p9.wcnf","maxino2018",203.13,971.716725509053,598.609320774242
"cnf13p9.wcnf","Open.WBO.g",43.05,990.382509243,618.795320983738
"cnf13p9.wcnf","Open.WBO.ms",87.74,975.170548762859,617.392650836461
"cnf13p9.wcnf","Open.WBO.ms.pre",75.97,922.96177840161,562.97177255345
"cnf13p9.wcnf","QMaxSAT2018",90.68,1134.57076367457,804.210416420901
"cnf13p9.wcnf","UWrMaxSat.1.0",46.66,1018.10567347857,496.48682638465
