"InstanceName","Solver","ActualRuntime","PredictedRuntime","Prediction_StandardError"
"cnf10p8.wcnf","MaxHS",244.93,1524.56886783797,1260.36053606346
"cnf10p8.wcnf","maxino2018",68.64,1264.50768328568,1113.97090298244
"cnf10p8.wcnf","Open.WBO.g",29,1437.11887215034,1277.03341780324
"cnf10p8.wcnf","Open.WBO.ms",135.48,1474.08024338907,1242.67085870183
"cnf10p8.wcnf","Open.WBO.ms.pre",91.75,1335.24268974642,1272.20273271341
"cnf10p8.wcnf","QMaxSAT2018",21.79,1802.54958372005,1363.17071466791
"cnf10p8.wcnf","UWrMaxSat.1.0",14.69,1202.25172799196,1176.51134450088
