"InstanceName","Solver","ActualRuntime","PredictedRuntime","Prediction_StandardError"
"cnf20p5.wcnf","MaxHS",682.06,1495.13547874411,739.368788089431
"cnf20p5.wcnf","maxino2018",71.15,995.437986417615,813.202199003923
"cnf20p5.wcnf","Open.WBO.g",62.1,934.243014981132,725.144496008
"cnf20p5.wcnf","Open.WBO.ms",103.84,942.606032520606,820.092288255966
"cnf20p5.wcnf","Open.WBO.ms.pre",63.96,940.028384315546,819.377120413634
"cnf20p5.wcnf","QMaxSAT2018",77.3,1117.80361468515,781.094626169034
"cnf20p5.wcnf","UWrMaxSat.1.0",176.06,908.2669336119,641.773976517268
