"InstanceName","Solver","ActualRuntime","PredictedRuntime","Prediction_StandardError"
"cnf_10.wcnf","MaxHS",3600,1189.41439417873,1008.45327602889
"cnf_10.wcnf","maxino2018",3600,833.894501873124,1039.24630266763
"cnf_10.wcnf","Open.WBO.g",3600,806.017284438163,1038.79934532176
"cnf_10.wcnf","Open.WBO.ms",3600,1083.83814238421,1207.20453875221
"cnf_10.wcnf","Open.WBO.ms.pre",3600,1049.24393736945,1139.92252204768
"cnf_10.wcnf","QMaxSAT2018",3600,2000.51943247843,1149.94949563533
"cnf_10.wcnf","UWrMaxSat.1.0",3600,1126.1719729454,1266.49163695555
