"InstanceName","Solver","ActualRuntime","PredictedRuntime","Prediction_StandardError"
"g3_n35e48_n41e57_n56e65.wcnf","MaxHS",3600,2208.25132252247,1222.54180500978
"g3_n35e48_n41e57_n56e65.wcnf","maxino2018",394.64,1491.24906132347,1197.96663405374
"g3_n35e48_n41e57_n56e65.wcnf","Open.WBO.g",130.31,959.669652759595,821.012778750197
"g3_n35e48_n41e57_n56e65.wcnf","Open.WBO.ms",72.25,631.4610507837,869.435608158514
"g3_n35e48_n41e57_n56e65.wcnf","Open.WBO.ms.pre",97.97,557.247951730444,853.199571532188
"g3_n35e48_n41e57_n56e65.wcnf","QMaxSAT2018",215.36,1677.67948844312,1397.34620797449
"g3_n35e48_n41e57_n56e65.wcnf","UWrMaxSat.1.0",311.21,725.584146780451,864.041365055013
