"InstanceName","Solver","ActualRuntime","PredictedRuntime","Prediction_StandardError"
"g3_n66e77_n74e84_n94e112.wcnf","MaxHS",3600,1648.81081719401,1273.97641134975
"g3_n66e77_n74e84_n94e112.wcnf","maxino2018",26.91,751.287917564389,1162.50283675772
"g3_n66e77_n74e84_n94e112.wcnf","Open.WBO.g",48.15,863.274827295999,1091.68115014987
"g3_n66e77_n74e84_n94e112.wcnf","Open.WBO.ms",61.69,992.150553594693,1245.06929182615
"g3_n66e77_n74e84_n94e112.wcnf","Open.WBO.ms.pre",26.42,566.038006591617,1044.16408321849
"g3_n66e77_n74e84_n94e112.wcnf","QMaxSAT2018",182.47,1693.90443327632,1286.19981265104
"g3_n66e77_n74e84_n94e112.wcnf","UWrMaxSat.1.0",13.05,466.789046817689,949.188194037014
