"InstanceName","Solver","ActualRuntime","PredictedRuntime","Prediction_StandardError"
"g8_n44e59_n44e58_n47e63_n58e76_n67e94_n75e107_n123e161_n133e175.wcnf","MaxHS",463.19,2353.01412383421,742.673285746903
"g8_n44e59_n44e58_n47e63_n58e76_n67e94_n75e107_n123e161_n133e175.wcnf","maxino2018",10.68,1776.08923486388,938.181611452179
"g8_n44e59_n44e58_n47e63_n58e76_n67e94_n75e107_n123e161_n133e175.wcnf","Open.WBO.g",15.58,1843.69278683674,901.860814654856
"g8_n44e59_n44e58_n47e63_n58e76_n67e94_n75e107_n123e161_n133e175.wcnf","Open.WBO.ms",18.42,1731.76902050257,955.191368864228
"g8_n44e59_n44e58_n47e63_n58e76_n67e94_n75e107_n123e161_n133e175.wcnf","Open.WBO.ms.pre",29.22,1676.96824921649,999.101250886636
"g8_n44e59_n44e58_n47e63_n58e76_n67e94_n75e107_n123e161_n133e175.wcnf","QMaxSAT2018",95.85,2262.05606151006,866.630087066968
"g8_n44e59_n44e58_n47e63_n58e76_n67e94_n75e107_n123e161_n133e175.wcnf","UWrMaxSat.1.0",10.03,1647.45841342515,947.571651848384
