"InstanceName","Solver","ActualRuntime","PredictedRuntime","Prediction_StandardError"
"geffe128_5.wcnf","MaxHS",18.66,47.5111259057971,263.542060649428
"geffe128_5.wcnf","maxino2018",6.92,217.002462925058,67.8433188902265
"geffe128_5.wcnf","Open.WBO.g",11.37,186.785038517943,201.850835704375
"geffe128_5.wcnf","Open.WBO.ms",51.05,36.9159355590063,18.2321319583324
"geffe128_5.wcnf","Open.WBO.ms.pre",3600,3585.94534782609,190.646577683054
"geffe128_5.wcnf","QMaxSAT2018",3600,3580.44997282609,265.189470945088
"geffe128_5.wcnf","UWrMaxSat.1.0",25.92,119.415485507246,143.929492215389
