"InstanceName","Solver","ActualRuntime","PredictedRuntime","Prediction_StandardError"
"GenHyperTW_s208.wcnf","MaxHS",3600,2143.4357979399,304.924272973512
"GenHyperTW_s208.wcnf","maxino2018",3600,1581.28123345415,299.209905821297
"GenHyperTW_s208.wcnf","Open.WBO.g",3600,1720.33119820923,303.867387570677
"GenHyperTW_s208.wcnf","Open.WBO.ms",3600,1582.53084722162,319.149841578536
"GenHyperTW_s208.wcnf","Open.WBO.ms.pre",3600,1387.62961407508,285.413693321727
"GenHyperTW_s208.wcnf","QMaxSAT2018",3600,1771.70079156007,301.84319282258
"GenHyperTW_s208.wcnf","UWrMaxSat.1.0",3600,1559.98284610179,282.506798907616
