"InstanceName","Solver","ActualRuntime","PredictedRuntime","Prediction_StandardError"
"k50-40-60rnapre.wcnf","MaxHS",57.03,1053.10535323945,361.335984891809
"k50-40-60rnapre.wcnf","maxino2018",29.1,935.681944528331,375.323694379538
"k50-40-60rnapre.wcnf","Open.WBO.g",147.02,1165.45306032506,319.149503448432
"k50-40-60rnapre.wcnf","Open.WBO.ms",100.5,1104.85982340306,467.161654882167
"k50-40-60rnapre.wcnf","Open.WBO.ms.pre",48.23,691.593107323384,413.039065028535
"k50-40-60rnapre.wcnf","QMaxSAT2018",1.15,1379.62200239213,695.564145407216
"k50-40-60rnapre.wcnf","UWrMaxSat.1.0",0.51,935.522709869398,514.516518171192
