"InstanceName","Solver","ActualRuntime","PredictedRuntime","Prediction_StandardError"
"MinFill_R0_mulsoli4.wcnf","MaxHS",397.88,2248.6645004303,268.540884799636
"MinFill_R0_mulsoli4.wcnf","maxino2018",3600,1559.46149370708,305.825298093782
"MinFill_R0_mulsoli4.wcnf","Open.WBO.g",3600,1600.7989602808,301.117167910583
"MinFill_R0_mulsoli4.wcnf","Open.WBO.ms",3600,1460.75656495906,302.564119785347
"MinFill_R0_mulsoli4.wcnf","Open.WBO.ms.pre",3600,1382.20900965695,234.424386785799
"MinFill_R0_mulsoli4.wcnf","QMaxSAT2018",3600,1761.51047224053,261.443823230648
"MinFill_R0_mulsoli4.wcnf","UWrMaxSat.1.0",3600,1492.98828162678,302.120717104747
