"InstanceName","Solver","ActualRuntime","PredictedRuntime","Prediction_StandardError"
"MinFill_R0_queen11_11.wcnf","MaxHS",3600,1978.14327571943,649.664019075762
"MinFill_R0_queen11_11.wcnf","maxino2018",3600,1605.01862079497,780.629474113051
"MinFill_R0_queen11_11.wcnf","Open.WBO.g",3600,1843.58285823756,864.924354372006
"MinFill_R0_queen11_11.wcnf","Open.WBO.ms",3600,1972.31093506934,962.014763219685
"MinFill_R0_queen11_11.wcnf","Open.WBO.ms.pre",3600,1875.00106354666,907.25673355467
"MinFill_R0_queen11_11.wcnf","QMaxSAT2018",3600,2026.44630427123,752.598160858427
"MinFill_R0_queen11_11.wcnf","UWrMaxSat.1.0",3600,1519.88841223174,940.691554397235
