"InstanceName","Solver","ActualRuntime","PredictedRuntime","Prediction_StandardError"
"MinFill_R3_miles1000.wcnf","MaxHS",2261.62,2143.80740798911,660.805098631834
"MinFill_R3_miles1000.wcnf","maxino2018",3600,1776.98079748556,1105.90152194019
"MinFill_R3_miles1000.wcnf","Open.WBO.g",3600,2018.80900933319,1148.06968311986
"MinFill_R3_miles1000.wcnf","Open.WBO.ms",3600,2280.59777644411,1133.67257233842
"MinFill_R3_miles1000.wcnf","Open.WBO.ms.pre",3600,2068.13324883092,1100.08513672784
"MinFill_R3_miles1000.wcnf","QMaxSAT2018",3600,2362.44244846161,840.40289711364
"MinFill_R3_miles1000.wcnf","UWrMaxSat.1.0",3600,1995.14626896854,1165.07530985811
