"InstanceName","Solver","ActualRuntime","PredictedRuntime","Prediction_StandardError"
"mul_8_14.wcnf","MaxHS",3600,2218.82850471635,958.664622175069
"mul_8_14.wcnf","maxino2018",3600,1693.91913760174,936.876424965079
"mul_8_14.wcnf","Open.WBO.g",3600,2011.61499753162,880.034431922202
"mul_8_14.wcnf","Open.WBO.ms",3600,1722.64807974824,969.099997771234
"mul_8_14.wcnf","Open.WBO.ms.pre",3600,1922.72841544149,1104.06676481128
"mul_8_14.wcnf","QMaxSAT2018",3600,2250.15172368612,834.124996549374
"mul_8_14.wcnf","UWrMaxSat.1.0",3600,1913.02669647684,1044.11163176022
