"InstanceName","Solver","ActualRuntime","PredictedRuntime","Prediction_StandardError"
"mul_8_11.wcnf","MaxHS",3600,2218.82850471635,958.664622175069
"mul_8_11.wcnf","maxino2018",3600,1693.91913760174,936.876424965079
"mul_8_11.wcnf","Open.WBO.g",3600,2038.60434725762,871.866994318635
"mul_8_11.wcnf","Open.WBO.ms",3600,1833.77674872528,1031.9430855814
"mul_8_11.wcnf","Open.WBO.ms.pre",3600,2073.45871706546,1157.86325636755
"mul_8_11.wcnf","QMaxSAT2018",3600,2298.76771667746,859.5971244528
"mul_8_11.wcnf","UWrMaxSat.1.0",3600,2030.47613518828,1038.05929279307
