"InstanceName","Solver","ActualRuntime","PredictedRuntime","Prediction_StandardError"
"mul_8_9.wcnf","MaxHS",3600,1818.36372839305,1078.80045647226
"mul_8_9.wcnf","maxino2018",3600,2213.7877723513,1233.31294434673
"mul_8_9.wcnf","Open.WBO.g",3600,2310.89513144277,1148.2657286415
"mul_8_9.wcnf","Open.WBO.ms",3600,1729.53726347422,1254.00409341633
"mul_8_9.wcnf","Open.WBO.ms.pre",3600,1900.75221619773,1246.12165812328
"mul_8_9.wcnf","QMaxSAT2018",3600,2359.74059047213,1154.24040011778
"mul_8_9.wcnf","UWrMaxSat.1.0",3600,2060.19844311274,1299.25833201223
