"InstanceName","Solver","ActualRuntime","PredictedRuntime","Prediction_StandardError"
"mul_8_3.wcnf","MaxHS",153.23,2728.55955215413,1067.50152389173
"mul_8_3.wcnf","maxino2018",3600,1954.96323938678,1382.05530917415
"mul_8_3.wcnf","Open.WBO.g",3600,1938.84748575374,1364.77095983916
"mul_8_3.wcnf","Open.WBO.ms",1577.59,2137.15501107226,1438.41132288034
"mul_8_3.wcnf","Open.WBO.ms.pre",3600,1880.95484576703,1438.60686972381
"mul_8_3.wcnf","QMaxSAT2018",3600,2350.6254837494,1374.13742757513
"mul_8_3.wcnf","UWrMaxSat.1.0",3600,1692.00052777867,1337.26105773614
