"InstanceName","Solver","ActualRuntime","PredictedRuntime","Prediction_StandardError"
"p1wcnft.wcnf","MaxHS",3600,2105.32950190283,324.647031794924
"p1wcnft.wcnf","maxino2018",305.19,1556.8440108787,318.06576409471
"p1wcnft.wcnf","Open.WBO.g",337.53,1548.79654703501,310.680526194455
"p1wcnft.wcnf","Open.WBO.ms",161.14,1545.22377620604,319.460126196448
"p1wcnft.wcnf","Open.WBO.ms.pre",349.39,1456.90478532287,264.299613017685
"p1wcnft.wcnf","QMaxSAT2018",62,1969.63189656229,268.928083695217
"p1wcnft.wcnf","UWrMaxSat.1.0",238.54,1571.78398096909,269.118890440139
