"InstanceName","Solver","ActualRuntime","PredictedRuntime","Prediction_StandardError"
"ram_k4_n18ra0.wcnf","MaxHS",3600,3312.06835858586,881.586296383196
"ram_k4_n18ra0.wcnf","maxino2018",3600,3428.88166076348,697.457550953631
"ram_k4_n18ra0.wcnf","Open.WBO.g",3600,3438.13881657484,667.234766313108
"ram_k4_n18ra0.wcnf","Open.WBO.ms",3600,3339.30525025768,853.062253374919
"ram_k4_n18ra0.wcnf","Open.WBO.ms.pre",3600,3155.39329199559,967.208116540149
"ram_k4_n18ra0.wcnf","QMaxSAT2018",3600,3535.46765151515,429.647276745454
"ram_k4_n18ra0.wcnf","UWrMaxSat.1.0",3600,3295.72799111242,983.37914324549
