"InstanceName","Solver","ActualRuntime","PredictedRuntime","Prediction_StandardError"
"ram_k3_n10ra0.wcnf","MaxHS",3600,2741.92434496124,1487.44140030845
"ram_k3_n10ra0.wcnf","maxino2018",3600,2538.07542635659,1637.57513514928
"ram_k3_n10ra0.wcnf","Open.WBO.g",3600,3097.87534883721,1261.6717021992
"ram_k3_n10ra0.wcnf","Open.WBO.ms",3600,2520.90081395349,1659.67739194497
"ram_k3_n10ra0.wcnf","Open.WBO.ms.pre",3600,2423.36367054264,1648.85940873812
"ram_k3_n10ra0.wcnf","QMaxSAT2018",3600,3579.12796511628,136.867085627087
"ram_k3_n10ra0.wcnf","UWrMaxSat.1.0",3600,2847.34108527132,1480.22463492416
