"InstanceName","Solver","ActualRuntime","PredictedRuntime","Prediction_StandardError"
"rand717_l2.wcnf","MaxHS",1.18,943.556945765744,488.772805195311
"rand717_l2.wcnf","maxino2018",0.93,917.22042282173,456.771686486686
"rand717_l2.wcnf","Open.WBO.g",0.36,956.384409500247,485.960457371577
"rand717_l2.wcnf","Open.WBO.ms",0.39,920.73756700653,616.076626681901
"rand717_l2.wcnf","Open.WBO.ms.pre",0.41,798.768625189154,429.589975681578
"rand717_l2.wcnf","QMaxSAT2018",14.35,1162.54733206511,841.687406152434
"rand717_l2.wcnf","UWrMaxSat.1.0",1.54,870.269823572367,456.169980700013
