"InstanceName","Solver","ActualRuntime","PredictedRuntime","Prediction_StandardError"
"rand313_l2.wcnf","MaxHS",0.78,947.428842264581,384.727386863427
"rand313_l2.wcnf","maxino2018",0.99,960.298967311207,369.821336193455
"rand313_l2.wcnf","Open.WBO.g",0.41,1071.03323652673,334.540100081149
"rand313_l2.wcnf","Open.WBO.ms",0.49,979.546042876173,305.399722645139
"rand313_l2.wcnf","Open.WBO.ms.pre",0.41,786.378499961609,403.656215481985
"rand313_l2.wcnf","QMaxSAT2018",10.06,1015.32348674349,559.671311407293
"rand313_l2.wcnf","UWrMaxSat.1.0",1.87,918.925501911808,327.134787330915
