"InstanceName","Solver","ActualRuntime","PredictedRuntime","Prediction_StandardError"
"rand21_l2.wcnf","MaxHS",1.13,673.878278870564,1058.96966169888
"rand21_l2.wcnf","maxino2018",1.25,542.356356822921,937.912707426627
"rand21_l2.wcnf","Open.WBO.g",0.54,510.746715032701,986.990671087518
"rand21_l2.wcnf","Open.WBO.ms",0.84,219.501305786833,538.265634371947
"rand21_l2.wcnf","Open.WBO.ms.pre",0.64,311.599932675907,807.568907681042
"rand21_l2.wcnf","QMaxSAT2018",26.53,443.742960009706,985.962444334396
"rand21_l2.wcnf","UWrMaxSat.1.0",2.22,545.838783954333,1011.50992705726
