"InstanceName","Solver","ActualRuntime","PredictedRuntime","Prediction_StandardError"
"rand984_l2.wcnf","MaxHS",1.14,984.503051307789,412.419597473666
"rand984_l2.wcnf","maxino2018",0.67,1010.16640752738,444.624778841452
"rand984_l2.wcnf","Open.WBO.g",0.3,892.401756081806,569.258777684313
"rand984_l2.wcnf","Open.WBO.ms",0.35,691.225936126126,524.645632432051
"rand984_l2.wcnf","Open.WBO.ms.pre",0.39,650.846993929406,597.101751747069
"rand984_l2.wcnf","QMaxSAT2018",4.91,738.260770421902,665.749147869228
"rand984_l2.wcnf","UWrMaxSat.1.0",1.22,823.947516380021,406.490701073136
