"InstanceName","Solver","ActualRuntime","PredictedRuntime","Prediction_StandardError"
"rev66-24.wcnf","MaxHS",3600,1338.0031430803,781.652251489659
"rev66-24.wcnf","maxino2018",3600,1068.60028737405,923.437773356692
"rev66-24.wcnf","Open.WBO.g",3600,1135.34112166762,922.995333185911
"rev66-24.wcnf","Open.WBO.ms",3600,1191.11898692674,997.990011522716
"rev66-24.wcnf","Open.WBO.ms.pre",3600,1184.64506063979,908.72539421652
"rev66-24.wcnf","QMaxSAT2018",3600,2151.4781483915,1005.84688825219
"rev66-24.wcnf","UWrMaxSat.1.0",3600,1118.94935552839,905.462304348834
