"InstanceName","Solver","ActualRuntime","PredictedRuntime","Prediction_StandardError"
"rev66-10.wcnf","MaxHS",3600,1518.39354044173,1244.39383946063
"rev66-10.wcnf","maxino2018",247.69,1727.07922723637,1387.87407615097
"rev66-10.wcnf","Open.WBO.g",116.59,1854.83705787247,1422.62621709928
"rev66-10.wcnf","Open.WBO.ms",103.04,1899.04054324502,1439.81666146766
"rev66-10.wcnf","Open.WBO.ms.pre",109.82,1764.32817887114,1489.52068670783
"rev66-10.wcnf","QMaxSAT2018",89.78,1777.87754993965,1231.31806523167
"rev66-10.wcnf","UWrMaxSat.1.0",161.91,1338.92568791855,1401.76758094432
