"InstanceName","Solver","ActualRuntime","PredictedRuntime","Prediction_StandardError"
"rev66-20.wcnf","MaxHS",3600,1570.50619589417,1356.05707669955
"rev66-20.wcnf","maxino2018",3600,1761.0828694825,1495.67087352344
"rev66-20.wcnf","Open.WBO.g",3600,1722.17686021577,1510.26182925247
"rev66-20.wcnf","Open.WBO.ms",3600,1742.29713100727,1495.0106464538
"rev66-20.wcnf","Open.WBO.ms.pre",3600,1612.34232016692,1565.85870379578
"rev66-20.wcnf","QMaxSAT2018",3600,2573.99109148994,1443.57640655287
"rev66-20.wcnf","UWrMaxSat.1.0",3600,1572.33799165155,1438.04923171149
