"InstanceName","Solver","ActualRuntime","PredictedRuntime","Prediction_StandardError"
"rev66-6.wcnf","MaxHS",36.16,1474.29075945724,664.230585471773
"rev66-6.wcnf","maxino2018",2.14,1124.90092888657,404.339759830101
"rev66-6.wcnf","Open.WBO.g",0.93,1070.50251259194,350.191064114539
"rev66-6.wcnf","Open.WBO.ms",8.79,1004.78213655968,507.466363028497
"rev66-6.wcnf","Open.WBO.ms.pre",8.31,855.137527292942,481.254569278886
"rev66-6.wcnf","QMaxSAT2018",0.47,1052.99203406764,500.730957244945
"rev66-6.wcnf","UWrMaxSat.1.0",1.36,1020.69893703062,445.571156390401
