"InstanceName","Solver","ActualRuntime","PredictedRuntime","Prediction_StandardError"
"rev66-22.wcnf","MaxHS",3600,1650.42612865301,1325.69722643391
"rev66-22.wcnf","maxino2018",3600,1775.72818048084,1250.47511637151
"rev66-22.wcnf","Open.WBO.g",3600,1845.49826410427,1398.53626405151
"rev66-22.wcnf","Open.WBO.ms",3600,1774.05892110934,1350.19765473382
"rev66-22.wcnf","Open.WBO.ms.pre",3600,1523.81048943822,1398.54317718456
"rev66-22.wcnf","QMaxSAT2018",3600,2699.71681283206,1204.21404430803
"rev66-22.wcnf","UWrMaxSat.1.0",3600,1527.88895763388,1337.57724434175
