"InstanceName","Solver","ActualRuntime","PredictedRuntime","Prediction_StandardError"
"rev66-14.wcnf","MaxHS",3600,1165.32806060009,475.854680353747
"rev66-14.wcnf","maxino2018",3600,1156.52622159481,462.179580430697
"rev66-14.wcnf","Open.WBO.g",3600,1170.82017783494,564.4581842812
"rev66-14.wcnf","Open.WBO.ms",3600,986.160367899946,442.562093154647
"rev66-14.wcnf","Open.WBO.ms.pre",3600,917.441196480594,460.318564738473
"rev66-14.wcnf","QMaxSAT2018",3600,1184.48222493731,549.564647106128
"rev66-14.wcnf","UWrMaxSat.1.0",3600,983.391599513391,306.59790777509
