"InstanceName","Solver","ActualRuntime","PredictedRuntime","Prediction_StandardError"
"rev66-16.wcnf","MaxHS",3600,976.375008766007,425.498879553926
"rev66-16.wcnf","maxino2018",3600,974.554577876385,468.884705210283
"rev66-16.wcnf","Open.WBO.g",3600,1113.04455410129,641.315792663005
"rev66-16.wcnf","Open.WBO.ms",3600,1181.13414827763,798.710831250486
"rev66-16.wcnf","Open.WBO.ms.pre",3600,1052.18562169213,631.984522411965
"rev66-16.wcnf","QMaxSAT2018",3600,1530.01993985508,1021.35910100108
"rev66-16.wcnf","UWrMaxSat.1.0",3600,888.731203944845,437.318492985391
