"InstanceName","Solver","ActualRuntime","PredictedRuntime","Prediction_StandardError"
"s38584_nan_explicit_33_0.wcnf","MaxHS",3600,2565.63333373761,943.417730440126
"s38584_nan_explicit_33_0.wcnf","maxino2018",12.91,253.020244616589,487.650694648197
"s38584_nan_explicit_33_0.wcnf","Open.WBO.g",11.94,280.139511702974,457.972731867425
"s38584_nan_explicit_33_0.wcnf","Open.WBO.ms",109.76,309.240960927461,622.009313999295
"s38584_nan_explicit_33_0.wcnf","Open.WBO.ms.pre",33.15,296.844097709397,590.461882016436
"s38584_nan_explicit_33_0.wcnf","QMaxSAT2018",20.18,357.729263960052,472.300971972846
"s38584_nan_explicit_33_0.wcnf","UWrMaxSat.1.0",16.81,239.008224241168,451.175616193016
