"InstanceName","Solver","ActualRuntime","PredictedRuntime","Prediction_StandardError"
"spi.wcnf","MaxHS",3600,1411.67009464675,795.339335456544
"spi.wcnf","maxino2018",2,906.544423000285,452.603808860699
"spi.wcnf","Open.WBO.g",9.18,828.007683704619,556.489611596952
"spi.wcnf","Open.WBO.ms",29.04,973.851798330023,614.807515689665
"spi.wcnf","Open.WBO.ms.pre",31.82,786.546815249825,709.734557866244
"spi.wcnf","QMaxSAT2018",2.27,1017.53502308937,691.674719122472
"spi.wcnf","UWrMaxSat.1.0",4.89,821.473800557192,413.35437808191
