"InstanceName","Solver","ActualRuntime","PredictedRuntime","Prediction_StandardError"
"TWComp_1c75_N69.wcnf","MaxHS",3600,2144.74732778382,652.065361958178
"TWComp_1c75_N69.wcnf","maxino2018",3600,1252.09035708974,864.630625328655
"TWComp_1c75_N69.wcnf","Open.WBO.g",3600,1381.74297938825,830.575169736191
"TWComp_1c75_N69.wcnf","Open.WBO.ms",3600,1262.64311987701,827.828432823776
"TWComp_1c75_N69.wcnf","Open.WBO.ms.pre",3600,1278.21332941136,920.444357346776
"TWComp_1c75_N69.wcnf","QMaxSAT2018",3600,1214.38577880493,747.71807669533
"TWComp_1c75_N69.wcnf","UWrMaxSat.1.0",3600,1277.27715191564,725.210639380306
