"InstanceName","Solver","ActualRuntime","PredictedRuntime","Prediction_StandardError"
"TWComp_1dp_N76.wcnf","MaxHS",3600,2054.17020001102,686.208779166757
"TWComp_1dp_N76.wcnf","maxino2018",3600,926.381422611869,661.135059889517
"TWComp_1dp_N76.wcnf","Open.WBO.g",3600,1144.05134099357,927.442700872902
"TWComp_1dp_N76.wcnf","Open.WBO.ms",3600,1025.13773871022,889.587507956498
"TWComp_1dp_N76.wcnf","Open.WBO.ms.pre",3519.09,976.400918340751,851.189696503387
"TWComp_1dp_N76.wcnf","QMaxSAT2018",3600,1807.38342564892,916.734924172037
"TWComp_1dp_N76.wcnf","UWrMaxSat.1.0",3600,1068.43096610569,887.405039310241
