"InstanceName","Solver","ActualRuntime","PredictedRuntime","Prediction_StandardError"
"TWComp_pathfinder_N109.wcnf","MaxHS",21.32,2143.4357979399,304.924272973512
"TWComp_pathfinder_N109.wcnf","maxino2018",9.98,1581.28123345415,299.209905821297
"TWComp_pathfinder_N109.wcnf","Open.WBO.g",1.35,1720.33119820923,303.867387570677
"TWComp_pathfinder_N109.wcnf","Open.WBO.ms",30.23,1582.53084722162,319.149841578536
"TWComp_pathfinder_N109.wcnf","Open.WBO.ms.pre",29.52,1387.62961407508,285.413693321727
"TWComp_pathfinder_N109.wcnf","QMaxSAT2018",1.13,1771.70079156007,301.84319282258
"TWComp_pathfinder_N109.wcnf","UWrMaxSat.1.0",12.35,1559.98284610179,282.506798907616
