"InstanceName","Solver","ActualRuntime","PredictedRuntime","Prediction_StandardError"
"TWComp_1dj7_N73.wcnf","MaxHS",3600,1818.46036189535,1455.48353502741
"TWComp_1dj7_N73.wcnf","maxino2018",3600,1065.20201277209,1390.51544867706
"TWComp_1dj7_N73.wcnf","Open.WBO.g",3600,1248.17263136785,1416.99876537971
"TWComp_1dj7_N73.wcnf","Open.WBO.ms",3600,925.756842833393,1225.55247174913
"TWComp_1dj7_N73.wcnf","Open.WBO.ms.pre",2938.17,909.215073364994,1219.14167751871
"TWComp_1dj7_N73.wcnf","QMaxSAT2018",3600,1456.38790092206,1392.67942802979
"TWComp_1dj7_N73.wcnf","UWrMaxSat.1.0",3600,1139.59957883157,1364.87201734741
