"InstanceName","Solver","ActualRuntime","PredictedRuntime","Prediction_StandardError"
"TWComp_queen7_7_N49.wcnf","MaxHS",3600,827.438755422433,825.992361391368
"TWComp_queen7_7_N49.wcnf","maxino2018",3600,961.609853792414,930.694923280836
"TWComp_queen7_7_N49.wcnf","Open.WBO.g",3600,1016.61400100957,1036.01980470183
"TWComp_queen7_7_N49.wcnf","Open.WBO.ms",3600,850.209936754962,822.745657449436
"TWComp_queen7_7_N49.wcnf","Open.WBO.ms.pre",3600,812.087666118969,960.746138963933
"TWComp_queen7_7_N49.wcnf","QMaxSAT2018",3600,2394.23371983374,1233.52175859472
"TWComp_queen7_7_N49.wcnf","UWrMaxSat.1.0",3600,721.360276084459,759.467640304044
