"InstanceName","Solver","ActualRuntime","PredictedRuntime","Prediction_StandardError"
"TWComp_queen6_6_N36.wcnf","MaxHS",3600,1168.0272583718,458.490640335913
"TWComp_queen6_6_N36.wcnf","maxino2018",3600,1193.26389242695,518.636914665502
"TWComp_queen6_6_N36.wcnf","Open.WBO.g",3600,1226.16993345133,551.474192452795
"TWComp_queen6_6_N36.wcnf","Open.WBO.ms",3600,1263.56253959526,564.585853215834
"TWComp_queen6_6_N36.wcnf","Open.WBO.ms.pre",3600,1089.01465850364,481.651963964808
"TWComp_queen6_6_N36.wcnf","QMaxSAT2018",3600,1550.51614544423,866.915988975047
"TWComp_queen6_6_N36.wcnf","UWrMaxSat.1.0",3600,1045.53160270067,371.497156904078
