"InstanceName","Solver","ActualRuntime","PredictedRuntime","Prediction_StandardError"
"we.wcnf","MaxHS",3600,2044.70492664906,325.724003810876
"we.wcnf","maxino2018",3600,1580.97604614015,298.448780171231
"we.wcnf","Open.WBO.g",3600,1611.20828443468,314.513070118979
"we.wcnf","Open.WBO.ms",3600,1583.41886428657,286.697402892599
"we.wcnf","Open.WBO.ms.pre",3600,1343.50876004438,261.008081757766
"we.wcnf","QMaxSAT2018",3600,1869.28451754645,261.008535782552
"we.wcnf","UWrMaxSat.1.0",3600,1592.76224068412,293.690978417108
