"InstanceName","Solver","SequentialRuntime","PredictedRuntime","Prediction_StandardError","ParallelRuntime","VBSRuntime","delta","delta_prime","alpha","method_number","orderBy"
"sat/gus-md5-10.cnf","COMiniSatPSChandrasekharDRUP",1293.993,3274.11388300654,2034.13892137079,1394.54,830.545,0,0,0,5,"pred"
"sat/gus-md5-10.cnf","Glucose_nbSat",1989.607,3294.85113349673,2134.50843484406,2079.82,830.545,0,0,0,5,"pred"
"sat/gus-md5-10.cnf","gulch",2304.526,3354.03711862745,2036.7190821455,2388.89,830.545,0,0,0,5,"pred"
"sat/gus-md5-10.cnf","glucose",1799.312,3511.56535947712,1949.18478930962,1891.04,830.545,0,0,0,5,"pred"
"sat/gus-md5-10.cnf","glucose_hack_kiel_newScript",2129.085,3546.17159869281,2098.60533290711,2127.95,830.545,0,0,0,5,"pred"
"sat/gus-md5-10.cnf","tb_glucose",2352.027,3630.53837075163,1991.34852621031,2609.95,830.545,0,0,0,5,"pred"
"sat/gus-md5-10.cnf","BeansAndEggs",2645.929,3652.70314330065,1861.92657719116,2659.96,830.545,0,0,0,5,"pred"
