"InstanceName","Solver","SequentialRuntime","PredictedRuntime","Prediction_StandardError","ParallelRuntime","VBSRuntime","delta","delta_prime","alpha","method_number","orderBy"
"sat/miza-sr06-md5-48-01.cnf","GHackCOMSPS_DRUP",353.395,1249.03840353535,1556.15290862981,376.07,46.306,0,0,0,5,"pred"
"sat/miza-sr06-md5-48-01.cnf","glucose",2057.102,1348.22340378788,1704.93592800171,2345.38,46.306,0,0,0,5,"pred"
"sat/miza-sr06-md5-48-01.cnf","MapleCOMSPS_DRUP",229.511,1357.82601856061,1892.59348446063,240.95,46.306,0,0,0,5,"pred"
"sat/miza-sr06-md5-48-01.cnf","Glucose_nbSat",522.024,1383.07264709596,1699.3112656921,578.02,46.306,0,0,0,5,"pred"
"sat/miza-sr06-md5-48-01.cnf","Splatz06vmain",964.722,1434.86020353535,1801.73943462407,1188.47,46.306,0,0,0,5,"pred"
"sat/miza-sr06-md5-48-01.cnf","glucose_hack_kiel_newScript",113.511,1453.80238825758,1716.97909101523,120.62,46.306,0,0,0,5,"pred"
"sat/miza-sr06-md5-48-01.cnf","cmsat5_main2",47.447,1501.52104090909,1818.29276710741,49.11,46.306,0,0,0,5,"pred"
