"InstanceName","Solver","SequentialRuntime","PredictedRuntime","Prediction_StandardError","ParallelRuntime","VBSRuntime","delta","delta_prime","alpha","method_number","orderBy"
"sat/modgen-n200-m90860q08c40-15606.cnf","MapleCOMSPS_DRUP",11.175,375.253735416667,1057.72980487722,11.27,7.703,0,0,0,5,"pred"
"sat/modgen-n200-m90860q08c40-15606.cnf","MapleCOMSPS_CHB_DRUP",7.995,376.514492892157,1045.20296960912,8.22,7.703,0,0,0,5,"pred"
"sat/modgen-n200-m90860q08c40-15606.cnf","CHBR_glucose",21.26,468.409517156863,1106.60534320565,21.07,7.703,0,0,0,5,"pred"
"sat/modgen-n200-m90860q08c40-15606.cnf","COMiniSatPSChandrasekharDRUP",36.669,529.16043627451,1025.39946695932,36.49,7.703,0,0,0,5,"pred"
"sat/modgen-n200-m90860q08c40-15606.cnf","gulch",33.728,537.410740686274,1194.64231413294,34.26,7.703,0,0,0,5,"pred"
"sat/modgen-n200-m90860q08c40-15606.cnf","MapleCOMSPS_LRB_DRUP",23.784,584.613771078431,1275.06184486872,24.25,7.703,0,0,0,5,"pred"
"sat/modgen-n200-m90860q08c40-15606.cnf","abcdSAT_drup",34.036,585.129702083333,1192.95597978048,33.31,7.703,0,0,0,5,"pred"
