"InstanceName","Solver","SequentialRuntime","PredictedRuntime","Prediction_StandardError","ParallelRuntime","VBSRuntime","delta","delta_prime","alpha","method_number","orderBy"
"sat/total-10-13-u.cnf","cmsat5_main2",212.409,2809.78229240924,2093.11947345666,215.9,120.539,0,0,0,5,"pred"
"sat/total-10-13-u.cnf","glue_alt",341.823,2841.81241485149,2123.22468917339,353.46,120.539,0,0,0,5,"pred"
"sat/total-10-13-u.cnf","glueminisat.2210.81.main",306.8,2848.08212062706,2246.66093860434,329.97,120.539,0,0,0,5,"pred"
"sat/total-10-13-u.cnf","gulch",415.193,2870.30423234323,2197.12357917147,425.13,120.539,0,0,0,5,"pred"
"sat/total-10-13-u.cnf","abcdSAT_drup",178.565,2931.21864834984,2006.05960001787,187.51,120.539,0,0,0,5,"pred"
"sat/total-10-13-u.cnf","CHBR_glucose",332.812,3124.13087574257,2098.36541998747,356.86,120.539,0,0,0,5,"pred"
"sat/total-10-13-u.cnf","cmsat5_autotune2",207.573,3138.35865264026,2122.3655750327,214.53,120.539,0,0,0,5,"pred"
