"InstanceName","Solver","SequentialRuntime","PredictedRuntime","Prediction_StandardError","ParallelRuntime","VBSRuntime","delta","delta_prime","alpha","method_number","orderBy"
"sat/20180322_164226661_p_cnf_320_1120.cnf","Sparrow2Riss.2018.fixfix",0.633,1.93495367965361,4.47253300351039,0.72,0.076,0,0,0,5,"pred"
"sat/20180322_164226661_p_cnf_320_1120.cnf","YalSAT",0.076,4.21033787878786,31.8429359709941,0.08,0.076,0,0,0,5,"pred"
"sat/20180322_164226661_p_cnf_320_1120.cnf","Maple_LCM.BCrestart",5000,2744.95356320346,2103.93917774149,5000,0.076,0,0,0,5,"pred"
"sat/20180322_164226661_p_cnf_320_1120.cnf","Maple_LCM.BCrestart_M1",5000,2891.54763787879,1751.76207153045,5000,0.076,0,0,0,5,"pred"
"sat/20180322_164226661_p_cnf_320_1120.cnf","gluHack",5000,5000,0,5000,0.076,0,0,0,5,"pred"
