"InstanceName","Solver","SequentialRuntime","PredictedRuntime","Prediction_StandardError","ParallelRuntime","VBSRuntime","delta","delta_prime","alpha","method_number","orderBy"
"atcoss_mesat_10.wcnf","Open.WBO.ms.pre",576.93,962.925516966069,1097.80135672818,3600,479.64,0,0,0,0,"pred"
"atcoss_mesat_10.wcnf","MaxHS",1824.21,994.024659252923,1102.07671334161,2984.75,479.64,0,0,0,0,"pred"
"atcoss_mesat_10.wcnf","QMaxSAT2018",1099.65,1006.23677497386,1166.11981298852,1706.56,479.64,0,0,0,0,"pred"
"atcoss_mesat_10.wcnf","Open.WBO.g",3600,1039.97771906736,1101.29072842694,3600,479.64,0,0,0,0,"pred"
"atcoss_mesat_10.wcnf","UWrMaxSat.1.0",479.64,1110.35792086066,1232.81020762706,581.69,479.64,0,0,0,0,"pred"
"atcoss_mesat_10.wcnf","maxino2018",1091.65,1140.88894453949,1290.43920692936,1455.97,479.64,0,0,0,0,"pred"
"atcoss_mesat_10.wcnf","Open.WBO.ms",2005.75,1256.78268770916,1182.01365754247,3359.34,479.64,0,0,0,0,"pred"
