"InstanceName","Solver","SequentialRuntime","PredictedRuntime","Prediction_StandardError","ParallelRuntime","VBSRuntime","delta","delta_prime","alpha","method_number","orderBy"
"cnf20p7.wcnf","Open.WBO.ms.pre",121.6,736.262581190857,670.196193273062,144.05,93.9,0,0,0,0,"pred"
"cnf20p7.wcnf","UWrMaxSat.1.0",372.65,829.506596510453,678.063566320735,448.27,93.9,0,0,0,0,"pred"
"cnf20p7.wcnf","Open.WBO.g",223.28,847.375444383005,656.897655590948,296.39,93.9,0,0,0,0,"pred"
"cnf20p7.wcnf","QMaxSAT2018",239.4,1023.69366140557,672.425496810683,372.15,93.9,0,0,0,0,"pred"
"cnf20p7.wcnf","Open.WBO.ms",122.82,1040.37041499664,648.392509897314,156.14,93.9,0,0,0,0,"pred"
"cnf20p7.wcnf","maxino2018",93.9,1058.84115237333,708.472403592582,119.59,93.9,0,0,0,0,"pred"
"cnf20p7.wcnf","MaxHS",559.11,1459.90310377606,859.170105462109,662.26,93.9,0,0,0,0,"pred"
