"InstanceName","Solver","SequentialRuntime","PredictedRuntime","Prediction_StandardError","ParallelRuntime","VBSRuntime","delta","delta_prime","alpha","method_number","orderBy"
"cnf_10_center.wcnf","Open.WBO.ms.pre",655.22,543.429787096952,497.260896009708,720.73,49.66,0,0,0,0,"pred"
"cnf_10_center.wcnf","Open.WBO.ms",1849.86,597.481644439256,568.173303895971,2589,49.66,0,0,0,0,"pred"
"cnf_10_center.wcnf","UWrMaxSat.1.0",49.66,653.600134593976,504.867516013037,53.76,49.66,0,0,0,0,"pred"
"cnf_10_center.wcnf","Open.WBO.g",3600,674.529624305191,503.659428967979,3600,49.66,0,0,0,0,"pred"
"cnf_10_center.wcnf","maxino2018",188.41,779.04847892883,580.018768988291,212.99,49.66,0,0,0,0,"pred"
"cnf_10_center.wcnf","QMaxSAT2018",1613.78,1272.63891151963,835.428252337022,2317.31,49.66,0,0,0,0,"pred"
"cnf_10_center.wcnf","MaxHS",3600,1626.55081312012,822.702201617535,3600,49.66,0,0,0,0,"pred"
