"InstanceName","Solver","SequentialRuntime","PredictedRuntime","Prediction_StandardError","ParallelRuntime","VBSRuntime","delta","delta_prime","alpha","method_number","orderBy"
"g2_n50e50_n58e61.wcnf","Open.WBO.ms.pre",10.24,895.722858097615,741.869369707784,10.1,9.91,0,0,0,0,"pred"
"g2_n50e50_n58e61.wcnf","Open.WBO.ms",13.48,899.905628221431,673.696314317687,13.51,9.91,0,0,0,0,"pred"
"g2_n50e50_n58e61.wcnf","UWrMaxSat.1.0",9.91,909.251288296175,385.368734082608,9.81,9.91,0,0,0,0,"pred"
"g2_n50e50_n58e61.wcnf","maxino2018",17.82,1017.30394200281,597.036578844801,18.02,9.91,0,0,0,0,"pred"
"g2_n50e50_n58e61.wcnf","Open.WBO.g",11.74,1059.43791033502,600.630239513366,11.68,9.91,0,0,0,0,"pred"
"g2_n50e50_n58e61.wcnf","MaxHS",1325.72,1178.43420718862,471.496661189916,2008.24,9.91,0,0,0,0,"pred"
"g2_n50e50_n58e61.wcnf","QMaxSAT2018",432.77,1818.55091358986,1034.16425437043,434.64,9.91,0,0,0,0,"pred"
