"InstanceName","Solver","SequentialRuntime","PredictedRuntime","Prediction_StandardError","ParallelRuntime","VBSRuntime","delta","delta_prime","alpha","method_number","orderBy"
"orb08-894-1058.wcnf","UWrMaxSat.1.0",10.96,663.784972307068,1291.21183001592,14.96,7.66,0,0,0,0,"pred"
"orb08-894-1058.wcnf","Open.WBO.ms.pre",64.58,807.56086345079,1315.90329435756,80.32,7.66,0,0,0,0,"pred"
"orb08-894-1058.wcnf","maxino2018",10.4,810.138495352791,1397.04578835776,14.26,7.66,0,0,0,0,"pred"
"orb08-894-1058.wcnf","Open.WBO.ms",120.26,948.101270870921,1208.88756612669,178.04,7.66,0,0,0,0,"pred"
"orb08-894-1058.wcnf","Open.WBO.g",10.28,971.087290936615,1225.47892805206,13.74,7.66,0,0,0,0,"pred"
"orb08-894-1058.wcnf","MaxHS",22.98,1157.67857984396,1236.89728671541,32.54,7.66,0,0,0,0,"pred"
"orb08-894-1058.wcnf","QMaxSAT2018",7.66,1479.57556702102,1563.02671448237,10.23,7.66,0,0,0,0,"pred"
