"InstanceName","Solver","SequentialRuntime","PredictedRuntime","Prediction_StandardError","ParallelRuntime","VBSRuntime","delta","delta_prime","alpha","method_number","orderBy"
"sat/20180321_110704973_p_cnf_320_1120.cnf","Sparrow2Riss.2018.fixfix",19.727,11.1147022988506,28.8017727973779,22.43,1.952,0,0,0,0,"pred"
"sat/20180321_110704973_p_cnf_320_1120.cnf","YalSAT",1.952,28.0149241379312,44.7695557884471,1.99,1.952,0,0,0,0,"pred"
"sat/20180321_110704973_p_cnf_320_1120.cnf","Maple_LCM_Scavel_fix2",5000,2560.56881494253,1594.85794165563,5000,1.952,0,0,0,0,"pred"
"sat/20180321_110704973_p_cnf_320_1120.cnf","Maple_LCM.BCrestart_M1",5000,2647.48632413793,2004.69818091109,5000,1.952,0,0,0,0,"pred"
"sat/20180321_110704973_p_cnf_320_1120.cnf","MapleCOMSPS_CHB_VSIDS_drup",5000,2652.02776091954,1381.80163833287,5000,1.952,0,0,0,0,"pred"
"sat/20180321_110704973_p_cnf_320_1120.cnf","Maple_LCM.BCrestart",5000,2672.07765862069,2087.03919945096,5000,1.952,0,0,0,0,"pred"
