"InstanceName","Solver","SequentialRuntime","PredictedRuntime","Prediction_StandardError","ParallelRuntime","VBSRuntime","delta","delta_prime","alpha","method_number","orderBy"
"sat/20180321_140823961_p_cnf_320_1120.cnf","Sparrow2Riss.2018.fixfix",0.169,2.13778965517235,2.18060376285182,0.14,0.045,0,0,0,0,"pred"
"sat/20180321_140823961_p_cnf_320_1120.cnf","YalSAT",0.045,5.05930574712646,11.7267442188712,0.05,0.045,0,0,0,0,"pred"
"sat/20180321_140823961_p_cnf_320_1120.cnf","Maple_CM_ordUIP.",5000,1821.10913218391,1527.38374316422,5000,0.045,0,0,0,0,"pred"
"sat/20180321_140823961_p_cnf_320_1120.cnf","Maple_CM",5000,2622.30952586207,1889.26360320711,5000,0.045,0,0,0,0,"pred"
"sat/20180321_140823961_p_cnf_320_1120.cnf","Maple_CM_ordUIP",5000,2735.20895172414,2170.70974420266,5000,0.045,0,0,0,0,"pred"
"sat/20180321_140823961_p_cnf_320_1120.cnf","Maple_LCM_Scavel_fix2",2903.419,3090.09466149425,1822.78193631882,5000,0.045,0,0,0,0,"pred"
