"InstanceName","Solver","SequentialRuntime","PredictedRuntime","Prediction_StandardError","ParallelRuntime","VBSRuntime","cores","ResultingTime"
"ft10-808-1090.wcnf","Open.WBO.ms.pre",153.33,179.790732323232,273.195399176075,173.43,20.1,1,"173.43"
"ft10-808-1090.wcnf","UWrMaxSat.1.0",47.08,197.811314297526,637.803761812974,49.39,20.1,2,"49.39"
"ft10-808-1090.wcnf","MaxHS",131.05,389.377753968254,718.994640807383,135.01,20.1,2,"Inf"
"ft10-808-1090.wcnf","maxino2018",54.77,360.892055555556,894.818367028167,57.11,20.1,1,"Inf"
"ft10-808-1090.wcnf","Open.WBO.g",43.82,447.441835061138,845.720201183818,45.61,20.1,1,"Inf"
"ft10-808-1090.wcnf","Open.WBO.ms",299.62,735.009654461279,658.377864312335,337.93,20.1,2,"Inf"
"ft10-808-1090.wcnf","QMaxSAT2018",20.1,1446.0816111441,1545.89951382793,21.56,20.1,1,"Inf"
