"InstanceName","Solver","SequentialRuntime","PredictedRuntime","Prediction_StandardError","ParallelRuntime","VBSRuntime","cores","ResultingTime"
"k50-23-49rnapre.wcnf","Open.WBO.ms.pre",39.56,612.286627446103,473.506538510096,39.64,0.54,1,"39.64"
"k50-23-49rnapre.wcnf","UWrMaxSat.1.0",0.54,795.432420312547,410.886513949685,0.54,0.54,1,"Inf"
"k50-23-49rnapre.wcnf","Open.WBO.ms",33.06,765.978576085668,561.195018534905,33.2,0.54,2,"33.2"
"k50-23-49rnapre.wcnf","maxino2018",45.01,915.645334479949,482.174380546405,44.28,0.54,2,"Inf"
"k50-23-49rnapre.wcnf","Open.WBO.g",28.25,926.937362377093,538.500531701765,28.36,0.54,1,"Inf"
"k50-23-49rnapre.wcnf","MaxHS",63.58,1155.06359447053,483.029246658794,63.86,0.54,2,"Inf"
"k50-23-49rnapre.wcnf","QMaxSAT2018",1.96,1354.2453834706,979.427429081133,1.96,0.54,1,"Inf"
