"InstanceName","Solver","SequentialRuntime","PredictedRuntime","Prediction_StandardError","ParallelRuntime","VBSRuntime","cores","ResultingTime"
"s38584_nan_explicit_19_0.wcnf","UWrMaxSat.1.0",46.28,122.644168364664,227.05018729287,54.31,36.28,1,"54.31"
"s38584_nan_explicit_19_0.wcnf","Open.WBO.ms.pre",85.98,201.261288994246,383.877852611672,91.86,36.28,2,"91.86"
"s38584_nan_explicit_19_0.wcnf","Open.WBO.ms",95.05,258.85034856672,492.317089357065,104.31,36.28,1,"Inf"
"s38584_nan_explicit_19_0.wcnf","Open.WBO.g",42.25,255.459262824391,512.027967388215,45.62,36.28,1,"Inf"
"s38584_nan_explicit_19_0.wcnf","maxino2018",36.28,257.665035722547,598.312080135228,41.45,36.28,2,"Inf"
"s38584_nan_explicit_19_0.wcnf","QMaxSAT2018",427.01,790.41462268311,1037.55444045312,539.3,36.28,2,"Inf"
"s38584_nan_explicit_19_0.wcnf","MaxHS",3600,2965.43688541782,1025.00744957715,3600,36.28,1,"Inf"
