"InstanceName","Solver","SequentialRuntime","PredictedRuntime","Prediction_StandardError","ParallelRuntime","VBSRuntime","delta","delta_prime","alpha","method_number","orderBy"
"sat/ACG-20-10p0.cnf","MapleCOMSPS_LRB_DRUP",454.228,2098.52969128352,1937.76467070833,607.85,454.228,0,0,0,5,"pred"
"sat/ACG-20-10p0.cnf","MapleCOMSPS_CHB_DRUP",733.486,2436.81308036399,1979.04665604296,998.58,454.228,0,0,0,5,"pred"
"sat/ACG-20-10p0.cnf","CHBR_glucose_tuned",1268.597,2597.12693649425,2010.19548724187,1314.38,454.228,0,0,0,5,"pred"
"sat/ACG-20-10p0.cnf","MapleGlucose",1849.308,2666.53460708812,1905.50633878676,2852.92,454.228,0,0,0,5,"pred"
"sat/ACG-20-10p0.cnf","GHackCOMSPS_DRUP",3027.194,2804.84142691571,2011.96114656406,4389.31,454.228,0,0,0,5,"pred"
"sat/ACG-20-10p0.cnf","glucose",1366.377,2818.26901743295,2006.22274372213,2237.72,454.228,0,0,0,5,"pred"
"sat/ACG-20-10p0.cnf","Glucose_nbSat",1240.939,2839.65809645594,2100.40714382842,1802.38,454.228,0,0,0,5,"pred"
"sat/ACG-20-10p0.cnf","Lingelingbbcmain",607.045,2859.98538534483,1985.00548716078,702.6,454.228,0,0,0,5,"pred"
