"InstanceName","Solver","SequentialRuntime","PredictedRuntime","Prediction_StandardError","ParallelRuntime","VBSRuntime","cores","ResultingTime"
"1knt_2knt_gwcnft.wcnf","UWrMaxSat.1.0",11.16,1648.17099904842,1106.17534541543,12.42,1.37,1,"12.42"
"1knt_2knt_gwcnft.wcnf","maxino2018",13.39,1853.56058820419,975.430475571611,15.57,1.37,2,"15.57"
"1knt_2knt_gwcnft.wcnf","QMaxSAT2018",1.37,1908.59044049771,1016.69019550143,1.38,1.37,3,"1.38"
"1knt_2knt_gwcnft.wcnf","Open.WBO.g",3.35,1976.42737243763,1117.86727811285,3.41,1.37,4,"3.41"
"1knt_2knt_gwcnft.wcnf","Open.WBO.ms",9.86,1990.22752840875,1226.22122692963,9.99,1.37,1,"Inf"
"1knt_2knt_gwcnft.wcnf","Open.WBO.ms.pre",121.24,2057.01654355945,1163.23870015027,124.34,1.37,2,"Inf"
"1knt_2knt_gwcnft.wcnf","MaxHS",19.18,2244.93247113209,826.387472832088,21.34,1.37,3,"Inf"
