"InstanceName","Solver","SequentialRuntime","PredictedRuntime","Prediction_StandardError","ParallelRuntime","VBSRuntime","cores","ResultingTime"
"b14_C-mbd14-0307.wcnf","UWrMaxSat.1.0",8.36,555.503309520239,570.295396311907,8.48,8.36,1,"8.48"
"b14_C-mbd14-0307.wcnf","Open.WBO.ms",33.3,570.627793666793,720.823824483546,33.98,8.36,2,"33.98"
"b14_C-mbd14-0307.wcnf","Open.WBO.ms.pre",132.61,597.939160358414,713.162539551245,133.89,8.36,3,"133.89"
"b14_C-mbd14-0307.wcnf","maxino2018",178.16,676.283768350883,675.802913687841,185.16,8.36,4,"185.16"
"b14_C-mbd14-0307.wcnf","Open.WBO.g",25.18,684.948143453169,857.833673848062,25.41,8.36,1,"Inf"
"b14_C-mbd14-0307.wcnf","MaxHS",122.29,1005.7169487086,798.421408815612,102.89,8.36,2,"Inf"
"b14_C-mbd14-0307.wcnf","QMaxSAT2018",401.29,1467.98665519501,1178.03060427587,423.09,8.36,3,"Inf"
