"InstanceName","Solver","SequentialRuntime","PredictedRuntime","Prediction_StandardError","ParallelRuntime","VBSRuntime","cores","ResultingTime"
"cnf18t9.wcnf","Open.WBO.ms.pre",70.68,571.120427259552,559.180415560765,78.72,5.26,1,"78.72"
"cnf18t9.wcnf","Open.WBO.ms",68.26,635.489988402947,651.190868156935,81,5.26,2,"81"
"cnf18t9.wcnf","maxino2018",11.61,689.37433704195,489.316676788843,13.49,5.26,3,"13.49"
"cnf18t9.wcnf","Open.WBO.g",17.4,740.559250890005,603.13290720921,20.45,5.26,4,"20.45"
"cnf18t9.wcnf","UWrMaxSat.1.0",5.26,754.086455832903,665.84285529711,6,5.26,1,"Inf"
"cnf18t9.wcnf","QMaxSAT2018",8.99,1065.05033443,723.065705415621,10.44,5.26,2,"Inf"
"cnf18t9.wcnf","MaxHS",42.06,1499.16466139099,726.551748313898,21.98,5.26,3,"Inf"
