"InstanceName","Solver","SequentialRuntime","PredictedRuntime","Prediction_StandardError","ParallelRuntime","VBSRuntime","cores","ResultingTime"
"s38584_nan_explicit_49_0.wcnf","Open.WBO.ms.pre",18.95,579.823720856997,522.818100081469,21.28,10.32,1,"21.28"
"s38584_nan_explicit_49_0.wcnf","UWrMaxSat.1.0",19.87,591.626031543934,440.836946671358,26.33,10.32,2,"26.33"
"s38584_nan_explicit_49_0.wcnf","Open.WBO.g",10.32,745.268531339365,651.128549170585,11.98,10.32,3,"11.98"
"s38584_nan_explicit_49_0.wcnf","maxino2018",14.82,758.32113089077,455.927212446556,20.34,10.32,4,"20.34"
"s38584_nan_explicit_49_0.wcnf","Open.WBO.ms",22.21,789.236803768429,516.636284349589,26.33,10.32,1,"Inf"
"s38584_nan_explicit_49_0.wcnf","QMaxSAT2018",13.2,1014.21808319307,685.145554016139,16.87,10.32,2,"Inf"
"s38584_nan_explicit_49_0.wcnf","MaxHS",253.04,2062.78423919867,777.74938735944,316.96,10.32,3,"Inf"
