"InstanceName","Solver","SequentialRuntime","PredictedRuntime","Prediction_StandardError","ParallelRuntime","VBSRuntime","cores","ResultingTime"
"TWComp_eil51tsp_N51.wcnf","MaxHS",1869.15,923.154190338617,584.166057129403,3600,270.25,1,"Inf"
"TWComp_eil51tsp_N51.wcnf","maxino2018",2364.68,1006.4179037111,417.340166310564,2828.9,270.25,2,"Inf"
"TWComp_eil51tsp_N51.wcnf","Open.WBO.ms.pre",796.02,1082.89780057904,430.370887625285,898.98,270.25,3,"898.98"
"TWComp_eil51tsp_N51.wcnf","UWrMaxSat.1.0",302.26,1086.15145898534,405.205074127253,340.12,270.25,4,"340.12"
"TWComp_eil51tsp_N51.wcnf","Open.WBO.ms",1165.04,1196.39173468921,442.358900731799,1332.6,270.25,1,"Inf"
"TWComp_eil51tsp_N51.wcnf","Open.WBO.g",3276.12,1394.41088904956,552.293970826567,3600,270.25,2,"Inf"
"TWComp_eil51tsp_N51.wcnf","QMaxSAT2018",270.25,2082.86937859097,747.074693788418,320.95,270.25,3,"Inf"
