"InstanceName","Solver","SequentialRuntime","PredictedRuntime","Prediction_StandardError","ParallelRuntime","VBSRuntime","delta","delta_prime","alpha","method_number","orderBy"
"spider_p20.pddl","Scorpion",1800,1696.60938052209,302.426360590128,1800,1800,0,0,0,5,"pred"
"spider_p20.pddl","Complementary1",1800,1731.02509036145,285.900965884421,1800,1800,0,0,0,5,"pred"
"spider_p20.pddl","FDMS1",1800,1733.08414156626,256.883664651489,1800,1800,0,0,0,5,"pred"
"spider_p20.pddl","DecStar",1800,1734.57225502008,225.20530709354,1800,1800,0,0,0,5,"pred"
"spider_p20.pddl","Metis2",1800,1739.25600702811,247.790062013122,1800,1800,0,0,0,5,"pred"
"spider_p20.pddl","Complementary2",1800,1743.69633433735,234.959940490118,1800,1800,0,0,0,5,"pred"
"spider_p20.pddl","Delfi2",1800,1743.70843072289,200.91527899666,1800,1800,0,0,0,5,"pred"
